// Generated by tools/fontgen.py from the BDF files in fonts/ - do not edit.
// Font licenses: see fonts/README.md.
#include "fonts.h"

static const uint8_t font_b10_bitmap[] = {
    0x00, 0xC0, 0xC0, 0xC0, 0xC0, 0xC0, 0xC0, 0x80, 0x80, 0x00, 0xC0, 0xC0, 0xD8, 0xD8, 0x90, 0x1B,
    0x00, 0x1B, 0x00, 0x1B, 0x00, 0x7F, 0x80, 0x36, 0x00, 0x36, 0x00, 0xFF, 0x00, 0x6C, 0x00, 0x6C,
    0x00, 0x6C, 0x00, 0x10, 0x7C, 0xD6, 0xD6, 0xD0, 0xF0, 0x78, 0x1C, 0x16, 0xD6, 0xD6, 0x7C, 0x10,
    0x10, 0x78, 0x40, 0xCC, 0xC0, 0xCD, 0x80, 0x79, 0x00, 0x03, 0x00, 0x06, 0x00, 0x04, 0x00, 0x0D,
    0xE0, 0x0B, 0x30, 0x1B, 0x30, 0x11, 0xE0, 0x38, 0x00, 0x6C, 0x00, 0x6C, 0x00, 0x38, 0x00, 0x73,
    0x00, 0xFB, 0x00, 0xCE, 0x00, 0xC6, 0x00, 0xCF, 0x00, 0x7D, 0x80, 0xC0, 0xC0, 0x80, 0x30, 0x60,
    0x60, 0xC0, 0xC0, 0xC0, 0xC0, 0xC0, 0xC0, 0xC0, 0xC0, 0x60, 0x60, 0x30, 0xC0, 0x60, 0x60, 0x30,
    0x30, 0x30, 0x30, 0x30, 0x30, 0x30, 0x30, 0x60, 0x60, 0xC0, 0x20, 0xF8, 0x70, 0xD8, 0x18, 0x18,
    0x18, 0xFF, 0x18, 0x18, 0x18, 0x60, 0x60, 0xC0, 0xE0, 0xC0, 0xC0, 0x10, 0x10, 0x30, 0x20, 0x20,
    0x60, 0x40, 0x40, 0xC0, 0x80, 0x80, 0x38, 0x6C, 0xC6, 0xC6, 0xC6, 0xC6, 0xC6, 0xC6, 0xC6, 0x6C,
    0x38, 0x30, 0xF0, 0x30, 0x30, 0x30, 0x30, 0x30, 0x30, 0x30, 0x30, 0x30, 0x7C, 0xC6, 0xC6, 0x06,
    0x0E, 0x0C, 0x18, 0x30, 0x60, 0xC0, 0xFE, 0x7C, 0xC6, 0xC6, 0x06, 0x06, 0x3C, 0x06, 0x06, 0xC6,
    0xC6, 0x7C, 0x06, 0x0E, 0x1E, 0x36, 0x66, 0xC6, 0xC6, 0xFF, 0x06, 0x06, 0x06, 0x7E, 0x60, 0x60,
    0xC0, 0xFC, 0x0E, 0x06, 0x06, 0xC6, 0xCC, 0x78, 0x3C, 0x66, 0x66, 0xC0, 0xDC, 0xE6, 0xC6, 0xC6,
    0xC6, 0xC6, 0x7C, 0xFE, 0x06, 0x0C, 0x0C, 0x18, 0x18, 0x30, 0x30, 0x60, 0x60, 0x60, 0x7C, 0xC6,
    0xC6, 0xC6, 0xC6, 0x7C, 0xC6, 0xC6, 0xC6, 0xC6, 0x7C, 0x7C, 0xC6, 0xC6, 0xC6, 0xC6, 0xC6, 0x7E,
    0x06, 0xC6, 0xCC, 0x78, 0xC0, 0xC0, 0x00, 0x00, 0x00, 0x00, 0xC0, 0xC0, 0x60, 0x60, 0x00, 0x00,
    0x00, 0x00, 0x60, 0x60, 0xC0, 0x1C, 0x70, 0xC0, 0x70, 0x1C, 0xFE, 0x00, 0xFE, 0xE0, 0x38, 0x0C,
    0x38, 0xE0, 0x7C, 0xC6, 0xC6, 0x06, 0x0C, 0x18, 0x30, 0x30, 0x00, 0x30, 0x30, 0x0F, 0x80, 0x38,
    0xE0, 0x70, 0x70, 0x66, 0xB0, 0xCD, 0x98, 0xD9, 0x98, 0xDB, 0x18, 0xDB, 0x30, 0xCE, 0xE0, 0x60,
    0x00, 0x31, 0x80, 0x1F, 0x00, 0x0C, 0x00, 0x0C, 0x00, 0x1E, 0x00, 0x12, 0x00, 0x33, 0x00, 0x33,
    0x00, 0x61, 0x80, 0x7F, 0x80, 0x61, 0x80, 0xC0, 0xC0, 0xC0, 0xC0, 0xFE, 0xC7, 0xC3, 0xC3, 0xC6,
    0xFC, 0xC6, 0xC3, 0xC3, 0xC7, 0xFE, 0x1F, 0x00, 0x7B, 0x80, 0x60, 0x80, 0xC0, 0x00, 0xC0, 0x00,
    0xC0, 0x00, 0xC0, 0x00, 0xC0, 0x00, 0x60, 0x80, 0x7B, 0x80, 0x1F, 0x00, 0xFC, 0x00, 0xC7, 0x00,
    0xC3, 0x00, 0xC1, 0x80, 0xC1, 0x80, 0xC1, 0x80, 0xC1, 0x80, 0xC1, 0x80, 0xC3, 0x00, 0xC7, 0x00,
    0xFC, 0x00, 0xFE, 0xC0, 0xC0, 0xC0, 0xC0, 0xFE, 0xC0, 0xC0, 0xC0, 0xC0, 0xFE, 0xFE, 0xC0, 0xC0,
    0xC0, 0xC0, 0xFC, 0xC0, 0xC0, 0xC0, 0xC0, 0xC0, 0x1F, 0x00, 0x7B, 0x80, 0x60, 0x80, 0xC0, 0x00,
    0xC0, 0x00, 0xC7, 0x80, 0xC1, 0x80, 0xC1, 0x80, 0x61, 0x80, 0x7B, 0x80, 0x1E, 0x80, 0xC3, 0xC3,
    0xC3, 0xC3, 0xC3, 0xFF, 0xC3, 0xC3, 0xC3, 0xC3, 0xC3, 0xC0, 0xC0, 0xC0, 0xC0, 0xC0, 0xC0, 0xC0,
    0xC0, 0xC0, 0xC0, 0xC0, 0x06, 0x06, 0x06, 0x06, 0x06, 0x06, 0x06, 0xC6, 0xC6, 0xEE, 0x7C, 0xC3,
    0x00, 0xC6, 0x00, 0xCC, 0x00, 0xD8, 0x00, 0xF0, 0x00, 0xF0, 0x00, 0xD8, 0x00, 0xCC, 0x00, 0xC6,
    0x00, 0xC3, 0x00, 0xC1, 0x80, 0xC0, 0xC0, 0xC0, 0xC0, 0xC0, 0xC0, 0xC0, 0xC0, 0xC0, 0xC0, 0xFE,
    0xC0, 0x60, 0xC0, 0x60, 0xE0, 0xE0, 0xE0, 0xE0, 0xF1, 0xE0, 0xD1, 0x60, 0xD1, 0x60, 0xDB, 0x60,
    0xCA, 0x60, 0xCE, 0x60, 0xC4, 0x60, 0xC1, 0x80, 0xE1, 0x80, 0xE1, 0x80, 0xD1, 0x80, 0xD9, 0x80,
    0xC9, 0x80, 0xCD, 0x80, 0xC5, 0x80, 0xC3, 0x80, 0xC3, 0x80, 0xC1, 0x80, 0x1E, 0x00, 0x73, 0x80,
    0x61, 0x80, 0xC0, 0xC0, 0xC0, 0xC0, 0xC0, 0xC0, 0xC0, 0xC0, 0xC0, 0xC0, 0x61, 0x80, 0x73, 0x80,
    0x1E, 0x00, 0xFE, 0xC7, 0xC3, 0xC3, 0xC7, 0xFE, 0xC0, 0xC0, 0xC0, 0xC0, 0xC0, 0x1E, 0x00, 0x73,
    0x80, 0x61, 0x80, 0xC0, 0xC0, 0xC0, 0xC0, 0xC0, 0xC0, 0xC0, 0xC0, 0xC6, 0xC0, 0x63, 0x80, 0x73,
    0x80, 0x1E, 0xC0, 0xFE, 0x00, 0xC7, 0x00, 0xC3, 0x00, 0xC3, 0x00, 0xC6, 0x00, 0xFE, 0x00, 0xC7,
    0x00, 0xC3, 0x00, 0xC3, 0x00, 0xC3, 0x00, 0xC1, 0x80, 0x7E, 0xE7, 0xC3, 0xE0, 0x78, 0x1E, 0x07,
    0x03, 0xC3, 0xEE, 0x7C, 0xFF, 0x18, 0x18, 0x18, 0x18, 0x18, 0x18, 0x18, 0x18, 0x18, 0x18, 0xC1,
    0x80, 0xC1, 0x80, 0xC1, 0x80, 0xC1, 0x80, 0xC1, 0x80, 0xC1, 0x80, 0xC1, 0x80, 0xC1, 0x80, 0xC1,
    0x80, 0x63, 0x00, 0x3E, 0x00, 0xC0, 0xC0, 0xC0, 0xC0, 0x61, 0x80, 0x61, 0x80, 0x73, 0x80, 0x33,
    0x00, 0x33, 0x00, 0x1E, 0x00, 0x1E, 0x00, 0x0C, 0x00, 0x0C, 0x00, 0xC3, 0x0C, 0xC3, 0x0C, 0xC3,
    0x0C, 0x67, 0x98, 0x64, 0x98, 0x64, 0x98, 0x6C, 0xD8, 0x2C, 0xD0, 0x38, 0x70, 0x18, 0x60, 0x18,
    0x60, 0xC1, 0x80, 0xC1, 0x80, 0x63, 0x00, 0x36, 0x00, 0x1C, 0x00, 0x1C, 0x00, 0x36, 0x00, 0x63,
    0x00, 0x63, 0x00, 0xC1, 0x80, 0xC1, 0x80, 0xC0, 0xC0, 0x61, 0x80, 0x61, 0x80, 0x33, 0x00, 0x33,
    0x00, 0x1E, 0x00, 0x1E, 0x00, 0x0C, 0x00, 0x0C, 0x00, 0x0C, 0x00, 0x0C, 0x00, 0xFF, 0x03, 0x06,
    0x0C, 0x1C, 0x18, 0x30, 0x70, 0x60, 0xC0, 0xFF, 0xF0, 0xC0, 0xC0, 0xC0, 0xC0, 0xC0, 0xC0, 0xC0,
    0xC0, 0xC0, 0xC0, 0xC0, 0xC0, 0xF0, 0x80, 0x80, 0xC0, 0x40, 0x40, 0x60, 0x20, 0x20, 0x30, 0x10,
    0x10, 0xF0, 0x30, 0x30, 0x30, 0x30, 0x30, 0x30, 0x30, 0x30, 0x30, 0x30, 0x30, 0x30, 0xF0, 0x30,
    0x78, 0x48, 0xCC, 0xCC, 0xFF, 0xC0, 0x60, 0x78, 0xCC, 0x0C, 0x7C, 0xCC, 0xCC, 0xDC, 0x76, 0xC0,
    0xC0, 0xC0, 0xD8, 0xEC, 0xC6, 0xC6, 0xC6, 0xC6, 0xEC, 0xD8, 0x38, 0x6C, 0xCC, 0xC0, 0xC0, 0xCC,
    0x6C, 0x38, 0x06, 0x06, 0x06, 0x36, 0x6E, 0xC6, 0xC6, 0xC6, 0xC6, 0x6E, 0x36, 0x78, 0xCC, 0xCC,
    0xFC, 0xC0, 0xC0, 0xEC, 0x78, 0x38, 0x60, 0x60, 0xF0, 0x60, 0x60, 0x60, 0x60, 0x60, 0x60, 0x60,
    0x3A, 0x6E, 0xC6, 0xC6, 0xC6, 0xC6, 0x6E, 0x36, 0x06, 0xCE, 0x7C, 0xC0, 0xC0, 0xC0, 0xDC, 0xEE,
    0xC6, 0xC6, 0xC6, 0xC6, 0xC6, 0xC6, 0xC0, 0xC0, 0x00, 0xC0, 0xC0, 0xC0, 0xC0, 0xC0, 0xC0, 0xC0,
    0xC0, 0x60, 0x60, 0x00, 0x60, 0x60, 0x60, 0x60, 0x60, 0x60, 0x60, 0x60, 0x60, 0xE0, 0xC0, 0xC0,
    0xC0, 0xC0, 0xCC, 0xD8, 0xF0, 0xF0, 0xD8, 0xD8, 0xCC, 0xCC, 0xC0, 0xC0, 0xC0, 0xC0, 0xC0, 0xC0,
    0xC0, 0xC0, 0xC0, 0xC0, 0xC0, 0xDB, 0x80, 0xEE, 0xC0, 0xCC, 0xC0, 0xCC, 0xC0, 0xCC, 0xC0, 0xCC,
    0xC0, 0xCC, 0xC0, 0xCC, 0xC0, 0xDC, 0xEE, 0xC6, 0xC6, 0xC6, 0xC6, 0xC6, 0xC6, 0x38, 0x6C, 0xC6,
    0xC6, 0xC6, 0xC6, 0x6C, 0x38, 0xD8, 0xEC, 0xC6, 0xC6, 0xC6, 0xC6, 0xEC, 0xD8, 0xC0, 0xC0, 0xC0,
    0x36, 0x6E, 0xC6, 0xC6, 0xC6, 0xC6, 0x6E, 0x36, 0x06, 0x06, 0x06, 0xD8, 0xF8, 0xC0, 0xC0, 0xC0,
    0xC0, 0xC0, 0xC0, 0x78, 0xCC, 0xE0, 0x78, 0x1C, 0x0C, 0xEC, 0x78, 0x60, 0x60, 0xF8, 0x60, 0x60,
    0x60, 0x60, 0x60, 0x68, 0x30, 0xC6, 0xC6, 0xC6, 0xC6, 0xC6, 0xC6, 0xEE, 0x76, 0xC3, 0xC3, 0x66,
    0x66, 0x24, 0x3C, 0x18, 0x18, 0xCC, 0xC0, 0xCC, 0xC0, 0xCC, 0xC0, 0x6D, 0x80, 0x6D, 0x80, 0x33,
    0x00, 0x33, 0x00, 0x33, 0x00, 0xC6, 0xC6, 0x6C, 0x38, 0x38, 0x6C, 0xC6, 0xC6, 0xC3, 0xC3, 0x66,
    0x66, 0x24, 0x3C, 0x18, 0x18, 0x18, 0x30, 0x70, 0xFC, 0x0C, 0x18, 0x30, 0x30, 0x60, 0xC0, 0xFC,
    0x18, 0x30, 0x30, 0x30, 0x30, 0x60, 0xC0, 0x60, 0x30, 0x30, 0x30, 0x30, 0x30, 0x18, 0x80, 0x80,
    0x80, 0x80, 0x80, 0x80, 0x80, 0x80, 0x80, 0x80, 0x80, 0x80, 0x80, 0x80, 0xC0, 0x60, 0x60, 0x60,
    0x60, 0x30, 0x18, 0x30, 0x60, 0x60, 0x60, 0x60, 0x60, 0xC0, 0x72, 0xDE, 0x8C, 0x00, 0xC0, 0xC0,
    0x00, 0x40, 0x40, 0xC0, 0xC0, 0xC0, 0xC0, 0xC0, 0xC0, 0x04, 0x3C, 0x6E, 0xC8, 0xD0, 0xD0, 0xE6,
    0x66, 0x7C, 0x40, 0x3C, 0x66, 0x66, 0x60, 0xFC, 0x30, 0x30, 0x30, 0x60, 0xFB, 0xDE, 0x82, 0x7C,
    0x6C, 0x6C, 0x6C, 0x7C, 0x82, 0xC3, 0xC3, 0xC3, 0x66, 0x66, 0x3C, 0x7E, 0x18, 0x7E, 0x18, 0x18,
    0x80, 0x80, 0x80, 0x80, 0x80, 0x80, 0x00, 0x00, 0x80, 0x80, 0x80, 0x80, 0x80, 0x80, 0x78, 0xCC,
    0xCC, 0xE0, 0x78, 0xDC, 0xCC, 0xCC, 0xEC, 0x78, 0x1C, 0xCC, 0xCC, 0x78, 0xD8, 0xD8, 0x1E, 0x00,
    0x61, 0x80, 0x4C, 0x80, 0xD2, 0xC0, 0x90, 0x40, 0x90, 0x40, 0x90, 0x40, 0x92, 0x40, 0x4C, 0x80,
    0x61, 0x80, 0x1E, 0x00, 0x70, 0x90, 0x70, 0xD0, 0xF8, 0x00, 0xF8, 0x36, 0x6C, 0xD8, 0x6C, 0x36,
    0xFE, 0xFE, 0x02, 0x02, 0xE0, 0x1E, 0x00, 0x61, 0x80, 0x5C, 0x80, 0x92, 0x40, 0x92, 0x40, 0x9C,
    0x40, 0x92, 0x40, 0x92, 0x40, 0x52, 0x80, 0x61, 0x80, 0x1E, 0x00, 0xF8, 0x60, 0x90, 0x90, 0x60,
    0x18, 0x18, 0x18, 0xFF, 0x18, 0x18, 0x18, 0x00, 0xFF, 0x60, 0xB0, 0x30, 0x60, 0xC0, 0xF0, 0x60,
    0xB0, 0x60, 0x30, 0xB0, 0x60, 0x60, 0xC0, 0xC6, 0xC6, 0xC6, 0xC6, 0xC6, 0xC6, 0xEE, 0xF6, 0xC0,
    0xC0, 0xC0, 0x3F, 0x7A, 0xFA, 0xFA, 0xFA, 0x7A, 0x3A, 0x0A, 0x0A, 0x0A, 0x0A, 0x0A, 0x0A, 0x0A,
    0xC0, 0xC0, 0x18, 0xD8, 0x70, 0x60, 0xE0, 0x60, 0x60, 0x60, 0x60, 0x70, 0xD8, 0xD8, 0xD8, 0x70,
    0x00, 0xF8, 0xD8, 0x6C, 0x36, 0x6C, 0xD8, 0x61, 0x80, 0xE1, 0x80, 0x63, 0x00, 0x63, 0x00, 0x66,
    0x00, 0x66, 0x20, 0x06, 0x60, 0x0C, 0xE0, 0x0D, 0x60, 0x19, 0xF0, 0x18, 0x60, 0x61, 0x80, 0xE1,
    0x80, 0x63, 0x00, 0x63, 0x00, 0x66, 0x00, 0x66, 0xC0, 0x07, 0x60, 0x0C, 0x60, 0x0C, 0xC0, 0x19,
    0x80, 0x19, 0xE0, 0x61, 0x80, 0xB1, 0x80, 0x63, 0x00, 0x33, 0x00, 0xB6, 0x00, 0x66, 0x20, 0x06,
    0x60, 0x0C, 0xE0, 0x0D, 0x60, 0x19, 0xF0, 0x18, 0x60, 0x18, 0x18, 0x00, 0x18, 0x18, 0x30, 0x60,
    0xC0, 0xC6, 0xC6, 0x7C, 0x18, 0x00, 0x0C, 0x00, 0x00, 0x00, 0x0C, 0x00, 0x0C, 0x00, 0x1E, 0x00,
    0x12, 0x00, 0x33, 0x00, 0x33, 0x00, 0x61, 0x80, 0x7F, 0x80, 0x61, 0x80, 0xC0, 0xC0, 0xC0, 0xC0,
    0x06, 0x00, 0x0C, 0x00, 0x00, 0x00, 0x0C, 0x00, 0x0C, 0x00, 0x1E, 0x00, 0x12, 0x00, 0x33, 0x00,
    0x33, 0x00, 0x61, 0x80, 0x7F, 0x80, 0x61, 0x80, 0xC0, 0xC0, 0xC0, 0xC0, 0x0E, 0x00, 0x1B, 0x00,
    0x00, 0x00, 0x0C, 0x00, 0x0C, 0x00, 0x1E, 0x00, 0x12, 0x00, 0x33, 0x00, 0x33, 0x00, 0x61, 0x80,
    0x7F, 0x80, 0x61, 0x80, 0xC0, 0xC0, 0xC0, 0xC0, 0x0D, 0x00, 0x16, 0x00, 0x00, 0x00, 0x0C, 0x00,
    0x0C, 0x00, 0x1E, 0x00, 0x12, 0x00, 0x33, 0x00, 0x33, 0x00, 0x61, 0x80, 0x7F, 0x80, 0x61, 0x80,
    0xC0, 0xC0, 0xC0, 0xC0, 0x33, 0x00, 0x33, 0x00, 0x00, 0x00, 0x0C, 0x00, 0x0C, 0x00, 0x1E, 0x00,
    0x12, 0x00, 0x33, 0x00, 0x33, 0x00, 0x61, 0x80, 0x7F, 0x80, 0x61, 0x80, 0xC0, 0xC0, 0xC0, 0xC0,
    0x0C, 0x00, 0x12, 0x00, 0x0C, 0x00, 0x0C, 0x00, 0x0C, 0x00, 0x1E, 0x00, 0x12, 0x00, 0x33, 0x00,
    0x33, 0x00, 0x61, 0x80, 0x7F, 0x80, 0x61, 0x80, 0xC0, 0xC0, 0xC0, 0xC0, 0x0F, 0xFC, 0x0F, 0x00,
    0x1B, 0x00, 0x13, 0x00, 0x33, 0x00, 0x33, 0xF8, 0x63, 0x00, 0x7F, 0x00, 0x63, 0x00, 0xC3, 0x00,
    0xC3, 0xFC, 0x1F, 0x00, 0x7B, 0x80, 0x60, 0x80, 0xC0, 0x00, 0xC0, 0x00, 0xC0, 0x00, 0xC0, 0x00,
    0xC0, 0x00, 0x60, 0x80, 0x7B, 0x80, 0x1F, 0x00, 0x06, 0x00, 0x36, 0x00, 0x1C, 0x00, 0x30, 0x18,
    0x00, 0xFE, 0xC0, 0xC0, 0xC0, 0xC0, 0xFE, 0xC0, 0xC0, 0xC0, 0xC0, 0xFE, 0x0C, 0x18, 0x00, 0xFE,
    0xC0, 0xC0, 0xC0, 0xC0, 0xFE, 0xC0, 0xC0, 0xC0, 0xC0, 0xFE, 0x1C, 0x36, 0x00, 0xFE, 0xC0, 0xC0,
    0xC0, 0xC0, 0xFE, 0xC0, 0xC0, 0xC0, 0xC0, 0xFE, 0x6C, 0x6C, 0x00, 0xFE, 0xC0, 0xC0, 0xC0, 0xC0,
    0xFE, 0xC0, 0xC0, 0xC0, 0xC0, 0xFE, 0xC0, 0x60, 0x00, 0x60, 0x60, 0x60, 0x60, 0x60, 0x60, 0x60,
    0x60, 0x60, 0x60, 0x60, 0x60, 0xC0, 0x00, 0xC0, 0xC0, 0xC0, 0xC0, 0xC0, 0xC0, 0xC0, 0xC0, 0xC0,
    0xC0, 0xC0, 0x70, 0xD8, 0x00, 0x60, 0x60, 0x60, 0x60, 0x60, 0x60, 0x60, 0x60, 0x60, 0x60, 0x60,
    0xD8, 0xD8, 0x00, 0x60, 0x60, 0x60, 0x60, 0x60, 0x60, 0x60, 0x60, 0x60, 0x60, 0x60, 0x7E, 0x00,
    0x63, 0x80, 0x61, 0x80, 0x60, 0xC0, 0x60, 0xC0, 0xF8, 0xC0, 0x60, 0xC0, 0x60, 0xC0, 0x61, 0x80,
    0x63, 0x80, 0x7E, 0x00, 0x1A, 0x00, 0x2C, 0x00, 0x00, 0x00, 0xC1, 0x80, 0xE1, 0x80, 0xE1, 0x80,
    0xD1, 0x80, 0xD9, 0x80, 0xC9, 0x80, 0xCD, 0x80, 0xC5, 0x80, 0xC3, 0x80, 0xC3, 0x80, 0xC1, 0x80,
    0x18, 0x00, 0x0C, 0x00, 0x00, 0x00, 0x1E, 0x00, 0x73, 0x80, 0x61, 0x80, 0xC0, 0xC0, 0xC0, 0xC0,
    0xC0, 0xC0, 0xC0, 0xC0, 0xC0, 0xC0, 0x61, 0x80, 0x73, 0x80, 0x1E, 0x00, 0x06, 0x00, 0x0C, 0x00,
    0x00, 0x00, 0x1E, 0x00, 0x73, 0x80, 0x61, 0x80, 0xC0, 0xC0, 0xC0, 0xC0, 0xC0, 0xC0, 0xC0, 0xC0,
    0xC0, 0xC0, 0x61, 0x80, 0x73, 0x80, 0x1E, 0x00, 0x0E, 0x00, 0x1B, 0x00, 0x00, 0x00, 0x1E, 0x00,
    0x73, 0x80, 0x61, 0x80, 0xC0, 0xC0, 0xC0, 0xC0, 0xC0, 0xC0, 0xC0, 0xC0, 0xC0, 0xC0, 0x61, 0x80,
    0x73, 0x80, 0x1E, 0x00, 0x0D, 0x00, 0x16, 0x00, 0x00, 0x00, 0x1E, 0x00, 0x73, 0x80, 0x61, 0x80,
    0xC0, 0xC0, 0xC0, 0xC0, 0xC0, 0xC0, 0xC0, 0xC0, 0xC0, 0xC0, 0x61, 0x80, 0x73, 0x80, 0x1E, 0x00,
    0x33, 0x00, 0x33, 0x00, 0x00, 0x00, 0x1E, 0x00, 0x73, 0x80, 0x61, 0x80, 0xC0, 0xC0, 0xC0, 0xC0,
    0xC0, 0xC0, 0xC0, 0xC0, 0xC0, 0xC0, 0x61, 0x80, 0x73, 0x80, 0x1E, 0x00, 0xC3, 0x66, 0x3C, 0x18,
    0x3C, 0x66, 0xC3, 0x0F, 0x30, 0x39, 0xE0, 0x30, 0xC0, 0x61, 0xE0, 0x63, 0x60, 0x66, 0x60, 0x6C,
    0x60, 0x78, 0x60, 0x30, 0xC0, 0x79, 0xC0, 0xCF, 0x00, 0x18, 0x00, 0x0C, 0x00, 0x00, 0x00, 0xC1,
    0x80, 0xC1, 0x80, 0xC1, 0x80, 0xC1, 0x80, 0xC1, 0x80, 0xC1, 0x80, 0xC1, 0x80, 0xC1, 0x80, 0xC1,
    0x80, 0x63, 0x00, 0x3E, 0x00, 0x06, 0x00, 0x0C, 0x00, 0x00, 0x00, 0xC1, 0x80, 0xC1, 0x80, 0xC1,
    0x80, 0xC1, 0x80, 0xC1, 0x80, 0xC1, 0x80, 0xC1, 0x80, 0xC1, 0x80, 0xC1, 0x80, 0x63, 0x00, 0x3E,
    0x00, 0x1C, 0x00, 0x36, 0x00, 0x00, 0x00, 0xC1, 0x80, 0xC1, 0x80, 0xC1, 0x80, 0xC1, 0x80, 0xC1,
    0x80, 0xC1, 0x80, 0xC1, 0x80, 0xC1, 0x80, 0xC1, 0x80, 0x63, 0x00, 0x3E, 0x00, 0x63, 0x00, 0x63,
    0x00, 0x00, 0x00, 0xC1, 0x80, 0xC1, 0x80, 0xC1, 0x80, 0xC1, 0x80, 0xC1, 0x80, 0xC1, 0x80, 0xC1,
    0x80, 0xC1, 0x80, 0xC1, 0x80, 0x63, 0x00, 0x3E, 0x00, 0x06, 0x00, 0x0C, 0x00, 0x00, 0x00, 0xC0,
    0xC0, 0x61, 0x80, 0x61, 0x80, 0x33, 0x00, 0x33, 0x00, 0x1E, 0x00, 0x1E, 0x00, 0x0C, 0x00, 0x0C,
    0x00, 0x0C, 0x00, 0x0C, 0x00, 0xC0, 0xC0, 0xFE, 0xC7, 0xC3, 0xC3, 0xC7, 0xFE, 0xC0, 0xC0, 0xC0,
    0x78, 0xCC, 0xCC, 0xCC, 0xD8, 0xD8, 0xCC, 0xCC, 0xCC, 0xCC, 0xD8, 0x30, 0x18, 0x00, 0x78, 0xCC,
    0x0C, 0x7C, 0xCC, 0xCC, 0xDC, 0x76, 0x18, 0x30, 0x00, 0x78, 0xCC, 0x0C, 0x7C, 0xCC, 0xCC, 0xDC,
    0x76, 0x38, 0x6C, 0x00, 0x78, 0xCC, 0x0C, 0x7C, 0xCC, 0xCC, 0xDC, 0x76, 0x34, 0x58, 0x00, 0x78,
    0xCC, 0x0C, 0x7C, 0xCC, 0xCC, 0xDC, 0x76, 0x6C, 0x6C, 0x00, 0x78, 0xCC, 0x0C, 0x7C, 0xCC, 0xCC,
    0xDC, 0x76, 0x30, 0x48, 0x30, 0x78, 0xCC, 0x0C, 0x7C, 0xCC, 0xCC, 0xDC, 0x76, 0x7B, 0xC0, 0xCE,
    0x60, 0x0C, 0x60, 0x7F, 0xE0, 0xCC, 0x00, 0xCC, 0x00, 0xDE, 0x60, 0x77, 0xC0, 0x3C, 0x66, 0xC6,
    0xC0, 0xC0, 0xC6, 0x66, 0x3C, 0x18, 0x58, 0x70, 0x60, 0x30, 0x00, 0x78, 0xCC, 0xCC, 0xFC, 0xC0,
    0xC0, 0xEC, 0x78, 0x18, 0x30, 0x00, 0x78, 0xCC, 0xCC, 0xFC, 0xC0, 0xC0, 0xEC, 0x78, 0x38, 0x6C,
    0x00, 0x78, 0xCC, 0xCC, 0xFC, 0xC0, 0xC0, 0xEC, 0x78, 0x6C, 0x6C, 0x00, 0x78, 0xCC, 0xCC, 0xFC,
    0xC0, 0xC0, 0xEC, 0x78, 0xC0, 0x60, 0x00, 0x60, 0x60, 0x60, 0x60, 0x60, 0x60, 0x60, 0x60, 0x60,
    0xC0, 0x00, 0xC0, 0xC0, 0xC0, 0xC0, 0xC0, 0xC0, 0xC0, 0xC0, 0x70, 0xD8, 0x00, 0x60, 0x60, 0x60,
    0x60, 0x60, 0x60, 0x60, 0x60, 0xD8, 0xD8, 0x00, 0x60, 0x60, 0x60, 0x60, 0x60, 0x60, 0x60, 0x60,
    0x6C, 0x38, 0x48, 0x3C, 0x6C, 0xC6, 0xC6, 0xC6, 0xC6, 0x6C, 0x38, 0x34, 0x58, 0x00, 0xDC, 0xEE,
    0xC6, 0xC6, 0xC6, 0xC6, 0xC6, 0xC6, 0x30, 0x18, 0x00, 0x38, 0x6C, 0xC6, 0xC6, 0xC6, 0xC6, 0x6C,
    0x38, 0x18, 0x30, 0x00, 0x38, 0x6C, 0xC6, 0xC6, 0xC6, 0xC6, 0x6C, 0x38, 0x38, 0x6C, 0x00, 0x38,
    0x6C, 0xC6, 0xC6, 0xC6, 0xC6, 0x6C, 0x38, 0x34, 0x58, 0x00, 0x38, 0x6C, 0xC6, 0xC6, 0xC6, 0xC6,
    0x6C, 0x38, 0x6C, 0x6C, 0x00, 0x38, 0x6C, 0xC6, 0xC6, 0xC6, 0xC6, 0x6C, 0x38, 0x18, 0x18, 0x00,
    0xFF, 0x00, 0x18, 0x18, 0x3A, 0x6C, 0xCE, 0xD6, 0xD6, 0xE6, 0x6C, 0xB8, 0x30, 0x18, 0x00, 0xC6,
    0xC6, 0xC6, 0xC6, 0xC6, 0xC6, 0xEE, 0x76, 0x0C, 0x18, 0x00, 0xC6, 0xC6, 0xC6, 0xC6, 0xC6, 0xC6,
    0xEE, 0x76, 0x38, 0x6C, 0x00, 0xC6, 0xC6, 0xC6, 0xC6, 0xC6, 0xC6, 0xEE, 0x76, 0x6C, 0x6C, 0x00,
    0xC6, 0xC6, 0xC6, 0xC6, 0xC6, 0xC6, 0xEE, 0x76, 0x0C, 0x18, 0x00, 0xC3, 0xC3, 0x66, 0x66, 0x24,
    0x3C, 0x18, 0x18, 0x18, 0x30, 0x70, 0xC0, 0xC0, 0xC0, 0xD8, 0xEC, 0xC6, 0xC6, 0xC6, 0xC6, 0xEC,
    0xD8, 0xC0, 0xC0, 0xC0, 0x36, 0x36, 0x00, 0xC3, 0xC3, 0x66, 0x66, 0x24, 0x3C, 0x18, 0x18, 0x18,
    0x30, 0x70, 0xFF, 0xFF, 0xFC, 0x60, 0xC0, 0xE0, 0xE0, 0x60, 0xC0, 0xE0, 0x60, 0xC0, 0x6C, 0xD8,
    0xFC, 0xFC, 0x6C, 0xD8, 0xFC, 0x6C, 0xD8, 0x60, 0xF0, 0xF0, 0x60, 0xC6, 0x30, 0xC6, 0x30, 0x0F,
    0x80, 0x3D, 0xC0, 0x30, 0x40, 0x60, 0x00, 0xFE, 0x00, 0x60, 0x00, 0xFE, 0x00, 0x60, 0x00, 0x30,
    0x40, 0x3D, 0xC0, 0x0F, 0x80,
};
static const FontGlyph font_b10_glyphs[] = {
    {0x0020, 0, 1, 1, 0, 1, 4},
    {0x0021, 1, 2, 11, 1, 11, 4},
    {0x0022, 12, 5, 3, 1, 11, 7},
    {0x0023, 15, 9, 10, 0, 10, 9},
    {0x0024, 35, 7, 14, 0, 12, 8},
    {0x0025, 49, 12, 11, 0, 11, 13},
    {0x0026, 71, 9, 10, 1, 10, 11},
    {0x0027, 91, 2, 3, 1, 11, 4},
    {0x0028, 94, 4, 14, 1, 11, 5},
    {0x0029, 108, 4, 14, 0, 11, 5},
    {0x002A, 122, 5, 4, 0, 11, 6},
    {0x002B, 126, 8, 7, 0, 8, 9},
    {0x002C, 133, 3, 3, 0, 2, 4},
    {0x002D, 136, 3, 1, 0, 5, 4},
    {0x002E, 137, 2, 2, 1, 2, 4},
    {0x002F, 139, 4, 11, 0, 11, 4},
    {0x0030, 150, 7, 11, 0, 11, 8},
    {0x0031, 161, 4, 11, 1, 11, 8},
    {0x0032, 172, 7, 11, 0, 11, 8},
    {0x0033, 183, 7, 11, 0, 11, 8},
    {0x0034, 194, 8, 11, 0, 11, 8},
    {0x0035, 205, 7, 11, 0, 11, 8},
    {0x0036, 216, 7, 11, 0, 11, 8},
    {0x0037, 227, 7, 11, 0, 11, 8},
    {0x0038, 238, 7, 11, 0, 11, 8},
    {0x0039, 249, 7, 11, 0, 11, 8},
    {0x003A, 260, 2, 8, 2, 8, 5},
    {0x003B, 268, 3, 9, 1, 8, 5},
    {0x003C, 277, 6, 5, 1, 7, 8},
    {0x003D, 282, 7, 3, 1, 6, 9},
    {0x003E, 285, 6, 5, 1, 7, 8},
    {0x003F, 290, 7, 11, 1, 11, 9},
    {0x0040, 301, 13, 12, 0, 11, 14},
    {0x0041, 325, 10, 11, 0, 11, 10},
    {0x0042, 347, 8, 11, 1, 11, 10},
    {0x0043, 358, 9, 11, 1, 11, 11},
    {0x0044, 380, 9, 11, 1, 11, 11},
    {0x0045, 402, 7, 11, 1, 11, 9},
    {0x0046, 413, 7, 11, 1, 11, 9},
    {0x0047, 424, 9, 11, 1, 11, 11},
    {0x0048, 446, 8, 11, 1, 11, 10},
    {0x0049, 457, 2, 11, 1, 11, 4},
    {0x004A, 468, 7, 11, 0, 11, 8},
    {0x004B, 479, 9, 11, 1, 11, 10},
    {0x004C, 501, 7, 11, 1, 11, 8},
    {0x004D, 512, 11, 11, 1, 11, 13},
    {0x004E, 534, 9, 11, 1, 11, 11},
    {0x004F, 556, 10, 11, 1, 11, 12},
    {0x0050, 578, 8, 11, 1, 11, 10},
    {0x0051, 589, 10, 11, 1, 11, 12},
    {0x0052, 611, 9, 11, 1, 11, 11},
    {0x0053, 633, 8, 11, 1, 11, 10},
    {0x0054, 644, 8, 11, 0, 11, 8},
    {0x0055, 655, 9, 11, 1, 11, 11},
    {0x0056, 677, 10, 11, 0, 11, 10},
    {0x0057, 699, 14, 11, 0, 11, 14},
    {0x0058, 721, 9, 11, 0, 11, 9},
    {0x0059, 743, 10, 11, 0, 11, 10},
    {0x005A, 765, 8, 11, 0, 11, 9},
    {0x005B, 776, 4, 14, 1, 11, 5},
    {0x005C, 790, 4, 11, 0, 11, 4},
    {0x005D, 801, 4, 14, 0, 11, 5},
    {0x005E, 815, 6, 5, 1, 11, 8},
    {0x005F, 820, 8, 1, 0, -2, 8},
    {0x0060, 821, 3, 2, 1, 11, 5},
    {0x0061, 823, 7, 8, 1, 8, 8},
    {0x0062, 831, 7, 11, 1, 11, 9},
    {0x0063, 842, 6, 8, 1, 8, 8},
    {0x0064, 850, 7, 11, 1, 11, 9},
    {0x0065, 861, 6, 8, 1, 8, 8},
    {0x0066, 869, 5, 11, 0, 11, 4},
    {0x0067, 880, 7, 11, 1, 8, 9},
    {0x0068, 891, 7, 11, 1, 11, 9},
    {0x0069, 902, 2, 11, 1, 11, 4},
    {0x006A, 913, 3, 14, 0, 11, 4},
    {0x006B, 927, 6, 11, 1, 11, 8},
    {0x006C, 938, 2, 11, 1, 11, 4},
    {0x006D, 949, 10, 8, 1, 8, 12},
    {0x006E, 965, 7, 8, 1, 8, 9},
    {0x006F, 973, 7, 8, 1, 8, 9},
    {0x0070, 981, 7, 11, 1, 8, 9},
    {0x0071, 992, 7, 11, 1, 8, 9},
    {0x0072, 1003, 5, 8, 1, 8, 6},
    {0x0073, 1011, 6, 8, 1, 8, 8},
    {0x0074, 1019, 5, 10, 0, 10, 5},
    {0x0075, 1029, 7, 8, 1, 8, 9},
    {0x0076, 1037, 8, 8, 0, 8, 8},
    {0x0077, 1045, 10, 8, 0, 8, 10},
    {0x0078, 1061, 7, 8, 0, 8, 7},
    {0x0079, 1069, 8, 11, 0, 8, 8},
    {0x007A, 1080, 6, 8, 0, 8, 6},
    {0x007B, 1088, 5, 14, 0, 11, 6},
    {0x007C, 1102, 1, 14, 2, 11, 4},
    {0x007D, 1116, 5, 14, 1, 11, 6},
    {0x007E, 1130, 7, 3, 1, 6, 9},
    {0x00A0, 1133, 1, 1, 0, 1, 4},
    {0x00A1, 1134, 2, 11, 1, 8, 4},
    {0x00A2, 1145, 7, 10, 0, 9, 8},
    {0x00A3, 1155, 8, 11, 0, 11, 8},
    {0x00A4, 1166, 7, 7, 0, 9, 8},
    {0x00A5, 1173, 8, 11, 0, 11, 9},
    {0x00A6, 1184, 1, 14, 2, 11, 4},
    {0x00A7, 1198, 6, 14, 1, 11, 8},
    {0x00A8, 1212, 5, 2, 0, 11, 5},
    {0x00A9, 1214, 10, 11, 1, 11, 12},
    {0x00AA, 1236, 5, 7, 0, 11, 6},
    {0x00AB, 1243, 7, 5, 1, 7, 9},
    {0x00AC, 1248, 7, 4, 1, 6, 9},
    {0x00AD, 1252, 3, 1, 0, 5, 4},
    {0x00AE, 1253, 10, 11, 1, 11, 12},
    {0x00AF, 1275, 5, 1, 0, 10, 5},
    {0x00B0, 1276, 4, 4, 1, 11, 6},
    {0x00B1, 1280, 8, 9, 0, 9, 9},
    {0x00B2, 1289, 4, 6, 0, 11, 5},
    {0x00B3, 1295, 4, 6, 0, 11, 5},
    {0x00B4, 1301, 3, 2, 1, 11, 5},
    {0x00B5, 1303, 7, 11, 1, 8, 9},
    {0x00B6, 1314, 8, 14, 0, 11, 8},
    {0x00B7, 1328, 2, 2, 1, 5, 4},
    {0x00B8, 1330, 5, 3, 0, 0, 5},
    {0x00B9, 1333, 3, 6, 0, 11, 4},
    {0x00BA, 1339, 5, 7, 0, 11, 6},
    {0x00BB, 1346, 7, 5, 1, 7, 9},
    {0x00BC, 1351, 12, 11, 0, 11, 12},
    {0x00BD, 1373, 11, 11, 0, 11, 12},
    {0x00BE, 1395, 12, 11, 0, 11, 12},
    {0x00BF, 1417, 7, 11, 1, 8, 9},
    {0x00C0, 1428, 10, 14, 0, 14, 10},
    {0x00C1, 1456, 10, 14, 0, 14, 10},
    {0x00C2, 1484, 10, 14, 0, 14, 10},
    {0x00C3, 1512, 10, 14, 0, 14, 10},
    {0x00C4, 1540, 10, 14, 0, 14, 10},
    {0x00C5, 1568, 10, 14, 0, 14, 10},
    {0x00C6, 1596, 14, 11, 0, 11, 15},
    {0x00C7, 1618, 9, 14, 1, 11, 11},
    {0x00C8, 1646, 7, 14, 1, 14, 9},
    {0x00C9, 1660, 7, 14, 1, 14, 9},
    {0x00CA, 1674, 7, 14, 1, 14, 9},
    {0x00CB, 1688, 7, 14, 1, 14, 9},
    {0x00CC, 1702, 3, 14, 0, 14, 4},
    {0x00CD, 1716, 3, 14, 1, 14, 4},
    {0x00CE, 1730, 5, 14, 0, 14, 4},
    {0x00CF, 1744, 5, 14, 0, 14, 4},
    {0x00D0, 1758, 10, 11, 0, 11, 11},
    {0x00D1, 1780, 9, 14, 1, 14, 11},
    {0x00D2, 1808, 10, 14, 1, 14, 12},
    {0x00D3, 1836, 10, 14, 1, 14, 12},
    {0x00D4, 1864, 10, 14, 1, 14, 12},
    {0x00D5, 1892, 10, 14, 1, 14, 12},
    {0x00D6, 1920, 10, 14, 1, 14, 12},
    {0x00D7, 1948, 8, 7, 0, 8, 9},
    {0x00D8, 1955, 12, 11, 0, 11, 12},
    {0x00D9, 1977, 9, 14, 1, 14, 11},
    {0x00DA, 2005, 9, 14, 1, 14, 11},
    {0x00DB, 2033, 9, 14, 1, 14, 11},
    {0x00DC, 2061, 9, 14, 1, 14, 11},
    {0x00DD, 2089, 10, 14, 0, 14, 10},
    {0x00DE, 2117, 8, 11, 1, 11, 10},
    {0x00DF, 2128, 6, 11, 1, 11, 8},
    {0x00E0, 2139, 7, 11, 1, 11, 8},
    {0x00E1, 2150, 7, 11, 1, 11, 8},
    {0x00E2, 2161, 7, 11, 1, 11, 8},
    {0x00E3, 2172, 7, 11, 1, 11, 8},
    {0x00E4, 2183, 7, 11, 1, 11, 8},
    {0x00E5, 2194, 7, 11, 1, 11, 8},
    {0x00E6, 2205, 11, 8, 1, 8, 13},
    {0x00E7, 2221, 7, 11, 1, 8, 9},
    {0x00E8, 2232, 6, 11, 1, 11, 8},
    {0x00E9, 2243, 6, 11, 1, 11, 8},
    {0x00EA, 2254, 6, 11, 1, 11, 8},
    {0x00EB, 2265, 6, 11, 1, 11, 8},
    {0x00EC, 2276, 3, 11, 0, 11, 4},
    {0x00ED, 2287, 3, 11, 1, 11, 4},
    {0x00EE, 2298, 5, 11, 0, 11, 4},
    {0x00EF, 2309, 5, 11, 0, 11, 4},
    {0x00F0, 2320, 7, 11, 1, 11, 9},
    {0x00F1, 2331, 7, 11, 1, 11, 9},
    {0x00F2, 2342, 7, 11, 1, 11, 9},
    {0x00F3, 2353, 7, 11, 1, 11, 9},
    {0x00F4, 2364, 7, 11, 1, 11, 9},
    {0x00F5, 2375, 7, 11, 1, 11, 9},
    {0x00F6, 2386, 7, 11, 1, 11, 9},
    {0x00F7, 2397, 8, 7, 0, 8, 9},
    {0x00F8, 2404, 7, 8, 1, 8, 9},
    {0x00F9, 2412, 7, 11, 1, 11, 9},
    {0x00FA, 2423, 7, 11, 1, 11, 9},
    {0x00FB, 2434, 7, 11, 1, 11, 9},
    {0x00FC, 2445, 7, 11, 1, 11, 9},
    {0x00FD, 2456, 8, 14, 0, 11, 8},
    {0x00FE, 2470, 7, 14, 1, 11, 9},
    {0x00FF, 2484, 8, 14, 0, 11, 8},
    {0x2013, 2498, 8, 1, 0, 5, 8},
    {0x2014, 2499, 14, 1, 0, 5, 14},
    {0x2018, 2501, 3, 3, 1, 11, 5},
    {0x2019, 2504, 3, 3, 1, 11, 5},
    {0x201A, 2507, 3, 3, 1, 1, 4},
    {0x201C, 2510, 6, 3, 0, 11, 7},
    {0x201D, 2513, 6, 3, 1, 11, 7},
    {0x201E, 2516, 6, 3, 1, 1, 7},
    {0x2022, 2519, 4, 4, 1, 6, 6},
    {0x2026, 2523, 12, 2, 2, 2, 15},
    {0x20AC, 2527, 10, 11, 0, 11, 11},
};
const Font FONT_B10 = {font_b10_glyphs, 202, font_b10_bitmap, 13, 3};

static const uint8_t font_b12_bitmap[] = {
    0x00, 0xC0, 0xC0, 0xC0, 0xC0, 0xC0, 0xC0, 0x80, 0x80, 0x80, 0x00, 0xC0, 0xC0, 0xD8, 0xD8, 0xD8,
    0x48, 0x1B, 0x00, 0x1B, 0x00, 0x1B, 0x00, 0x7F, 0x80, 0x7F, 0x80, 0x36, 0x00, 0x36, 0x00, 0xFF,
    0x00, 0xFF, 0x00, 0x6C, 0x00, 0x6C, 0x00, 0x6C, 0x00, 0x10, 0x7C, 0xFE, 0xD6, 0xD0, 0xF0, 0x78,
    0x3C, 0x1E, 0x16, 0xD6, 0xFE, 0x7C, 0x10, 0x30, 0x40, 0x78, 0x80, 0xCC, 0x80, 0xCD, 0x00, 0x79,
    0x00, 0x32, 0x00, 0x02, 0x60, 0x04, 0xF0, 0x05, 0x98, 0x09, 0x98, 0x08, 0xF0, 0x10, 0x60, 0x3C,
    0x00, 0x7E, 0x00, 0x66, 0x00, 0x66, 0x00, 0x3C, 0x00, 0x38, 0xC0, 0x7D, 0xC0, 0xCF, 0x80, 0xC7,
    0x00, 0xC7, 0x00, 0x7F, 0x80, 0x39, 0xC0, 0xC0, 0xC0, 0xC0, 0x40, 0x30, 0x70, 0x60, 0xC0, 0xC0,
    0xC0, 0xC0, 0xC0, 0xC0, 0xC0, 0xC0, 0xC0, 0x60, 0x70, 0x30, 0xC0, 0xE0, 0x60, 0x30, 0x30, 0x30,
    0x30, 0x30, 0x30, 0x30, 0x30, 0x30, 0x60, 0xE0, 0xC0, 0x20, 0xA8, 0x70, 0x70, 0x88, 0x18, 0x18,
    0x18, 0xFF, 0xFF, 0x18, 0x18, 0x18, 0xC0, 0xC0, 0x40, 0x40, 0x80, 0xF0, 0xF0, 0xC0, 0xC0, 0x10,
    0x10, 0x30, 0x20, 0x20, 0x60, 0x40, 0x40, 0xC0, 0x80, 0x80, 0x80, 0x3C, 0x7E, 0xE7, 0xC3, 0xC3,
    0xC3, 0xC3, 0xC3, 0xC3, 0xE7, 0x7E, 0x3C, 0x08, 0x18, 0xF8, 0xF8, 0x18, 0x18, 0x18, 0x18, 0x18,
    0x18, 0x18, 0x18, 0x3C, 0x7E, 0xE7, 0xC3, 0xC3, 0x07, 0x0E, 0x1C, 0x38, 0x70, 0xFF, 0xFF, 0x3C,
    0x7E, 0xE7, 0xC3, 0x07, 0x1E, 0x1E, 0x07, 0xC3, 0xE7, 0x7E, 0x3C, 0x0E, 0x1E, 0x36, 0x36, 0x66,
    0x66, 0xC6, 0xFF, 0xFF, 0x06, 0x06, 0x06, 0x3F, 0x3F, 0x30, 0x30, 0x7C, 0x7E, 0x47, 0x03, 0x03,
    0xE7, 0x7E, 0x3C, 0x3C, 0x7E, 0xE7, 0xC0, 0xDC, 0xFE, 0xE7, 0xC3, 0xC3, 0xE7, 0x7E, 0x3C, 0xFF,
    0xFF, 0x06, 0x06, 0x0C, 0x0C, 0x18, 0x18, 0x18, 0x30, 0x30, 0x30, 0x3C, 0x7E, 0xE7, 0xC3, 0x66,
    0x3C, 0x7E, 0xE7, 0xC3, 0xE7, 0x7E, 0x3C, 0x3C, 0x7E, 0xE7, 0xC3, 0xC3, 0xE7, 0x7F, 0x3B, 0x03,
    0xE7, 0x7E, 0x3C, 0xC0, 0xC0, 0x00, 0x00, 0x00, 0x00, 0xC0, 0xC0, 0xC0, 0xC0, 0x00, 0x00, 0x00,
    0x00, 0xC0, 0xC0, 0x40, 0x40, 0x80, 0x03, 0x0F, 0x3C, 0xE0, 0xE0, 0x3C, 0x0F, 0x03, 0xFF, 0xFF,
    0x00, 0x00, 0xFF, 0xFF, 0xC0, 0xF0, 0x3C, 0x07, 0x07, 0x3C, 0xF0, 0xC0, 0x7C, 0xFE, 0xC6, 0xC6,
    0x06, 0x0E, 0x0C, 0x18, 0x18, 0x00, 0x18, 0x18, 0x0F, 0xC0, 0x38, 0x60, 0x60, 0x10, 0x47, 0xD8,
    0xCC, 0x48, 0x88, 0xC8, 0x98, 0xC8, 0x98, 0x88, 0x99, 0x98, 0xC9, 0x90, 0x46, 0x60, 0x60, 0x00,
    0x38, 0xC0, 0x0F, 0x80, 0x0E, 0x00, 0x0E, 0x00, 0x1F, 0x00, 0x1B, 0x00, 0x3B, 0x80, 0x31, 0x80,
    0x71, 0xC0, 0x60, 0xC0, 0x7F, 0xC0, 0xFF, 0xE0, 0xC0, 0x60, 0xC0, 0x60, 0xFE, 0x00, 0xFF, 0x00,
    0xC3, 0x80, 0xC1, 0x80, 0xC3, 0x80, 0xFF, 0x00, 0xFF, 0x00, 0xC3, 0x80, 0xC1, 0x80, 0xC3, 0x80,
    0xFF, 0x00, 0xFE, 0x00, 0x1F, 0x00, 0x3F, 0x80, 0x71, 0xC0, 0x60, 0xC0, 0xE0, 0x00, 0xC0, 0x00,
    0xC0, 0x00, 0xE0, 0x00, 0x60, 0xC0, 0x71, 0xC0, 0x3F, 0x80, 0x1F, 0x00, 0xFC, 0x00, 0xFF, 0x00,
    0xC3, 0x80, 0xC1, 0x80, 0xC1, 0xC0, 0xC0, 0xC0, 0xC0, 0xC0, 0xC1, 0xC0, 0xC1, 0x80, 0xC3, 0x80,
    0xFF, 0x00, 0xFC, 0x00, 0xFF, 0xFF, 0xC0, 0xC0, 0xC0, 0xFE, 0xFE, 0xC0, 0xC0, 0xC0, 0xFF, 0xFF,
    0xFF, 0xFF, 0xC0, 0xC0, 0xC0, 0xFE, 0xFE, 0xC0, 0xC0, 0xC0, 0xC0, 0xC0, 0x1F, 0x00, 0x3F, 0x80,
    0x71, 0xC0, 0x60, 0xC0, 0xE0, 0x00, 0xC0, 0x00, 0xC3, 0xC0, 0xE3, 0xC0, 0x60, 0xC0, 0x71, 0xC0,
    0x3F, 0xC0, 0x1E, 0xC0, 0xC0, 0xC0, 0xC0, 0xC0, 0xC0, 0xC0, 0xC0, 0xC0, 0xFF, 0xC0, 0xFF, 0xC0,
    0xC0, 0xC0, 0xC0, 0xC0, 0xC0, 0xC0, 0xC0, 0xC0, 0xC0, 0xC0, 0xC0, 0xC0, 0xC0, 0xC0, 0xC0, 0xC0,
    0xC0, 0xC0, 0xC0, 0xC0, 0xC0, 0xC0, 0xC0, 0xC0, 0x06, 0x06, 0x06, 0x06, 0x06, 0x06, 0x06, 0x06,
    0xC6, 0xC6, 0xFE, 0x7C, 0xC1, 0xC0, 0xC3, 0x80, 0xC7, 0x00, 0xCE, 0x00, 0xDC, 0x00, 0xF8, 0x00,
    0xFC, 0x00, 0xCE, 0x00, 0xC7, 0x00, 0xC3, 0x80, 0xC1, 0xC0, 0xC0, 0xE0, 0xC0, 0xC0, 0xC0, 0xC0,
    0xC0, 0xC0, 0xC0, 0xC0, 0xC0, 0xC0, 0xFF, 0xFF, 0xE0, 0xE0, 0xE0, 0xE0, 0xE0, 0xE0, 0xF1, 0xE0,
    0xF1, 0xE0, 0xD1, 0x60, 0xDB, 0x60, 0xDB, 0x60, 0xCA, 0x60, 0xCE, 0x60, 0xCE, 0x60, 0xC4, 0x60,
    0xE0, 0xC0, 0xF0, 0xC0, 0xF0, 0xC0, 0xD8, 0xC0, 0xD8, 0xC0, 0xCC, 0xC0, 0xCC, 0xC0, 0xC6, 0xC0,
    0xC6, 0xC0, 0xC3, 0xC0, 0xC3, 0xC0, 0xC1, 0xC0, 0x1F, 0x00, 0x3F, 0x80, 0x71, 0xC0, 0x60, 0xC0,
    0xE0, 0xE0, 0xC0, 0x60, 0xC0, 0x60, 0xE0, 0xE0, 0x60, 0xC0, 0x71, 0xC0, 0x3F, 0x80, 0x1F, 0x00,
    0xFE, 0x00, 0xFF, 0x00, 0xC3, 0x80, 0xC1, 0x80, 0xC1, 0x80, 0xC3, 0x80, 0xFF, 0x00, 0xFE, 0x00,
    0xC0, 0x00, 0xC0, 0x00, 0xC0, 0x00, 0xC0, 0x00, 0x1F, 0x00, 0x3F, 0x80, 0x71, 0xC0, 0x60, 0xC0,
    0xE0, 0xE0, 0xC0, 0x60, 0xC0, 0x60, 0xE2, 0x60, 0x67, 0xC0, 0x73, 0xC0, 0x3F, 0x80, 0x1F, 0xC0,
    0x00, 0x80, 0xFF, 0x00, 0xFF, 0x80, 0xC1, 0x80, 0xC1, 0x80, 0xC3, 0x80, 0xFF, 0x00, 0xFF, 0x00,
    0xC3, 0x80, 0xC1, 0x80, 0xC1, 0x80, 0xC1, 0xC0, 0xC1, 0xC0, 0x3E, 0x00, 0x7F, 0x00, 0xE3, 0x80,
    0xC1, 0x80, 0xF0, 0x00, 0x7E, 0x00, 0x1F, 0x00, 0x03, 0x80, 0xC1, 0x80, 0xE3, 0x80, 0x7F, 0x00,
    0x3E, 0x00, 0xFF, 0xC0, 0xFF, 0xC0, 0x0C, 0x00, 0x0C, 0x00, 0x0C, 0x00, 0x0C, 0x00, 0x0C, 0x00,
    0x0C, 0x00, 0x0C, 0x00, 0x0C, 0x00, 0x0C, 0x00, 0x0C, 0x00, 0xC0, 0xC0, 0xC0, 0xC0, 0xC0, 0xC0,
    0xC0, 0xC0, 0xC0, 0xC0, 0xC0, 0xC0, 0xC0, 0xC0, 0xC0, 0xC0, 0xC0, 0xC0, 0xE1, 0xC0, 0x7F, 0x80,
    0x3F, 0x00, 0xC0, 0xC0, 0xC0, 0xC0, 0x61, 0x80, 0x61, 0x80, 0x61, 0x80, 0x33, 0x00, 0x33, 0x00,
    0x33, 0x00, 0x1E, 0x00, 0x1E, 0x00, 0x0C, 0x00, 0x0C, 0x00, 0xC3, 0x0C, 0xC3, 0x0C, 0xC3, 0x0C,
    0x63, 0x18, 0x67, 0x98, 0x67, 0x98, 0x34, 0xB0, 0x3C, 0xF0, 0x3C, 0xF0, 0x18, 0x60, 0x18, 0x60,
    0x18, 0x60, 0xC1, 0x80, 0xE3, 0x80, 0x63, 0x00, 0x36, 0x00, 0x3E, 0x00, 0x1C, 0x00, 0x1C, 0x00,
    0x3E, 0x00, 0x36, 0x00, 0x63, 0x00, 0xE3, 0x80, 0xC1, 0x80, 0xC0, 0xC0, 0xE1, 0xC0, 0x61, 0x80,
    0x33, 0x00, 0x33, 0x00, 0x1E, 0x00, 0x1E, 0x00, 0x0C, 0x00, 0x0C, 0x00, 0x0C, 0x00, 0x0C, 0x00,
    0x0C, 0x00, 0xFF, 0xFF, 0x07, 0x06, 0x0C, 0x1C, 0x38, 0x30, 0x60, 0xE0, 0xFF, 0xFF, 0xF0, 0xF0,
    0xC0, 0xC0, 0xC0, 0xC0, 0xC0, 0xC0, 0xC0, 0xC0, 0xC0, 0xC0, 0xC0, 0xF0, 0xF0, 0x80, 0x80, 0xC0,
    0x40, 0x40, 0x60, 0x20, 0x20, 0x30, 0x10, 0x10, 0x10, 0xF0, 0xF0, 0x30, 0x30, 0x30, 0x30, 0x30,
    0x30, 0x30, 0x30, 0x30, 0x30, 0x30, 0xF0, 0xF0, 0x18, 0x18, 0x3C, 0x66, 0x66, 0xC3, 0xC3, 0xFF,
    0x80, 0x80, 0xC0, 0x20, 0x7C, 0xFE, 0xC6, 0x0E, 0x7E, 0xE6, 0xC6, 0xFE, 0x77, 0xC0, 0xC0, 0xC0,
    0xDC, 0xFE, 0xE7, 0xC3, 0xC3, 0xC3, 0xE7, 0xFE, 0xDC, 0x3C, 0x7E, 0xE7, 0xC0, 0xC0, 0xC0, 0xE7,
    0x7E, 0x3C, 0x03, 0x03, 0x03, 0x3F, 0x7F, 0xE7, 0xC3, 0xC3, 0xC3, 0xE7, 0x7F, 0x3B, 0x3C, 0x7E,
    0xC3, 0xFF, 0xFF, 0xC0, 0xE7, 0x7E, 0x3C, 0x30, 0x70, 0x60, 0xF0, 0xF0, 0x60, 0x60, 0x60, 0x60,
    0x60, 0x60, 0x60, 0x3B, 0x7F, 0xE7, 0xC3, 0xC3, 0xC3, 0xE7, 0x7F, 0x3B, 0x03, 0xE7, 0x7E, 0x3C,
    0xC0, 0xC0, 0xC0, 0xDE, 0xFF, 0xE3, 0xC3, 0xC3, 0xC3, 0xC3, 0xC3, 0xC3, 0xC0, 0xC0, 0x00, 0xC0,
    0xC0, 0xC0, 0xC0, 0xC0, 0xC0, 0xC0, 0xC0, 0xC0, 0x60, 0x60, 0x00, 0x60, 0x60, 0x60, 0x60, 0x60,
    0x60, 0x60, 0x60, 0x60, 0x60, 0x60, 0xE0, 0xC0, 0xC0, 0xC0, 0xC0, 0xC7, 0xCE, 0xDC, 0xF8, 0xFC,
    0xEC, 0xCE, 0xC6, 0xC7, 0xC0, 0xC0, 0xC0, 0xC0, 0xC0, 0xC0, 0xC0, 0xC0, 0xC0, 0xC0, 0xC0, 0xC0,
    0xDE, 0xE0, 0xFF, 0xF0, 0xE7, 0x30, 0xC6, 0x30, 0xC6, 0x30, 0xC6, 0x30, 0xC6, 0x30, 0xC6, 0x30,
    0xC6, 0x30, 0xDE, 0xFF, 0xE3, 0xC3, 0xC3, 0xC3, 0xC3, 0xC3, 0xC3, 0x3C, 0x7E, 0xE7, 0xC3, 0xC3,
    0xC3, 0xE7, 0x7E, 0x3C, 0xDC, 0xFE, 0xE7, 0xC3, 0xC3, 0xC3, 0xE7, 0xFE, 0xDC, 0xC0, 0xC0, 0xC0,
    0xC0, 0x3B, 0x7F, 0xE7, 0xC3, 0xC3, 0xC3, 0xE7, 0x7F, 0x3B, 0x03, 0x03, 0x03, 0x03, 0xD8, 0xF8,
    0xE0, 0xC0, 0xC0, 0xC0, 0xC0, 0xC0, 0xC0, 0x7C, 0xFE, 0xC6, 0xF0, 0x7C, 0x0E, 0xC6, 0xFE, 0x7C,
    0x60, 0x60, 0xF0, 0xF0, 0x60, 0x60, 0x60, 0x60, 0x60, 0x70, 0x30, 0xC3, 0xC3, 0xC3, 0xC3, 0xC3,
    0xC3, 0xC7, 0xFF, 0x7B, 0xC3, 0xC3, 0x66, 0x66, 0x66, 0x3C, 0x3C, 0x18, 0x18, 0xC6, 0x30, 0xC6,
    0x30, 0x66, 0x60, 0x66, 0x60, 0x6F, 0x60, 0x3F, 0xC0, 0x39, 0xC0, 0x19, 0x80, 0x19, 0x80, 0xC6,
    0xC6, 0x6C, 0x7C, 0x38, 0x7C, 0x6C, 0xC6, 0xC6, 0xC3, 0xC3, 0x63, 0x66, 0x36, 0x36, 0x3C, 0x1C,
    0x18, 0x18, 0x18, 0x70, 0x60, 0xFE, 0xFE, 0x0E, 0x1C, 0x18, 0x38, 0x70, 0xFE, 0xFE, 0x30, 0x70,
    0x60, 0x60, 0x60, 0x60, 0x60, 0xC0, 0x60, 0x60, 0x60, 0x60, 0x60, 0x70, 0x30, 0x80, 0x80, 0x80,
    0x80, 0x80, 0x80, 0x80, 0x80, 0x80, 0x80, 0x80, 0x80, 0x80, 0x80, 0x80, 0x80, 0xC0, 0xE0, 0x60,
    0x60, 0x60, 0x60, 0x60, 0x30, 0x60, 0x60, 0x60, 0x60, 0x60, 0xE0, 0xC0, 0x71, 0x99, 0x8E, 0x00,
    0xC0, 0xC0, 0x00, 0x40, 0x40, 0x40, 0xC0, 0xC0, 0xC0, 0xC0, 0xC0, 0xC0, 0x04, 0x3C, 0x7E, 0xEF,
    0xC8, 0xD8, 0xD0, 0xF7, 0x7E, 0x3C, 0x20, 0x1C, 0x3E, 0x63, 0x63, 0x60, 0x30, 0x7C, 0x30, 0x30,
    0x20, 0x7F, 0xFF, 0xBA, 0x7C, 0xC6, 0xC6, 0xC6, 0x7C, 0xBA, 0xC3, 0xC3, 0x66, 0x66, 0x3C, 0x18,
    0x7E, 0x18, 0x7E, 0x18, 0x18, 0x18, 0x80, 0x80, 0x80, 0x80, 0x80, 0x80, 0x80, 0x00, 0x00, 0x80,
    0x80, 0x80, 0x80, 0x80, 0x80, 0x80, 0x3C, 0x7E, 0x66, 0x60, 0x78, 0x7E, 0xC7, 0xC3, 0xF3, 0x7E,
    0x1E, 0x06, 0x66, 0x7E, 0x3C, 0xD8, 0xD8, 0x0F, 0x00, 0x39, 0xC0, 0x60, 0x60, 0x4F, 0x20, 0xD9,
    0xB0, 0x90, 0x10, 0x90, 0x10, 0xD9, 0xB0, 0x4F, 0x20, 0x60, 0x20, 0x39, 0xC0, 0x0F, 0x00, 0x60,
    0x90, 0x70, 0x90, 0x78, 0x00, 0xF8, 0x33, 0x66, 0xCC, 0xCC, 0x66, 0x33, 0xFF, 0xFF, 0x03, 0x03,
    0x03, 0xF0, 0xF0, 0x0F, 0x00, 0x39, 0xC0, 0x60, 0x60, 0x5F, 0x20, 0xD9, 0xB0, 0x99, 0x90, 0x9E,
    0x10, 0xDB, 0x30, 0x5B, 0x20, 0x60, 0x60, 0x39, 0xC0, 0x0F, 0x00, 0xF8, 0x60, 0x90, 0x90, 0x90,
    0x60, 0x18, 0x18, 0x18, 0xFF, 0xFF, 0x18, 0x18, 0x18, 0x00, 0xFF, 0xFF, 0x70, 0xD8, 0xD8, 0x30,
    0x60, 0xF8, 0xF8, 0x70, 0xD8, 0x18, 0x30, 0x18, 0xD8, 0x70, 0x20, 0x60, 0x80, 0xC3, 0xC3, 0xC3,
    0xC3, 0xC3, 0xC3, 0xC7, 0xFF, 0xFB, 0xC0, 0xC0, 0xC0, 0x7F, 0xF2, 0xF2, 0xF2, 0xF2, 0xF2, 0x72,
    0x12, 0x12, 0x12, 0x12, 0x12, 0x12, 0x12, 0x12, 0xC0, 0xC0, 0x20, 0x30, 0x98, 0x70, 0x30, 0xF0,
    0xF0, 0x30, 0x30, 0x30, 0x30, 0x70, 0xD8, 0x88, 0xD8, 0x70, 0x00, 0xF8, 0xCC, 0x66, 0x33, 0x33,
    0x66, 0xCC, 0x30, 0xC0, 0xF0, 0x80, 0xF1, 0x80, 0x31, 0x00, 0x33, 0x30, 0x32, 0x70, 0x36, 0xF0,
    0x04, 0xB0, 0x0D, 0xB0, 0x09, 0xF8, 0x18, 0x30, 0x10, 0x30, 0x30, 0x80, 0xF1, 0x80, 0xF1, 0x00,
    0x33, 0x00, 0x32, 0x00, 0x36, 0xE0, 0x35, 0xB0, 0x0D, 0xB0, 0x08, 0x60, 0x18, 0xC0, 0x11, 0xF0,
    0x31, 0xF0, 0x70, 0x40, 0xD8, 0xC0, 0x18, 0x80, 0x31, 0x80, 0x19, 0x30, 0xDB, 0x70, 0x72, 0xF0,
    0x06, 0xB0, 0x05, 0xB0, 0x0D, 0xF8, 0x08, 0x30, 0x18, 0x30, 0x30, 0x30, 0x00, 0x30, 0x30, 0x60,
    0xE0, 0xC0, 0xC6, 0xC6, 0xFE, 0x7C, 0x10, 0x00, 0x18, 0x00, 0x04, 0x00, 0x00, 0x00, 0x0E, 0x00,
    0x0E, 0x00, 0x1F, 0x00, 0x1B, 0x00, 0x3B, 0x80, 0x31, 0x80, 0x71, 0xC0, 0x60, 0xC0, 0x7F, 0xC0,
    0xFF, 0xE0, 0xC0, 0x60, 0xC0, 0x60, 0x02, 0x00, 0x06, 0x00, 0x08, 0x00, 0x00, 0x00, 0x0E, 0x00,
    0x0E, 0x00, 0x1F, 0x00, 0x1B, 0x00, 0x3B, 0x80, 0x31, 0x80, 0x71, 0xC0, 0x60, 0xC0, 0x7F, 0xC0,
    0xFF, 0xE0, 0xC0, 0x60, 0xC0, 0x60, 0x04, 0x00, 0x0E, 0x00, 0x11, 0x00, 0x00, 0x00, 0x0E, 0x00,
    0x0E, 0x00, 0x1F, 0x00, 0x1B, 0x00, 0x3B, 0x80, 0x31, 0x80, 0x71, 0xC0, 0x60, 0xC0, 0x7F, 0xC0,
    0xFF, 0xE0, 0xC0, 0x60, 0xC0, 0x60, 0x0E, 0x80, 0x17, 0x00, 0x00, 0x00, 0x0E, 0x00, 0x0E, 0x00,
    0x1F, 0x00, 0x1B, 0x00, 0x3B, 0x80, 0x31, 0x80, 0x71, 0xC0, 0x60, 0xC0, 0x7F, 0xC0, 0xFF, 0xE0,
    0xC0, 0x60, 0xC0, 0x60, 0x31, 0x80, 0x31, 0x80, 0x00, 0x00, 0x0E, 0x00, 0x0E, 0x00, 0x1F, 0x00,
    0x1B, 0x00, 0x3B, 0x80, 0x31, 0x80, 0x71, 0xC0, 0x60, 0xC0, 0x7F, 0xC0, 0xFF, 0xE0, 0xC0, 0x60,
    0xC0, 0x60, 0x0C, 0x00, 0x12, 0x00, 0x12, 0x00, 0x0C, 0x00, 0x0E, 0x00, 0x0E, 0x00, 0x1F, 0x00,
    0x1B, 0x00, 0x3B, 0x80, 0x31, 0x80, 0x71, 0xC0, 0x60, 0xC0, 0x7F, 0xC0, 0xFF, 0xE0, 0xC0, 0x60,
    0xC0, 0x60, 0x1F, 0xFC, 0x1F, 0xFC, 0x1B, 0x00, 0x33, 0x00, 0x33, 0x00, 0x33, 0xF8, 0x63, 0xF8,
    0x7F, 0x00, 0x7F, 0x00, 0xC3, 0x00, 0xC3, 0xFC, 0xC3, 0xFC, 0x1F, 0x00, 0x3F, 0x80, 0x71, 0xC0,
    0x60, 0xC0, 0xE0, 0x00, 0xC0, 0x00, 0xC0, 0x00, 0xE0, 0x00, 0x60, 0xC0, 0x71, 0xC0, 0x3F, 0x80,
    0x1F, 0x00, 0x04, 0x00, 0x06, 0x00, 0x13, 0x00, 0x0E, 0x00, 0x20, 0x30, 0x08, 0x00, 0xFF, 0xFF,
    0xC0, 0xC0, 0xC0, 0xFE, 0xFE, 0xC0, 0xC0, 0xC0, 0xFF, 0xFF, 0x04, 0x0C, 0x10, 0x00, 0xFF, 0xFF,
    0xC0, 0xC0, 0xC0, 0xFE, 0xFE, 0xC0, 0xC0, 0xC0, 0xFF, 0xFF, 0x08, 0x1C, 0x22, 0x00, 0xFF, 0xFF,
    0xC0, 0xC0, 0xC0, 0xFE, 0xFE, 0xC0, 0xC0, 0xC0, 0xFF, 0xFF, 0x66, 0x66, 0x00, 0xFF, 0xFF, 0xC0,
    0xC0, 0xC0, 0xFE, 0xFE, 0xC0, 0xC0, 0xC0, 0xFF, 0xFF, 0x80, 0xC0, 0x20, 0x00, 0x60, 0x60, 0x60,
    0x60, 0x60, 0x60, 0x60, 0x60, 0x60, 0x60, 0x60, 0x60, 0x20, 0x60, 0x80, 0x00, 0xC0, 0xC0, 0xC0,
    0xC0, 0xC0, 0xC0, 0xC0, 0xC0, 0xC0, 0xC0, 0xC0, 0xC0, 0x20, 0x70, 0x88, 0x00, 0x60, 0x60, 0x60,
    0x60, 0x60, 0x60, 0x60, 0x60, 0x60, 0x60, 0x60, 0x60, 0xCC, 0xCC, 0x00, 0x30, 0x30, 0x30, 0x30,
    0x30, 0x30, 0x30, 0x30, 0x30, 0x30, 0x30, 0x30, 0x3F, 0x00, 0x3F, 0xC0, 0x30, 0xE0, 0x30, 0x60,
    0x30, 0x70, 0xFC, 0x30, 0xFC, 0x30, 0x30, 0x70, 0x30, 0x60, 0x30, 0xE0, 0x3F, 0xC0, 0x3F, 0x00,
    0x1D, 0x00, 0x2E, 0x00, 0x00, 0x00, 0xE0, 0xC0, 0xF0, 0xC0, 0xF0, 0xC0, 0xD8, 0xC0, 0xD8, 0xC0,
    0xCC, 0xC0, 0xCC, 0xC0, 0xC6, 0xC0, 0xC6, 0xC0, 0xC3, 0xC0, 0xC3, 0xC0, 0xC1, 0xC0, 0x08, 0x00,
    0x0C, 0x00, 0x02, 0x00, 0x00, 0x00, 0x1F, 0x00, 0x3F, 0x80, 0x71, 0xC0, 0x60, 0xC0, 0xE0, 0xE0,
    0xC0, 0x60, 0xC0, 0x60, 0xE0, 0xE0, 0x60, 0xC0, 0x71, 0xC0, 0x3F, 0x80, 0x1F, 0x00, 0x01, 0x00,
    0x03, 0x00, 0x04, 0x00, 0x00, 0x00, 0x1F, 0x00, 0x3F, 0x80, 0x71, 0xC0, 0x60, 0xC0, 0xE0, 0xE0,
    0xC0, 0x60, 0xC0, 0x60, 0xE0, 0xE0, 0x60, 0xC0, 0x71, 0xC0, 0x3F, 0x80, 0x1F, 0x00, 0x04, 0x00,
    0x0E, 0x00, 0x11, 0x00, 0x00, 0x00, 0x1F, 0x00, 0x3F, 0x80, 0x71, 0xC0, 0x60, 0xC0, 0xE0, 0xE0,
    0xC0, 0x60, 0xC0, 0x60, 0xE0, 0xE0, 0x60, 0xC0, 0x71, 0xC0, 0x3F, 0x80, 0x1F, 0x00, 0x0E, 0x80,
    0x17, 0x00, 0x00, 0x00, 0x1F, 0x00, 0x3F, 0x80, 0x71, 0xC0, 0x60, 0xC0, 0xE0, 0xE0, 0xC0, 0x60,
    0xC0, 0x60, 0xE0, 0xE0, 0x60, 0xC0, 0x71, 0xC0, 0x3F, 0x80, 0x1F, 0x00, 0x19, 0x80, 0x19, 0x80,
    0x00, 0x00, 0x1F, 0x00, 0x3F, 0x80, 0x71, 0xC0, 0x60, 0xC0, 0xE0, 0xE0, 0xC0, 0x60, 0xC0, 0x60,
    0xE0, 0xE0, 0x60, 0xC0, 0x71, 0xC0, 0x3F, 0x80, 0x1F, 0x00, 0x41, 0x00, 0xE3, 0x80, 0x77, 0x00,
    0x3E, 0x00, 0x1C, 0x00, 0x3E, 0x00, 0x77, 0x00, 0xE3, 0x80, 0x41, 0x00, 0x1F, 0x20, 0x3F, 0xC0,
    0x70, 0xC0, 0x61, 0xC0, 0xE3, 0x60, 0xC6, 0x60, 0xCC, 0x60, 0xD8, 0xE0, 0x70, 0xC0, 0x61, 0xC0,
    0x7F, 0x80, 0x9F, 0x00, 0x10, 0x00, 0x18, 0x00, 0x04, 0x00, 0x00, 0x00, 0xC0, 0xC0, 0xC0, 0xC0,
    0xC0, 0xC0, 0xC0, 0xC0, 0xC0, 0xC0, 0xC0, 0xC0, 0xC0, 0xC0, 0xC0, 0xC0, 0xC0, 0xC0, 0xE1, 0xC0,
    0x7F, 0x80, 0x3F, 0x00, 0x02, 0x00, 0x06, 0x00, 0x08, 0x00, 0x00, 0x00, 0xC0, 0xC0, 0xC0, 0xC0,
    0xC0, 0xC0, 0xC0, 0xC0, 0xC0, 0xC0, 0xC0, 0xC0, 0xC0, 0xC0, 0xC0, 0xC0, 0xC0, 0xC0, 0xE1, 0xC0,
    0x7F, 0x80, 0x3F, 0x00, 0x04, 0x00, 0x0E, 0x00, 0x11, 0x00, 0x00, 0x00, 0xC0, 0xC0, 0xC0, 0xC0,
    0xC0, 0xC0, 0xC0, 0xC0, 0xC0, 0xC0, 0xC0, 0xC0, 0xC0, 0xC0, 0xC0, 0xC0, 0xC0, 0xC0, 0xE1, 0xC0,
    0x7F, 0x80, 0x3F, 0x00, 0x33, 0x00, 0x33, 0x00, 0x00, 0x00, 0xC0, 0xC0, 0xC0, 0xC0, 0xC0, 0xC0,
    0xC0, 0xC0, 0xC0, 0xC0, 0xC0, 0xC0, 0xC0, 0xC0, 0xC0, 0xC0, 0xC0, 0xC0, 0xE1, 0xC0, 0x7F, 0x80,
    0x3F, 0x00, 0x02, 0x00, 0x06, 0x00, 0x08, 0x00, 0x00, 0x00, 0xC0, 0xC0, 0xE1, 0xC0, 0x61, 0x80,
    0x33, 0x00, 0x33, 0x00, 0x1E, 0x00, 0x1E, 0x00, 0x0C, 0x00, 0x0C, 0x00, 0x0C, 0x00, 0x0C, 0x00,
    0x0C, 0x00, 0xC0, 0x00, 0xFE, 0x00, 0xFF, 0x00, 0xC3, 0x80, 0xC1, 0x80, 0xC1, 0x80, 0xC3, 0x80,
    0xFF, 0x00, 0xFE, 0x00, 0xC0, 0x00, 0xC0, 0x00, 0xC0, 0x00, 0x7C, 0xFE, 0xC6, 0xC6, 0xDC, 0xDE,
    0xC3, 0xC3, 0xC3, 0xC3, 0xDE, 0xDC, 0x20, 0x30, 0x08, 0x00, 0x7C, 0xFE, 0xC6, 0x0E, 0x7E, 0xE6,
    0xC6, 0xFE, 0x77, 0x04, 0x0C, 0x10, 0x00, 0x7C, 0xFE, 0xC6, 0x0E, 0x7E, 0xE6, 0xC6, 0xFE, 0x77,
    0x10, 0x38, 0x44, 0x00, 0x7C, 0xFE, 0xC6, 0x0E, 0x7E, 0xE6, 0xC6, 0xFE, 0x77, 0x3A, 0x5C, 0x00,
    0x7C, 0xFE, 0xC6, 0x0E, 0x7E, 0xE6, 0xC6, 0xFE, 0x77, 0x6C, 0x6C, 0x00, 0x7C, 0xFE, 0xC6, 0x0E,
    0x7E, 0xE6, 0xC6, 0xFE, 0x77, 0x18, 0x24, 0x24, 0x18, 0x7C, 0xFE, 0xC6, 0x0E, 0x7E, 0xE6, 0xC6,
    0xFE, 0x77, 0x7D, 0xE0, 0xFF, 0xF0, 0xC6, 0x18, 0x0F, 0xF8, 0x7F, 0xF8, 0xE6, 0x00, 0xCF, 0x38,
    0xFF, 0xF0, 0x79, 0xE0, 0x3C, 0x7E, 0xE7, 0xC0, 0xC0, 0xC0, 0xE7, 0x7E, 0x3C, 0x10, 0x18, 0x4C,
    0x38, 0x20, 0x30, 0x08, 0x00, 0x3C, 0x7E, 0xC3, 0xFF, 0xFF, 0xC0, 0xE7, 0x7E, 0x3C, 0x04, 0x0C,
    0x10, 0x00, 0x3C, 0x7E, 0xC3, 0xFF, 0xFF, 0xC0, 0xE7, 0x7E, 0x3C, 0x08, 0x1C, 0x22, 0x00, 0x3C,
    0x7E, 0xC3, 0xFF, 0xFF, 0xC0, 0xE7, 0x7E, 0x3C, 0x36, 0x36, 0x00, 0x3C, 0x7E, 0xC3, 0xFF, 0xFF,
    0xC0, 0xE7, 0x7E, 0x3C, 0x80, 0xC0, 0x20, 0x00, 0x60, 0x60, 0x60, 0x60, 0x60, 0x60, 0x60, 0x60,
    0x60, 0x20, 0x60, 0x80, 0x00, 0xC0, 0xC0, 0xC0, 0xC0, 0xC0, 0xC0, 0xC0, 0xC0, 0xC0, 0x20, 0x70,
    0x88, 0x00, 0x60, 0x60, 0x60, 0x60, 0x60, 0x60, 0x60, 0x60, 0x60, 0xD8, 0xD8, 0x00, 0x60, 0x60,
    0x60, 0x60, 0x60, 0x60, 0x60, 0x60, 0x60, 0x60, 0x7C, 0xF8, 0x1C, 0x7E, 0xE7, 0xC3, 0xC3, 0xC3,
    0xE7, 0x7E, 0x3C, 0x3A, 0x5C, 0x00, 0xDE, 0xFF, 0xE3, 0xC3, 0xC3, 0xC3, 0xC3, 0xC3, 0xC3, 0x20,
    0x30, 0x08, 0x00, 0x3C, 0x7E, 0xE7, 0xC3, 0xC3, 0xC3, 0xE7, 0x7E, 0x3C, 0x08, 0x18, 0x20, 0x00,
    0x3C, 0x7E, 0xE7, 0xC3, 0xC3, 0xC3, 0xE7, 0x7E, 0x3C, 0x10, 0x38, 0x44, 0x00, 0x3C, 0x7E, 0xE7,
    0xC3, 0xC3, 0xC3, 0xE7, 0x7E, 0x3C, 0x3A, 0x5C, 0x00, 0x3C, 0x7E, 0xE7, 0xC3, 0xC3, 0xC3, 0xE7,
    0x7E, 0x3C, 0x6C, 0x6C, 0x00, 0x3C, 0x7E, 0xE7, 0xC3, 0xC3, 0xC3, 0xE7, 0x7E, 0x3C, 0x18, 0x18,
    0x00, 0xFF, 0xFF, 0x00, 0x18, 0x18, 0x3D, 0x7F, 0xE7, 0xCF, 0xDB, 0xF3, 0xE7, 0xFE, 0xBC, 0x20,
    0x30, 0x08, 0x00, 0xC3, 0xC3, 0xC3, 0xC3, 0xC3, 0xC3, 0xC7, 0xFF, 0x7B, 0x08, 0x18, 0x20, 0x00,
    0xC3, 0xC3, 0xC3, 0xC3, 0xC3, 0xC3, 0xC7, 0xFF, 0x7B, 0x10, 0x38, 0x44, 0x00, 0xC3, 0xC3, 0xC3,
    0xC3, 0xC3, 0xC3, 0xC7, 0xFF, 0x7B, 0x6C, 0x6C, 0x00, 0xC3, 0xC3, 0xC3, 0xC3, 0xC3, 0xC3, 0xC7,
    0xFF, 0x7B, 0x04, 0x0C, 0x10, 0x00, 0xC3, 0xC3, 0x63, 0x66, 0x36, 0x36, 0x3C, 0x1C, 0x18, 0x18,
    0x18, 0x70, 0x60, 0xC0, 0xC0, 0xC0, 0xDC, 0xFE, 0xE7, 0xC3, 0xC3, 0xC3, 0xE7, 0xFE, 0xDC, 0xC0,
    0xC0, 0xC0, 0xC0, 0x36, 0x36, 0x00, 0xC3, 0xC3, 0x63, 0x66, 0x36, 0x36, 0x3C, 0x1C, 0x18, 0x18,
    0x18, 0x70, 0x60, 0xFF, 0x80, 0xFF, 0x80, 0xFF, 0xFF, 0xFF, 0xFF, 0x40, 0x80, 0xC0, 0xC0, 0xC0,
    0xC0, 0x40, 0x80, 0xC0, 0xC0, 0x40, 0x80, 0x44, 0x88, 0xCC, 0xCC, 0xCC, 0xCC, 0x44, 0x88, 0xCC,
    0xCC, 0x44, 0x88, 0x60, 0xF0, 0xF0, 0x60, 0xC6, 0x30, 0xC6, 0x30, 0x07, 0xC0, 0x0F, 0xE0, 0x1C,
    0x70, 0xFF, 0x30, 0xFF, 0x00, 0x30, 0x00, 0x30, 0x00, 0xFF, 0x00, 0xFF, 0x30, 0x1C, 0x70, 0x0F,
    0xE0, 0x07, 0xC0,
};
static const FontGlyph font_b12_glyphs[] = {
    {0x0020, 0, 1, 1, 0, 1, 5},
    {0x0021, 1, 2, 12, 2, 12, 6},
    {0x0022, 13, 5, 4, 1, 12, 8},
    {0x0023, 17, 9, 12, 0, 12, 9},
    {0x0024, 41, 7, 14, 1, 13, 9},
    {0x0025, 55, 13, 12, 0, 12, 14},
    {0x0026, 79, 10, 12, 1, 12, 12},
    {0x0027, 103, 2, 4, 1, 12, 4},
    {0x0028, 107, 4, 15, 1, 12, 6},
    {0x0029, 122, 4, 15, 0, 12, 6},
    {0x002A, 137, 5, 5, 0, 12, 6},
    {0x002B, 142, 8, 8, 1, 8, 10},
    {0x002C, 150, 2, 5, 1, 2, 4},
    {0x002D, 155, 4, 2, 0, 5, 5},
    {0x002E, 157, 2, 2, 1, 2, 4},
    {0x002F, 159, 4, 12, 0, 12, 5},
    {0x0030, 171, 8, 12, 0, 12, 9},
    {0x0031, 183, 5, 12, 1, 12, 9},
    {0x0032, 195, 8, 12, 0, 12, 9},
    {0x0033, 207, 8, 12, 0, 12, 9},
    {0x0034, 219, 8, 12, 0, 12, 9},
    {0x0035, 231, 8, 12, 0, 12, 9},
    {0x0036, 243, 8, 12, 0, 12, 9},
    {0x0037, 255, 8, 12, 0, 12, 9},
    {0x0038, 267, 8, 12, 0, 12, 9},
    {0x0039, 279, 8, 12, 0, 12, 9},
    {0x003A, 291, 2, 8, 2, 8, 5},
    {0x003B, 299, 2, 11, 2, 8, 5},
    {0x003C, 310, 8, 8, 1, 8, 10},
    {0x003D, 318, 8, 6, 1, 7, 10},
    {0x003E, 324, 8, 8, 1, 8, 10},
    {0x003F, 332, 7, 12, 1, 12, 10},
    {0x0040, 344, 13, 14, 1, 12, 16},
    {0x0041, 372, 11, 12, 0, 12, 12},
    {0x0042, 396, 9, 12, 1, 12, 11},
    {0x0043, 420, 10, 12, 1, 12, 12},
    {0x0044, 444, 10, 12, 1, 12, 12},
    {0x0045, 468, 8, 12, 1, 12, 10},
    {0x0046, 480, 8, 12, 1, 12, 10},
    {0x0047, 492, 10, 12, 1, 12, 12},
    {0x0048, 516, 10, 12, 1, 12, 12},
    {0x0049, 540, 2, 12, 1, 12, 4},
    {0x004A, 552, 7, 12, 1, 12, 9},
    {0x004B, 564, 11, 12, 1, 12, 12},
    {0x004C, 588, 8, 12, 1, 12, 10},
    {0x004D, 600, 11, 12, 1, 12, 13},
    {0x004E, 624, 10, 12, 1, 12, 12},
    {0x004F, 648, 11, 12, 1, 12, 13},
    {0x0050, 672, 9, 12, 1, 12, 11},
    {0x0051, 696, 11, 13, 1, 12, 13},
    {0x0052, 722, 10, 12, 1, 12, 12},
    {0x0053, 746, 9, 12, 1, 12, 11},
    {0x0054, 770, 10, 12, 0, 12, 10},
    {0x0055, 794, 10, 12, 1, 12, 12},
    {0x0056, 818, 10, 12, 0, 12, 11},
    {0x0057, 842, 14, 12, 0, 12, 15},
    {0x0058, 866, 9, 12, 1, 12, 11},
    {0x0059, 890, 10, 12, 0, 12, 11},
    {0x005A, 914, 8, 12, 1, 12, 10},
    {0x005B, 926, 4, 15, 1, 12, 6},
    {0x005C, 941, 4, 12, 0, 12, 5},
    {0x005D, 953, 4, 15, 0, 12, 6},
    {0x005E, 968, 8, 7, 1, 12, 10},
    {0x005F, 975, 9, 1, 0, -2, 9},
    {0x0060, 977, 3, 3, 2, 13, 6},
    {0x0061, 980, 8, 9, 1, 9, 9},
    {0x0062, 989, 8, 12, 1, 12, 10},
    {0x0063, 1001, 8, 9, 1, 9, 9},
    {0x0064, 1010, 8, 12, 1, 12, 10},
    {0x0065, 1022, 8, 9, 1, 9, 10},
    {0x0066, 1031, 4, 12, 1, 12, 6},
    {0x0067, 1043, 8, 13, 1, 9, 10},
    {0x0068, 1056, 8, 12, 1, 12, 10},
    {0x0069, 1068, 2, 12, 1, 12, 4},
    {0x006A, 1080, 3, 16, 1, 12, 5},
    {0x006B, 1096, 8, 12, 1, 12, 9},
    {0x006C, 1108, 2, 12, 1, 12, 4},
    {0x006D, 1120, 12, 9, 1, 9, 14},
    {0x006E, 1138, 8, 9, 1, 9, 10},
    {0x006F, 1147, 8, 9, 1, 9, 10},
    {0x0070, 1156, 8, 13, 1, 9, 10},
    {0x0071, 1169, 8, 13, 1, 9, 10},
    {0x0072, 1182, 5, 9, 1, 9, 6},
    {0x0073, 1191, 7, 9, 1, 9, 9},
    {0x0074, 1200, 4, 11, 1, 11, 6},
    {0x0075, 1211, 8, 9, 1, 9, 10},
    {0x0076, 1220, 8, 9, 0, 9, 9},
    {0x0077, 1229, 12, 9, 0, 9, 13},
    {0x0078, 1247, 7, 9, 1, 9, 9},
    {0x0079, 1256, 8, 13, 0, 9, 9},
    {0x007A, 1269, 7, 9, 0, 9, 8},
    {0x007B, 1278, 4, 15, 1, 12, 6},
    {0x007C, 1293, 1, 16, 1, 12, 4},
    {0x007D, 1309, 4, 15, 1, 12, 6},
    {0x007E, 1324, 8, 3, 1, 6, 10},
    {0x00A0, 1327, 1, 1, 0, 1, 5},
    {0x00A1, 1328, 2, 12, 1, 9, 6},
    {0x00A2, 1340, 8, 11, 0, 10, 9},
    {0x00A3, 1351, 8, 12, 0, 12, 9},
    {0x00A4, 1363, 7, 7, 1, 9, 9},
    {0x00A5, 1370, 8, 12, 0, 12, 9},
    {0x00A6, 1382, 1, 16, 2, 12, 5},
    {0x00A7, 1398, 8, 15, 0, 12, 9},
    {0x00A8, 1413, 5, 2, 0, 12, 6},
    {0x00A9, 1415, 12, 12, 0, 12, 12},
    {0x00AA, 1439, 5, 7, 1, 12, 6},
    {0x00AB, 1446, 8, 6, 0, 8, 9},
    {0x00AC, 1452, 8, 5, 0, 7, 10},
    {0x00AD, 1457, 4, 2, 0, 5, 5},
    {0x00AE, 1459, 12, 12, 0, 12, 12},
    {0x00AF, 1483, 5, 1, 0, 11, 6},
    {0x00B0, 1484, 4, 5, 1, 12, 7},
    {0x00B1, 1489, 8, 11, 1, 11, 10},
    {0x00B2, 1500, 5, 7, 0, 12, 6},
    {0x00B3, 1507, 5, 7, 0, 12, 6},
    {0x00B4, 1514, 3, 3, 1, 13, 6},
    {0x00B5, 1517, 8, 12, 1, 9, 10},
    {0x00B6, 1529, 8, 15, 0, 12, 9},
    {0x00B7, 1544, 2, 2, 1, 6, 5},
    {0x00B8, 1546, 5, 4, 0, 0, 6},
    {0x00B9, 1550, 4, 7, 1, 12, 6},
    {0x00BA, 1557, 5, 7, 0, 12, 6},
    {0x00BB, 1564, 8, 6, 1, 8, 9},
    {0x00BC, 1570, 13, 12, 1, 12, 14},
    {0x00BD, 1594, 12, 12, 0, 12, 14},
    {0x00BE, 1618, 13, 12, 0, 12, 14},
    {0x00BF, 1642, 7, 12, 1, 9, 10},
    {0x00C0, 1654, 11, 16, 0, 16, 12},
    {0x00C1, 1686, 11, 16, 0, 16, 12},
    {0x00C2, 1718, 11, 16, 0, 16, 12},
    {0x00C3, 1750, 11, 15, 0, 15, 12},
    {0x00C4, 1780, 11, 15, 0, 15, 12},
    {0x00C5, 1810, 11, 16, 0, 16, 12},
    {0x00C6, 1842, 14, 12, 0, 12, 15},
    {0x00C7, 1866, 10, 16, 1, 12, 12},
    {0x00C8, 1898, 8, 16, 1, 16, 10},
    {0x00C9, 1914, 8, 16, 1, 16, 10},
    {0x00CA, 1930, 8, 16, 1, 16, 10},
    {0x00CB, 1946, 8, 15, 1, 15, 10},
    {0x00CC, 1961, 3, 16, 0, 16, 4},
    {0x00CD, 1977, 3, 16, 1, 16, 4},
    {0x00CE, 1993, 5, 16, 0, 16, 4},
    {0x00CF, 2009, 6, 15, -1, 15, 4},
    {0x00D0, 2024, 12, 12, 0, 12, 12},
    {0x00D1, 2048, 10, 15, 1, 15, 12},
    {0x00D2, 2078, 11, 16, 1, 16, 13},
    {0x00D3, 2110, 11, 16, 1, 16, 13},
    {0x00D4, 2142, 11, 16, 1, 16, 13},
    {0x00D5, 2174, 11, 15, 1, 15, 13},
    {0x00D6, 2204, 11, 15, 1, 15, 13},
    {0x00D7, 2234, 9, 9, 0, 9, 10},
    {0x00D8, 2252, 11, 12, 1, 12, 13},
    {0x00D9, 2276, 10, 16, 1, 16, 12},
    {0x00DA, 2308, 10, 16, 1, 16, 12},
    {0x00DB, 2340, 10, 16, 1, 16, 12},
    {0x00DC, 2372, 10, 15, 1, 15, 12},
    {0x00DD, 2402, 10, 16, 0, 16, 11},
    {0x00DE, 2434, 9, 12, 1, 12, 11},
    {0x00DF, 2458, 8, 12, 1, 12, 10},
    {0x00E0, 2470, 8, 13, 1, 13, 9},
    {0x00E1, 2483, 8, 13, 1, 13, 9},
    {0x00E2, 2496, 8, 13, 1, 13, 9},
    {0x00E3, 2509, 8, 12, 1, 12, 9},
    {0x00E4, 2521, 8, 12, 1, 12, 9},
    {0x00E5, 2533, 8, 13, 1, 13, 9},
    {0x00E6, 2546, 13, 9, 1, 9, 15},
    {0x00E7, 2564, 8, 13, 1, 9, 9},
    {0x00E8, 2577, 8, 13, 1, 13, 10},
    {0x00E9, 2590, 8, 13, 1, 13, 10},
    {0x00EA, 2603, 8, 13, 1, 13, 10},
    {0x00EB, 2616, 8, 12, 1, 12, 10},
    {0x00EC, 2628, 3, 13, 0, 13, 4},
    {0x00ED, 2641, 3, 13, 1, 13, 4},
    {0x00EE, 2654, 5, 13, 0, 13, 4},
    {0x00EF, 2667, 5, 12, 0, 12, 4},
    {0x00F0, 2679, 8, 12, 1, 12, 10},
    {0x00F1, 2691, 8, 12, 1, 12, 10},
    {0x00F2, 2703, 8, 13, 1, 13, 10},
    {0x00F3, 2716, 8, 13, 1, 13, 10},
    {0x00F4, 2729, 8, 13, 1, 13, 10},
    {0x00F5, 2742, 8, 12, 1, 12, 10},
    {0x00F6, 2754, 8, 12, 1, 12, 10},
    {0x00F7, 2766, 8, 8, 1, 8, 10},
    {0x00F8, 2774, 8, 9, 1, 9, 10},
    {0x00F9, 2783, 8, 13, 1, 13, 10},
    {0x00FA, 2796, 8, 13, 1, 13, 10},
    {0x00FB, 2809, 8, 13, 1, 13, 10},
    {0x00FC, 2822, 8, 12, 1, 12, 10},
    {0x00FD, 2834, 8, 17, 0, 13, 9},
    {0x00FE, 2851, 8, 16, 1, 12, 10},
    {0x00FF, 2867, 8, 16, 0, 12, 9},
    {0x2013, 2883, 9, 2, 0, 5, 9},
    {0x2014, 2887, 16, 2, 0, 5, 16},
    {0x2018, 2891, 2, 4, 1, 12, 5},
    {0x2019, 2895, 2, 4, 2, 12, 5},
    {0x201A, 2899, 2, 4, 1, 2, 5},
    {0x201C, 2903, 6, 4, 1, 12, 8},
    {0x201D, 2907, 6, 4, 1, 12, 8},
    {0x201E, 2911, 6, 4, 1, 2, 8},
    {0x2022, 2915, 4, 4, 1, 7, 6},
    {0x2026, 2919, 12, 2, 2, 2, 15},
    {0x20AC, 2923, 12, 12, -1, 12, 12},
};
const Font FONT_B12 = {font_b12_glyphs, 202, font_b12_bitmap, 14, 4};

static const uint8_t font_b14_bitmap[] = {
    0x00, 0xE0, 0xE0, 0xE0, 0xE0, 0xE0, 0xE0, 0xE0, 0xE0, 0xC0, 0xC0, 0x00, 0xE0, 0xE0, 0xE0, 0xD8,
    0xD8, 0xD8, 0xD8, 0x90, 0x0D, 0x80, 0x0D, 0x80, 0x0D, 0x80, 0x7F, 0xE0, 0x7F, 0xE0, 0x1B, 0x00,
    0x1B, 0x00, 0x1B, 0x00, 0xFF, 0xC0, 0xFF, 0xC0, 0x36, 0x00, 0x36, 0x00, 0x36, 0x00, 0x04, 0x00,
    0x3F, 0x00, 0x7F, 0x80, 0xE5, 0x80, 0xE4, 0x00, 0xE4, 0x00, 0x7C, 0x00, 0x3F, 0x00, 0x0F, 0x80,
    0x09, 0xC0, 0xE9, 0xC0, 0xE9, 0xC0, 0x7F, 0x80, 0x3F, 0x00, 0x08, 0x00, 0x08, 0x00, 0x78, 0x60,
    0xFC, 0x60, 0xCC, 0xC0, 0xCC, 0x80, 0xFD, 0x80, 0x7B, 0x00, 0x02, 0x00, 0x06, 0xF0, 0x0D, 0xF8,
    0x09, 0x98, 0x19, 0x98, 0x31, 0xF8, 0x30, 0xF0, 0x1E, 0x00, 0x3F, 0x00, 0x73, 0x80, 0x61, 0x80,
    0x73, 0x00, 0x3E, 0x00, 0x1C, 0x60, 0x7E, 0x60, 0xE7, 0xE0, 0xC3, 0xC0, 0xC1, 0xC0, 0xE3, 0xE0,
    0x7F, 0x70, 0x3E, 0x38, 0xC0, 0xC0, 0xC0, 0xC0, 0x80, 0x1C, 0x38, 0x30, 0x70, 0x60, 0xE0, 0xE0,
    0xE0, 0xE0, 0xE0, 0xE0, 0xE0, 0xE0, 0x60, 0x70, 0x30, 0x38, 0x1C, 0xE0, 0x70, 0x30, 0x38, 0x18,
    0x1C, 0x1C, 0x1C, 0x1C, 0x1C, 0x1C, 0x1C, 0x1C, 0x18, 0x38, 0x30, 0x70, 0xE0, 0x10, 0xD6, 0x7C,
    0x38, 0x6C, 0x44, 0x18, 0x18, 0x18, 0xFF, 0xFF, 0x18, 0x18, 0x18, 0xE0, 0xE0, 0xE0, 0x60, 0xC0,
    0x80, 0xF8, 0xF8, 0xF8, 0xE0, 0xE0, 0xE0, 0x18, 0x18, 0x18, 0x38, 0x30, 0x30, 0x30, 0x70, 0x60,
    0x60, 0xE0, 0xC0, 0xC0, 0xC0, 0x1C, 0x00, 0x7F, 0x00, 0x77, 0x00, 0xE3, 0x80, 0xE3, 0x80, 0xE3,
    0x80, 0xE3, 0x80, 0xE3, 0x80, 0xE3, 0x80, 0xE3, 0x80, 0x77, 0x00, 0x7F, 0x00, 0x1C, 0x00, 0x1C,
    0x3C, 0xFC, 0xFC, 0x1C, 0x1C, 0x1C, 0x1C, 0x1C, 0x1C, 0x1C, 0x1C, 0x1C, 0x3E, 0x00, 0x7F, 0x00,
    0xE3, 0x80, 0xE3, 0x80, 0x03, 0x80, 0x07, 0x00, 0x1F, 0x00, 0x3E, 0x00, 0x78, 0x00, 0x70, 0x00,
    0xE0, 0x00, 0xFF, 0x80, 0xFF, 0x80, 0x3E, 0x00, 0x7F, 0x00, 0xE7, 0x00, 0xE3, 0x00, 0x07, 0x00,
    0x1E, 0x00, 0x1F, 0x00, 0x07, 0x80, 0x03, 0x80, 0xE3, 0x80, 0xE7, 0x80, 0x7F, 0x00, 0x3E, 0x00,
    0x07, 0x00, 0x0F, 0x00, 0x1F, 0x00, 0x3F, 0x00, 0x37, 0x00, 0x77, 0x00, 0x67, 0x00, 0xE7, 0x00,
    0xFF, 0x80, 0xFF, 0x80, 0x07, 0x00, 0x07, 0x00, 0x07, 0x00, 0xFF, 0x00, 0xFF, 0x00, 0xE0, 0x00,
    0xE0, 0x00, 0xFE, 0x00, 0xFF, 0x00, 0xE7, 0x80, 0x03, 0x80, 0x03, 0x80, 0xE3, 0x80, 0xE7, 0x80,
    0xFF, 0x00, 0x7E, 0x00, 0x3F, 0x00, 0x7F, 0x80, 0x71, 0x80, 0xE0, 0x00, 0xEE, 0x00, 0xFF, 0x00,
    0xF3, 0x80, 0xE1, 0x80, 0xE1, 0x80, 0xE1, 0x80, 0xF3, 0x80, 0x7F, 0x00, 0x3E, 0x00, 0xFF, 0x80,
    0xFF, 0x80, 0x03, 0x80, 0x07, 0x00, 0x0E, 0x00, 0x0E, 0x00, 0x1C, 0x00, 0x1C, 0x00, 0x38, 0x00,
    0x38, 0x00, 0x70, 0x00, 0x70, 0x00, 0x70, 0x00, 0x3E, 0x00, 0x7F, 0x00, 0xE3, 0x80, 0xE3, 0x80,
    0xE3, 0x80, 0x7F, 0x00, 0x3E, 0x00, 0x77, 0x00, 0xE3, 0x80, 0xE3, 0x80, 0xE3, 0x80, 0x7F, 0x00,
    0x3E, 0x00, 0x3E, 0x00, 0x7F, 0x00, 0xE7, 0x80, 0xC3, 0x80, 0xC3, 0x80, 0xC3, 0x80, 0xE7, 0x80,
    0x7F, 0x80, 0x3B, 0x80, 0x03, 0x80, 0xC7, 0x00, 0xFF, 0x00, 0x7E, 0x00, 0xE0, 0xE0, 0xE0, 0x00,
    0x00, 0x00, 0x00, 0xE0, 0xE0, 0xE0, 0xE0, 0xE0, 0xE0, 0x00, 0x00, 0x00, 0x00, 0xE0, 0xE0, 0xE0,
    0x60, 0xC0, 0x80, 0x03, 0x80, 0x0F, 0x80, 0x3E, 0x00, 0x78, 0x00, 0xE0, 0x00, 0x78, 0x00, 0x3E,
    0x00, 0x0F, 0x80, 0x03, 0x80, 0xFF, 0x80, 0xFF, 0x80, 0x00, 0x00, 0xFF, 0x80, 0xFF, 0x80, 0xE0,
    0x00, 0xF8, 0x00, 0x3E, 0x00, 0x0F, 0x00, 0x03, 0x80, 0x0F, 0x00, 0x3E, 0x00, 0xF8, 0x00, 0xE0,
    0x00, 0x7E, 0xFF, 0xE7, 0xE7, 0x0E, 0x1E, 0x1C, 0x38, 0x38, 0x38, 0x00, 0x38, 0x38, 0x38, 0x07,
    0xF0, 0x1F, 0xFC, 0x3C, 0x1E, 0x70, 0x06, 0x63, 0xB7, 0xE7, 0xF3, 0xC6, 0x63, 0xCC, 0x63, 0xCC,
    0xC3, 0xCC, 0xC6, 0xCC, 0xC6, 0xEF, 0xFC, 0xE7, 0xB8, 0x70, 0x00, 0x3C, 0x00, 0x1F, 0xF0, 0x07,
    0xF0, 0x0F, 0x00, 0x0F, 0x00, 0x1F, 0x80, 0x19, 0x80, 0x19, 0x80, 0x39, 0xC0, 0x39, 0xC0, 0x30,
    0xC0, 0x70, 0xE0, 0x7F, 0xE0, 0x7F, 0xE0, 0xE0, 0x70, 0xE0, 0x70, 0xE0, 0x70, 0xFE, 0x00, 0xFF,
    0x80, 0xE3, 0xC0, 0xE1, 0xC0, 0xE1, 0xC0, 0xE3, 0x80, 0xFF, 0x80, 0xFF, 0xC0, 0xE1, 0xE0, 0xE0,
    0xE0, 0xE0, 0xE0, 0xE1, 0xE0, 0xFF, 0xC0, 0xFF, 0x00, 0x0F, 0x80, 0x3F, 0xE0, 0x78, 0xE0, 0x70,
    0x70, 0xF0, 0x70, 0xE0, 0x00, 0xE0, 0x00, 0xE0, 0x00, 0xE0, 0x00, 0xF0, 0x70, 0x70, 0x70, 0x78,
    0xE0, 0x3F, 0xE0, 0x0F, 0x80, 0xFF, 0x00, 0xFF, 0xC0, 0xE1, 0xE0, 0xE0, 0xE0, 0xE0, 0x70, 0xE0,
    0x70, 0xE0, 0x70, 0xE0, 0x70, 0xE0, 0x70, 0xE0, 0x70, 0xE0, 0xE0, 0xE1, 0xE0, 0xFF, 0xC0, 0xFF,
    0x00, 0xFF, 0xC0, 0xFF, 0xC0, 0xE0, 0x00, 0xE0, 0x00, 0xE0, 0x00, 0xE0, 0x00, 0xFF, 0x80, 0xFF,
    0x80, 0xE0, 0x00, 0xE0, 0x00, 0xE0, 0x00, 0xE0, 0x00, 0xFF, 0xC0, 0xFF, 0xC0, 0xFF, 0xC0, 0xFF,
    0xC0, 0xE0, 0x00, 0xE0, 0x00, 0xE0, 0x00, 0xE0, 0x00, 0xFF, 0x80, 0xFF, 0x80, 0xE0, 0x00, 0xE0,
    0x00, 0xE0, 0x00, 0xE0, 0x00, 0xE0, 0x00, 0xE0, 0x00, 0x0F, 0x80, 0x3F, 0xE0, 0x78, 0xE0, 0x70,
    0x70, 0xF0, 0x70, 0xE0, 0x00, 0xE0, 0x00, 0xE3, 0xF0, 0xE3, 0xF0, 0xF0, 0x70, 0x70, 0x70, 0x78,
    0xF0, 0x3F, 0xF0, 0x1F, 0xB0, 0xE0, 0x70, 0xE0, 0x70, 0xE0, 0x70, 0xE0, 0x70, 0xE0, 0x70, 0xE0,
    0x70, 0xFF, 0xF0, 0xFF, 0xF0, 0xE0, 0x70, 0xE0, 0x70, 0xE0, 0x70, 0xE0, 0x70, 0xE0, 0x70, 0xE0,
    0x70, 0xE0, 0xE0, 0xE0, 0xE0, 0xE0, 0xE0, 0xE0, 0xE0, 0xE0, 0xE0, 0xE0, 0xE0, 0xE0, 0xE0, 0x03,
    0x80, 0x03, 0x80, 0x03, 0x80, 0x03, 0x80, 0x03, 0x80, 0x03, 0x80, 0x03, 0x80, 0x03, 0x80, 0x03,
    0x80, 0xE3, 0x80, 0xE3, 0x80, 0xF7, 0x80, 0x7F, 0x00, 0x3E, 0x00, 0xE0, 0xF0, 0xE1, 0xE0, 0xE3,
    0xC0, 0xE7, 0x80, 0xEF, 0x00, 0xFE, 0x00, 0xFC, 0x00, 0xFE, 0x00, 0xEF, 0x00, 0xE7, 0x80, 0xE3,
    0xC0, 0xE1, 0xE0, 0xE0, 0xF0, 0xE0, 0x78, 0xE0, 0x00, 0xE0, 0x00, 0xE0, 0x00, 0xE0, 0x00, 0xE0,
    0x00, 0xE0, 0x00, 0xE0, 0x00, 0xE0, 0x00, 0xE0, 0x00, 0xE0, 0x00, 0xE0, 0x00, 0xE0, 0x00, 0xFF,
    0x80, 0xFF, 0x80, 0xE0, 0x1C, 0xE0, 0x1C, 0xF0, 0x3C, 0xF0, 0x3C, 0xF8, 0x7C, 0xF8, 0x7C, 0xF8,
    0x7C, 0xEC, 0xDC, 0xEC, 0xDC, 0xEC, 0xDC, 0xE7, 0x9C, 0xE7, 0x9C, 0xE3, 0x1C, 0xE3, 0x1C, 0xE0,
    0x70, 0xF0, 0x70, 0xF0, 0x70, 0xF8, 0x70, 0xFC, 0x70, 0xEC, 0x70, 0xEE, 0x70, 0xE6, 0x70, 0xE7,
    0x70, 0xE3, 0x70, 0xE1, 0xF0, 0xE1, 0xF0, 0xE0, 0xF0, 0xE0, 0x70, 0x0F, 0x80, 0x3F, 0xE0, 0x78,
    0xF0, 0x70, 0x70, 0xF0, 0x78, 0xE0, 0x38, 0xE0, 0x38, 0xE0, 0x38, 0xE0, 0x38, 0xF0, 0x78, 0x70,
    0x70, 0x78, 0xF0, 0x3F, 0xE0, 0x0F, 0x80, 0xFF, 0x00, 0xFF, 0xC0, 0xE1, 0xE0, 0xE0, 0xE0, 0xE0,
    0xE0, 0xE0, 0xE0, 0xE1, 0xE0, 0xFF, 0xC0, 0xFF, 0x00, 0xE0, 0x00, 0xE0, 0x00, 0xE0, 0x00, 0xE0,
    0x00, 0xE0, 0x00, 0x0F, 0x80, 0x3F, 0xE0, 0x78, 0xF0, 0x70, 0x70, 0xF0, 0x78, 0xE0, 0x38, 0xE0,
    0x38, 0xE0, 0x38, 0xE0, 0x38, 0xF3, 0x78, 0x73, 0xF0, 0x79, 0xF0, 0x3F, 0xE0, 0x0F, 0xF0, 0x00,
    0x30, 0xFF, 0x00, 0xFF, 0xC0, 0xE1, 0xE0, 0xE0, 0xE0, 0xE0, 0xE0, 0xE1, 0xE0, 0xFF, 0xC0, 0xFF,
    0x80, 0xE1, 0xC0, 0xE0, 0xE0, 0xE0, 0xE0, 0xE0, 0xE0, 0xE0, 0xE0, 0xE0, 0xF0, 0x3F, 0x80, 0x7F,
    0xC0, 0xF1, 0xE0, 0xE0, 0xE0, 0xF0, 0x00, 0x7E, 0x00, 0x3F, 0x80, 0x0F, 0xC0, 0x01, 0xE0, 0xE0,
    0xE0, 0xE0, 0xE0, 0xF1, 0xE0, 0x7F, 0xC0, 0x3F, 0x80, 0xFF, 0xE0, 0xFF, 0xE0, 0x0E, 0x00, 0x0E,
    0x00, 0x0E, 0x00, 0x0E, 0x00, 0x0E, 0x00, 0x0E, 0x00, 0x0E, 0x00, 0x0E, 0x00, 0x0E, 0x00, 0x0E,
    0x00, 0x0E, 0x00, 0x0E, 0x00, 0xE0, 0x70, 0xE0, 0x70, 0xE0, 0x70, 0xE0, 0x70, 0xE0, 0x70, 0xE0,
    0x70, 0xE0, 0x70, 0xE0, 0x70, 0xE0, 0x70, 0xE0, 0x70, 0xE0, 0x70, 0x70, 0xE0, 0x7F, 0xE0, 0x1F,
    0x80, 0xE0, 0x38, 0xE0, 0x38, 0x70, 0x70, 0x70, 0x70, 0x30, 0x60, 0x38, 0xE0, 0x38, 0xE0, 0x1D,
    0xC0, 0x1D, 0xC0, 0x0D, 0x80, 0x0F, 0x80, 0x0F, 0x80, 0x07, 0x00, 0x07, 0x00, 0xE3, 0x8E, 0xE3,
    0x8E, 0xE3, 0x8E, 0xE3, 0x8E, 0x73, 0x9C, 0x73, 0x9C, 0x73, 0x9C, 0x76, 0xDC, 0x36, 0xD8, 0x36,
    0xD8, 0x3E, 0xF8, 0x1C, 0x70, 0x1C, 0x70, 0x1C, 0x70, 0xE0, 0x70, 0xE0, 0x70, 0x70, 0xE0, 0x79,
    0xE0, 0x19, 0x80, 0x1F, 0x80, 0x0F, 0x00, 0x1F, 0x80, 0x19, 0x80, 0x39, 0xC0, 0x70, 0xE0, 0x70,
    0xE0, 0xE0, 0x70, 0xE0, 0x70, 0xE0, 0x38, 0xE0, 0x38, 0x70, 0x70, 0x38, 0xE0, 0x38, 0xE0, 0x1D,
    0xC0, 0x1D, 0xC0, 0x0F, 0x80, 0x07, 0x00, 0x07, 0x00, 0x07, 0x00, 0x07, 0x00, 0x07, 0x00, 0x07,
    0x00, 0xFF, 0xC0, 0xFF, 0xC0, 0x01, 0xC0, 0x03, 0x80, 0x07, 0x00, 0x07, 0x00, 0x0E, 0x00, 0x1C,
    0x00, 0x38, 0x00, 0x38, 0x00, 0x70, 0x00, 0xE0, 0x00, 0xFF, 0xC0, 0xFF, 0xC0, 0xF8, 0xF8, 0xE0,
    0xE0, 0xE0, 0xE0, 0xE0, 0xE0, 0xE0, 0xE0, 0xE0, 0xE0, 0xE0, 0xE0, 0xE0, 0xE0, 0xF8, 0xF8, 0xC0,
    0xC0, 0xC0, 0xE0, 0x60, 0x60, 0x60, 0x70, 0x30, 0x30, 0x38, 0x18, 0x18, 0x18, 0xF8, 0xF8, 0x38,
    0x38, 0x38, 0x38, 0x38, 0x38, 0x38, 0x38, 0x38, 0x38, 0x38, 0x38, 0x38, 0x38, 0xF8, 0xF8, 0x0C,
    0x00, 0x1E, 0x00, 0x1E, 0x00, 0x33, 0x00, 0x73, 0x80, 0x61, 0x80, 0xE1, 0xC0, 0xFF, 0xC0, 0xFF,
    0xC0, 0xE0, 0x70, 0x38, 0x3E, 0x00, 0x7F, 0x00, 0x63, 0x80, 0x07, 0x80, 0x3F, 0x80, 0x7B, 0x80,
    0xE3, 0x80, 0xE7, 0x80, 0xFB, 0x80, 0x7B, 0xC0, 0xE0, 0x00, 0xE0, 0x00, 0xE0, 0x00, 0xE0, 0x00,
    0xEF, 0x00, 0xFF, 0x80, 0xF3, 0x80, 0xE1, 0xC0, 0xE1, 0xC0, 0xE1, 0xC0, 0xE1, 0xC0, 0xF3, 0x80,
    0xFF, 0x80, 0xEF, 0x00, 0x1E, 0x00, 0x7F, 0x80, 0x73, 0x80, 0xE0, 0x00, 0xE0, 0x00, 0xE0, 0x00,
    0xE0, 0x00, 0x73, 0x80, 0x7F, 0x80, 0x1E, 0x00, 0x01, 0xC0, 0x01, 0xC0, 0x01, 0xC0, 0x01, 0xC0,
    0x3D, 0xC0, 0x7F, 0xC0, 0x73, 0xC0, 0xE1, 0xC0, 0xE1, 0xC0, 0xE1, 0xC0, 0xE1, 0xC0, 0x73, 0xC0,
    0x7F, 0xC0, 0x3D, 0xC0, 0x1E, 0x00, 0x7F, 0x00, 0x73, 0x80, 0xE1, 0x80, 0xFF, 0x80, 0xFF, 0x80,
    0xE0, 0x00, 0x73, 0x80, 0x7F, 0x80, 0x1E, 0x00, 0x1E, 0x3E, 0x38, 0x38, 0xFE, 0xFE, 0x38, 0x38,
    0x38, 0x38, 0x38, 0x38, 0x38, 0x38, 0x3D, 0xC0, 0x7F, 0xC0, 0x73, 0xC0, 0xE1, 0xC0, 0xE1, 0xC0,
    0xE1, 0xC0, 0xE1, 0xC0, 0x73, 0xC0, 0x7F, 0xC0, 0x3D, 0xC0, 0x01, 0xC0, 0x73, 0x80, 0x7F, 0x80,
    0x1E, 0x00, 0xE0, 0x00, 0xE0, 0x00, 0xE0, 0x00, 0xE0, 0x00, 0xEF, 0x00, 0xFF, 0x80, 0xF3, 0x80,
    0xE3, 0x80, 0xE3, 0x80, 0xE3, 0x80, 0xE3, 0x80, 0xE3, 0x80, 0xE3, 0x80, 0xE3, 0x80, 0xE0, 0xE0,
    0xE0, 0x00, 0xE0, 0xE0, 0xE0, 0xE0, 0xE0, 0xE0, 0xE0, 0xE0, 0xE0, 0xE0, 0x38, 0x38, 0x38, 0x00,
    0x38, 0x38, 0x38, 0x38, 0x38, 0x38, 0x38, 0x38, 0x38, 0x38, 0x38, 0x38, 0xF8, 0xF0, 0xE0, 0x00,
    0xE0, 0x00, 0xE0, 0x00, 0xE0, 0x00, 0xE7, 0x00, 0xEE, 0x00, 0xFC, 0x00, 0xF8, 0x00, 0xF8, 0x00,
    0xFC, 0x00, 0xEE, 0x00, 0xE7, 0x00, 0xE7, 0x80, 0xE3, 0x80, 0xE0, 0xE0, 0xE0, 0xE0, 0xE0, 0xE0,
    0xE0, 0xE0, 0xE0, 0xE0, 0xE0, 0xE0, 0xE0, 0xE0, 0xEF, 0x3C, 0xFF, 0xFE, 0xF3, 0xCE, 0xE3, 0x8E,
    0xE3, 0x8E, 0xE3, 0x8E, 0xE3, 0x8E, 0xE3, 0x8E, 0xE3, 0x8E, 0xE3, 0x8E, 0xEF, 0x00, 0xFF, 0x80,
    0xF3, 0x80, 0xE3, 0x80, 0xE3, 0x80, 0xE3, 0x80, 0xE3, 0x80, 0xE3, 0x80, 0xE3, 0x80, 0xE3, 0x80,
    0x1E, 0x00, 0x7F, 0x80, 0x73, 0x80, 0xE1, 0xC0, 0xE1, 0xC0, 0xE1, 0xC0, 0xE1, 0xC0, 0x73, 0x80,
    0x7F, 0x80, 0x1E, 0x00, 0xEF, 0x00, 0xFF, 0x80, 0xF3, 0x80, 0xE1, 0xC0, 0xE1, 0xC0, 0xE1, 0xC0,
    0xE1, 0xC0, 0xF3, 0x80, 0xFF, 0x80, 0xEF, 0x00, 0xE0, 0x00, 0xE0, 0x00, 0xE0, 0x00, 0xE0, 0x00,
    0x3D, 0xC0, 0x7F, 0xC0, 0x73, 0xC0, 0xE1, 0xC0, 0xE1, 0xC0, 0xE1, 0xC0, 0xE1, 0xC0, 0x73, 0xC0,
    0x7F, 0xC0, 0x3D, 0xC0, 0x01, 0xC0, 0x01, 0xC0, 0x01, 0xC0, 0x01, 0xC0, 0xEC, 0xFC, 0xFC, 0xE0,
    0xE0, 0xE0, 0xE0, 0xE0, 0xE0, 0xE0, 0x3F, 0x00, 0x7F, 0x80, 0xE3, 0x80, 0xE0, 0x00, 0xFF, 0x00,
    0x3F, 0x80, 0x03, 0x80, 0xE3, 0x80, 0xFF, 0x00, 0x7E, 0x00, 0x70, 0x70, 0x70, 0xFC, 0xFC, 0x70,
    0x70, 0x70, 0x70, 0x70, 0x70, 0x7C, 0x3C, 0xE3, 0x80, 0xE3, 0x80, 0xE3, 0x80, 0xE3, 0x80, 0xE3,
    0x80, 0xE3, 0x80, 0xE3, 0x80, 0xE7, 0x80, 0xFF, 0x80, 0x7B, 0x80, 0xE3, 0x80, 0xE3, 0x80, 0xE3,
    0x80, 0x77, 0x00, 0x77, 0x00, 0x77, 0x00, 0x3E, 0x00, 0x3E, 0x00, 0x1C, 0x00, 0x1C, 0x00, 0xE3,
    0x8E, 0xE3, 0x8E, 0xE3, 0x8E, 0x73, 0x9C, 0x77, 0xDC, 0x76, 0xDC, 0x3E, 0xF8, 0x3C, 0x78, 0x1C,
    0x70, 0x1C, 0x70, 0xE3, 0x80, 0xE3, 0x80, 0x77, 0x00, 0x3E, 0x00, 0x1C, 0x00, 0x3E, 0x00, 0x77,
    0x00, 0x77, 0x00, 0xE3, 0x80, 0xE3, 0x80, 0xE3, 0x80, 0xE3, 0x80, 0xE3, 0x80, 0x77, 0x00, 0x77,
    0x00, 0x77, 0x00, 0x3E, 0x00, 0x3E, 0x00, 0x1C, 0x00, 0x1C, 0x00, 0x1C, 0x00, 0x18, 0x00, 0x78,
    0x00, 0x70, 0x00, 0xFF, 0xFF, 0x07, 0x0E, 0x1C, 0x38, 0x70, 0xE0, 0xFF, 0xFF, 0x0E, 0x1C, 0x38,
    0x38, 0x38, 0x38, 0x38, 0x70, 0xE0, 0x70, 0x38, 0x38, 0x38, 0x38, 0x38, 0x38, 0x1C, 0x0E, 0xC0,
    0xC0, 0xC0, 0xC0, 0xC0, 0xC0, 0xC0, 0xC0, 0xC0, 0xC0, 0xC0, 0xC0, 0xC0, 0xC0, 0xC0, 0xC0, 0xC0,
    0xC0, 0xE0, 0x70, 0x38, 0x38, 0x38, 0x38, 0x38, 0x1C, 0x0E, 0x1C, 0x38, 0x38, 0x38, 0x38, 0x38,
    0x38, 0x70, 0xE0, 0x79, 0x80, 0xFF, 0x80, 0xCF, 0x00, 0x00, 0xE0, 0xE0, 0xE0, 0x00, 0x60, 0x60,
    0xE0, 0xE0, 0xE0, 0xE0, 0xE0, 0xE0, 0xE0, 0xE0, 0x02, 0x02, 0x3E, 0x7F, 0xE7, 0xC8, 0xC8, 0xD0,
    0xD0, 0xE3, 0x7F, 0x7E, 0x40, 0x40, 0x1F, 0x00, 0x3F, 0xC0, 0x71, 0xC0, 0x70, 0x00, 0x70, 0x00,
    0x38, 0x00, 0x7F, 0x00, 0x1C, 0x00, 0x1C, 0x00, 0x38, 0x00, 0x70, 0xC0, 0xFF, 0xC0, 0xEF, 0x80,
    0xC1, 0x80, 0xFF, 0x80, 0x77, 0x00, 0x63, 0x00, 0x63, 0x00, 0x77, 0x00, 0xFF, 0x80, 0xC1, 0x80,
    0xE3, 0x80, 0xE3, 0x80, 0xE3, 0x80, 0x77, 0x00, 0x77, 0x00, 0x3E, 0x00, 0xFF, 0x80, 0x1C, 0x00,
    0xFF, 0x80, 0x1C, 0x00, 0x1C, 0x00, 0x1C, 0x00, 0x1C, 0x00, 0xC0, 0xC0, 0xC0, 0xC0, 0xC0, 0xC0,
    0xC0, 0xC0, 0x00, 0x00, 0xC0, 0xC0, 0xC0, 0xC0, 0xC0, 0xC0, 0xC0, 0xC0, 0x3E, 0x00, 0x7F, 0x00,
    0xE3, 0x80, 0xE3, 0x80, 0xF0, 0x00, 0x7C, 0x00, 0xFE, 0x00, 0xC7, 0x00, 0xC3, 0x80, 0xE1, 0x80,
    0x71, 0x80, 0x3F, 0x80, 0x0F, 0x00, 0x07, 0x80, 0xE3, 0x80, 0xE3, 0x80, 0x7F, 0x00, 0x3E, 0x00,
    0xD8, 0xD8, 0x0F, 0xC0, 0x38, 0x70, 0x60, 0x18, 0xC7, 0x8C, 0xCF, 0xCC, 0x98, 0xC4, 0x98, 0x04,
    0x98, 0x04, 0x98, 0x44, 0xCF, 0xCC, 0xC7, 0x8C, 0x60, 0x18, 0x38, 0x70, 0x0F, 0xC0, 0x78, 0x8C,
    0x7C, 0xCC, 0xCC, 0x74, 0x00, 0xFC, 0xFC, 0x1D, 0xC0, 0x3B, 0x80, 0x77, 0x00, 0xEE, 0x00, 0xEE,
    0x00, 0x77, 0x00, 0x3B, 0x80, 0x1D, 0xC0, 0xFF, 0x80, 0xFF, 0x80, 0x01, 0x80, 0x01, 0x80, 0x01,
    0x80, 0xF8, 0xF8, 0xF8, 0x0F, 0x80, 0x30, 0x60, 0x60, 0x10, 0x5F, 0x90, 0x99, 0xC8, 0x98, 0xC8,
    0x99, 0xC8, 0x9F, 0x08, 0x99, 0x88, 0x99, 0x88, 0x58, 0xD0, 0x60, 0x30, 0x38, 0xE0, 0x0F, 0x80,
    0xF8, 0xF8, 0x78, 0xFC, 0xCC, 0xCC, 0xFC, 0x78, 0x1C, 0x00, 0x1C, 0x00, 0xFF, 0x80, 0xFF, 0x80,
    0x1C, 0x00, 0x1C, 0x00, 0x00, 0x00, 0xFF, 0x80, 0xFF, 0x80, 0x78, 0xFC, 0xCC, 0x1C, 0x78, 0xE0,
    0xFC, 0xFC, 0x78, 0xFC, 0xCC, 0x38, 0x3C, 0xCC, 0xFC, 0x78, 0x38, 0x70, 0xE0, 0xE3, 0x80, 0xE3,
    0x80, 0xE3, 0x80, 0xE3, 0x80, 0xE3, 0x80, 0xE3, 0x80, 0xE3, 0x80, 0xE7, 0x80, 0xFF, 0x80, 0xFB,
    0x80, 0xE0, 0x00, 0xE0, 0x00, 0xE0, 0x00, 0xE0, 0x00, 0x3F, 0x80, 0x7B, 0x00, 0xFB, 0x00, 0xFB,
    0x00, 0xFB, 0x00, 0xFB, 0x00, 0xFB, 0x00, 0x7B, 0x00, 0x3B, 0x00, 0x1B, 0x00, 0x1B, 0x00, 0x1B,
    0x00, 0x1B, 0x00, 0x1B, 0x00, 0x1B, 0x00, 0x1B, 0x00, 0x1B, 0x00, 0x1B, 0x00, 0xC0, 0xC0, 0x60,
    0x70, 0x18, 0xF8, 0xF0, 0x30, 0xF0, 0xF0, 0x30, 0x30, 0x30, 0x30, 0x30, 0x78, 0xCC, 0xCC, 0xCC,
    0xCC, 0x78, 0x00, 0xFC, 0xFC, 0xEE, 0x00, 0x77, 0x00, 0x3B, 0x80, 0x1D, 0xC0, 0x1D, 0xC0, 0x3B,
    0x80, 0x77, 0x00, 0xEE, 0x00, 0x30, 0x60, 0xF0, 0x60, 0xF0, 0xC0, 0x30, 0xC0, 0x31, 0x80, 0x31,
    0x98, 0x33, 0x38, 0x36, 0x38, 0x06, 0x78, 0x0C, 0xD8, 0x0C, 0xFC, 0x18, 0x18, 0x18, 0x18, 0x30,
    0x60, 0xF0, 0x60, 0xF0, 0xC0, 0x30, 0xC0, 0x31, 0x80, 0x31, 0xBC, 0x33, 0x7E, 0x36, 0x66, 0x06,
    0x0E, 0x0C, 0x3C, 0x0C, 0x70, 0x18, 0x7E, 0x18, 0x7E, 0x78, 0x30, 0xFC, 0x30, 0xCC, 0x60, 0x38,
    0x60, 0x3C, 0xC0, 0xCC, 0xD8, 0xFD, 0xB8, 0x7B, 0x38, 0x03, 0x78, 0x06, 0xD8, 0x06, 0xFC, 0x0C,
    0x18, 0x0C, 0x18, 0x1C, 0x1C, 0x1C, 0x00, 0x1C, 0x1C, 0x1C, 0x38, 0x78, 0x70, 0xE7, 0xE7, 0xFF,
    0x7E, 0x38, 0x00, 0x1C, 0x00, 0x06, 0x00, 0x00, 0x00, 0x0F, 0x00, 0x0F, 0x00, 0x1F, 0x80, 0x19,
    0x80, 0x19, 0x80, 0x39, 0xC0, 0x39, 0xC0, 0x30, 0xC0, 0x70, 0xE0, 0x7F, 0xE0, 0x7F, 0xE0, 0xE0,
    0x70, 0xE0, 0x70, 0xE0, 0x70, 0x01, 0xC0, 0x03, 0x80, 0x06, 0x00, 0x00, 0x00, 0x0F, 0x00, 0x0F,
    0x00, 0x1F, 0x80, 0x19, 0x80, 0x19, 0x80, 0x39, 0xC0, 0x39, 0xC0, 0x30, 0xC0, 0x70, 0xE0, 0x7F,
    0xE0, 0x7F, 0xE0, 0xE0, 0x70, 0xE0, 0x70, 0xE0, 0x70, 0x07, 0x00, 0x0F, 0x80, 0x1D, 0xC0, 0x00,
    0x00, 0x0F, 0x00, 0x0F, 0x00, 0x1F, 0x80, 0x19, 0x80, 0x19, 0x80, 0x39, 0xC0, 0x39, 0xC0, 0x30,
    0xC0, 0x70, 0xE0, 0x7F, 0xE0, 0x7F, 0xE0, 0xE0, 0x70, 0xE0, 0x70, 0xE0, 0x70, 0x0E, 0x20, 0x1F,
    0xC0, 0x23, 0x80, 0x00, 0x00, 0x0F, 0x00, 0x0F, 0x00, 0x1F, 0x80, 0x19, 0x80, 0x19, 0x80, 0x39,
    0xC0, 0x39, 0xC0, 0x30, 0xC0, 0x70, 0xE0, 0x7F, 0xE0, 0x7F, 0xE0, 0xE0, 0x70, 0xE0, 0x70, 0xE0,
    0x70, 0x19, 0x80, 0x19, 0x80, 0x19, 0x80, 0x00, 0x00, 0x0F, 0x00, 0x0F, 0x00, 0x1F, 0x80, 0x19,
    0x80, 0x19, 0x80, 0x39, 0xC0, 0x39, 0xC0, 0x30, 0xC0, 0x70, 0xE0, 0x7F, 0xE0, 0x7F, 0xE0, 0xE0,
    0x70, 0xE0, 0x70, 0xE0, 0x70, 0x0F, 0x00, 0x19, 0x80, 0x19, 0x80, 0x0F, 0x00, 0x0F, 0x00, 0x0F,
    0x00, 0x1F, 0x80, 0x19, 0x80, 0x19, 0x80, 0x39, 0xC0, 0x39, 0xC0, 0x30, 0xC0, 0x70, 0xE0, 0x7F,
    0xE0, 0x7F, 0xE0, 0xE0, 0x70, 0xE0, 0x70, 0xE0, 0x70, 0x0F, 0xFF, 0x0F, 0xFF, 0x1F, 0x80, 0x1B,
    0x80, 0x3B, 0x80, 0x3B, 0x80, 0x33, 0xFE, 0x73, 0xFE, 0x73, 0x80, 0x7F, 0x80, 0xFF, 0x80, 0xE3,
    0x80, 0xE3, 0xFF, 0xE3, 0xFF, 0x0F, 0x80, 0x3F, 0xE0, 0x78, 0xE0, 0x70, 0x70, 0xF0, 0x70, 0xE0,
    0x00, 0xE0, 0x00, 0xE0, 0x00, 0xE0, 0x00, 0xF0, 0x70, 0x70, 0x70, 0x78, 0xE0, 0x3F, 0xE0, 0x0F,
    0x80, 0x0C, 0x00, 0x0E, 0x00, 0x03, 0x00, 0x1F, 0x00, 0x1E, 0x00, 0x38, 0x00, 0x1C, 0x00, 0x06,
    0x00, 0x00, 0x00, 0xFF, 0xC0, 0xFF, 0xC0, 0xE0, 0x00, 0xE0, 0x00, 0xE0, 0x00, 0xE0, 0x00, 0xFF,
    0x80, 0xFF, 0x80, 0xE0, 0x00, 0xE0, 0x00, 0xE0, 0x00, 0xE0, 0x00, 0xFF, 0xC0, 0xFF, 0xC0, 0x03,
    0x80, 0x07, 0x00, 0x0C, 0x00, 0x00, 0x00, 0xFF, 0xC0, 0xFF, 0xC0, 0xE0, 0x00, 0xE0, 0x00, 0xE0,
    0x00, 0xE0, 0x00, 0xFF, 0x80, 0xFF, 0x80, 0xE0, 0x00, 0xE0, 0x00, 0xE0, 0x00, 0xE0, 0x00, 0xFF,
    0xC0, 0xFF, 0xC0, 0x0E, 0x00, 0x1F, 0x00, 0x3B, 0x80, 0x00, 0x00, 0xFF, 0xC0, 0xFF, 0xC0, 0xE0,
    0x00, 0xE0, 0x00, 0xE0, 0x00, 0xE0, 0x00, 0xFF, 0x80, 0xFF, 0x80, 0xE0, 0x00, 0xE0, 0x00, 0xE0,
    0x00, 0xE0, 0x00, 0xFF, 0xC0, 0xFF, 0xC0, 0x33, 0x00, 0x33, 0x00, 0x33, 0x00, 0x00, 0x00, 0xFF,
    0xC0, 0xFF, 0xC0, 0xE0, 0x00, 0xE0, 0x00, 0xE0, 0x00, 0xE0, 0x00, 0xFF, 0x80, 0xFF, 0x80, 0xE0,
    0x00, 0xE0, 0x00, 0xE0, 0x00, 0xE0, 0x00, 0xFF, 0xC0, 0xFF, 0xC0, 0xE0, 0x70, 0x18, 0x00, 0x38,
    0x38, 0x38, 0x38, 0x38, 0x38, 0x38, 0x38, 0x38, 0x38, 0x38, 0x38, 0x38, 0x38, 0x38, 0x70, 0xC0,
    0x00, 0xE0, 0xE0, 0xE0, 0xE0, 0xE0, 0xE0, 0xE0, 0xE0, 0xE0, 0xE0, 0xE0, 0xE0, 0xE0, 0xE0, 0x38,
    0x7C, 0xEE, 0x00, 0x38, 0x38, 0x38, 0x38, 0x38, 0x38, 0x38, 0x38, 0x38, 0x38, 0x38, 0x38, 0x38,
    0x38, 0xCC, 0xCC, 0xCC, 0x00, 0x70, 0x70, 0x70, 0x70, 0x70, 0x70, 0x70, 0x70, 0x70, 0x70, 0x70,
    0x70, 0x70, 0x70, 0x3F, 0xC0, 0x3F, 0xF0, 0x38, 0x78, 0x38, 0x38, 0x38, 0x1C, 0x38, 0x1C, 0xFF,
    0x1C, 0xFF, 0x1C, 0x38, 0x1C, 0x38, 0x1C, 0x38, 0x38, 0x38, 0x78, 0x3F, 0xF0, 0x3F, 0xC0, 0x0E,
    0x20, 0x1F, 0xC0, 0x23, 0x80, 0x00, 0x00, 0xE0, 0x70, 0xF0, 0x70, 0xF0, 0x70, 0xF8, 0x70, 0xFC,
    0x70, 0xEC, 0x70, 0xEE, 0x70, 0xE6, 0x70, 0xE7, 0x70, 0xE3, 0x70, 0xE1, 0xF0, 0xE1, 0xF0, 0xE0,
    0xF0, 0xE0, 0x70, 0x1C, 0x00, 0x0E, 0x00, 0x03, 0x00, 0x00, 0x00, 0x0F, 0x80, 0x3F, 0xE0, 0x78,
    0xF0, 0x70, 0x70, 0xF0, 0x78, 0xE0, 0x38, 0xE0, 0x38, 0xE0, 0x38, 0xE0, 0x38, 0xF0, 0x78, 0x70,
    0x70, 0x78, 0xF0, 0x3F, 0xE0, 0x0F, 0x80, 0x01, 0xC0, 0x03, 0x80, 0x06, 0x00, 0x00, 0x00, 0x0F,
    0x80, 0x3F, 0xE0, 0x78, 0xF0, 0x70, 0x70, 0xF0, 0x78, 0xE0, 0x38, 0xE0, 0x38, 0xE0, 0x38, 0xE0,
    0x38, 0xF0, 0x78, 0x70, 0x70, 0x78, 0xF0, 0x3F, 0xE0, 0x0F, 0x80, 0x07, 0x00, 0x0F, 0x80, 0x1D,
    0xC0, 0x00, 0x00, 0x0F, 0x80, 0x3F, 0xE0, 0x78, 0xF0, 0x70, 0x70, 0xF0, 0x78, 0xE0, 0x38, 0xE0,
    0x38, 0xE0, 0x38, 0xE0, 0x38, 0xF0, 0x78, 0x70, 0x70, 0x78, 0xF0, 0x3F, 0xE0, 0x0F, 0x80, 0x07,
    0x10, 0x0F, 0xE0, 0x11, 0xC0, 0x00, 0x00, 0x0F, 0x80, 0x3F, 0xE0, 0x78, 0xF0, 0x70, 0x70, 0xF0,
    0x78, 0xE0, 0x38, 0xE0, 0x38, 0xE0, 0x38, 0xE0, 0x38, 0xF0, 0x78, 0x70, 0x70, 0x78, 0xF0, 0x3F,
    0xE0, 0x0F, 0x80, 0x0C, 0xC0, 0x0C, 0xC0, 0x0C, 0xC0, 0x00, 0x00, 0x0F, 0x80, 0x3F, 0xE0, 0x78,
    0xF0, 0x70, 0x70, 0xF0, 0x78, 0xE0, 0x38, 0xE0, 0x38, 0xE0, 0x38, 0xE0, 0x38, 0xF0, 0x78, 0x70,
    0x70, 0x78, 0xF0, 0x3F, 0xE0, 0x0F, 0x80, 0xE1, 0xC0, 0x73, 0x80, 0x3F, 0x00, 0x1E, 0x00, 0x1E,
    0x00, 0x3F, 0x00, 0x73, 0x80, 0xE1, 0xC0, 0x07, 0xC6, 0x1F, 0xFC, 0x3C, 0x38, 0x38, 0x78, 0x78,
    0xDC, 0x71, 0x9C, 0x71, 0x1C, 0x73, 0x1C, 0x76, 0x1C, 0x7C, 0x3C, 0x38, 0x38, 0x3C, 0x78, 0x7F,
    0xF0, 0xC7, 0xC0, 0x1C, 0x00, 0x0E, 0x00, 0x03, 0x00, 0x00, 0x00, 0xE0, 0x70, 0xE0, 0x70, 0xE0,
    0x70, 0xE0, 0x70, 0xE0, 0x70, 0xE0, 0x70, 0xE0, 0x70, 0xE0, 0x70, 0xE0, 0x70, 0xE0, 0x70, 0xE0,
    0x70, 0x70, 0xE0, 0x7F, 0xE0, 0x1F, 0x80, 0x01, 0xC0, 0x03, 0x80, 0x06, 0x00, 0x00, 0x00, 0xE0,
    0x70, 0xE0, 0x70, 0xE0, 0x70, 0xE0, 0x70, 0xE0, 0x70, 0xE0, 0x70, 0xE0, 0x70, 0xE0, 0x70, 0xE0,
    0x70, 0xE0, 0x70, 0xE0, 0x70, 0x70, 0xE0, 0x7F, 0xE0, 0x1F, 0x80, 0x07, 0x00, 0x0F, 0x80, 0x1D,
    0xC0, 0x00, 0x00, 0xE0, 0x70, 0xE0, 0x70, 0xE0, 0x70, 0xE0, 0x70, 0xE0, 0x70, 0xE0, 0x70, 0xE0,
    0x70, 0xE0, 0x70, 0xE0, 0x70, 0xE0, 0x70, 0xE0, 0x70, 0x70, 0xE0, 0x7F, 0xE0, 0x1F, 0x80, 0x19,
    0x80, 0x19, 0x80, 0x19, 0x80, 0x00, 0x00, 0xE0, 0x70, 0xE0, 0x70, 0xE0, 0x70, 0xE0, 0x70, 0xE0,
    0x70, 0xE0, 0x70, 0xE0, 0x70, 0xE0, 0x70, 0xE0, 0x70, 0xE0, 0x70, 0xE0, 0x70, 0x70, 0xE0, 0x7F,
    0xE0, 0x1F, 0x80, 0x01, 0xC0, 0x03, 0x80, 0x06, 0x00, 0x00, 0x00, 0xE0, 0x38, 0xE0, 0x38, 0x70,
    0x70, 0x38, 0xE0, 0x38, 0xE0, 0x1D, 0xC0, 0x1D, 0xC0, 0x0F, 0x80, 0x07, 0x00, 0x07, 0x00, 0x07,
    0x00, 0x07, 0x00, 0x07, 0x00, 0x07, 0x00, 0xE0, 0x00, 0xE0, 0x00, 0xE0, 0x00, 0xFF, 0x00, 0xFF,
    0xC0, 0xE1, 0xE0, 0xE0, 0xE0, 0xE0, 0xE0, 0xE1, 0xE0, 0xFF, 0xC0, 0xFF, 0x00, 0xE0, 0x00, 0xE0,
    0x00, 0xE0, 0x00, 0x3C, 0x7E, 0xE7, 0xE7, 0xE7, 0xE7, 0xEE, 0xEE, 0xE7, 0xE7, 0xE7, 0xE7, 0xEF,
    0xEE, 0x70, 0x00, 0x38, 0x00, 0x0C, 0x00, 0x00, 0x00, 0x3E, 0x00, 0x7F, 0x00, 0x73, 0x80, 0x07,
    0x80, 0x3F, 0x80, 0x7B, 0x80, 0xE3, 0x80, 0xE7, 0x80, 0xFB, 0x80, 0x7B, 0xC0, 0x03, 0x80, 0x07,
    0x00, 0x0C, 0x00, 0x00, 0x00, 0x3E, 0x00, 0x7F, 0x00, 0x73, 0x80, 0x07, 0x80, 0x3F, 0x80, 0x7B,
    0x80, 0xE3, 0x80, 0xE7, 0x80, 0xFB, 0x80, 0x7B, 0xC0, 0x1C, 0x00, 0x3E, 0x00, 0x77, 0x00, 0x00,
    0x00, 0x3E, 0x00, 0x7F, 0x00, 0x73, 0x80, 0x07, 0x80, 0x3F, 0x80, 0x7B, 0x80, 0xE3, 0x80, 0xE7,
    0x80, 0xFB, 0x80, 0x7B, 0xC0, 0x3B, 0x00, 0x7F, 0x00, 0x6E, 0x00, 0x00, 0x00, 0x3E, 0x00, 0x7F,
    0x00, 0x73, 0x80, 0x07, 0x80, 0x3F, 0x80, 0x7B, 0x80, 0xE3, 0x80, 0xE7, 0x80, 0xFB, 0x80, 0x7B,
    0xC0, 0x33, 0x00, 0x33, 0x00, 0x33, 0x00, 0x00, 0x00, 0x3E, 0x00, 0x7F, 0x00, 0x73, 0x80, 0x07,
    0x80, 0x3F, 0x80, 0x7B, 0x80, 0xE3, 0x80, 0xE7, 0x80, 0xFB, 0x80, 0x7B, 0xC0, 0x3C, 0x00, 0x66,
    0x00, 0x66, 0x00, 0x3C, 0x00, 0x3E, 0x00, 0x7F, 0x00, 0x73, 0x80, 0x07, 0x80, 0x3F, 0x80, 0x7B,
    0x80, 0xE3, 0x80, 0xE7, 0x80, 0xFB, 0x80, 0x7B, 0xC0, 0x3D, 0xF0, 0x7F, 0xF8, 0x67, 0x1C, 0x0F,
    0x1C, 0x3F, 0xFC, 0x77, 0x00, 0xE7, 0x00, 0xEF, 0x9C, 0xFF, 0xFC, 0x79, 0xF0, 0x1E, 0x00, 0x7F,
    0x80, 0x73, 0x80, 0xE0, 0x00, 0xE0, 0x00, 0xE0, 0x00, 0xE0, 0x00, 0x73, 0x80, 0x7F, 0x80, 0x1E,
    0x00, 0x18, 0x00, 0x1C, 0x00, 0x06, 0x00, 0x3E, 0x00, 0x3C, 0x00, 0x70, 0x00, 0x38, 0x00, 0x0C,
    0x00, 0x00, 0x00, 0x1E, 0x00, 0x7F, 0x00, 0x73, 0x80, 0xE1, 0x80, 0xFF, 0x80, 0xFF, 0x80, 0xE0,
    0x00, 0x73, 0x80, 0x7F, 0x80, 0x1E, 0x00, 0x03, 0x80, 0x07, 0x00, 0x0C, 0x00, 0x00, 0x00, 0x1E,
    0x00, 0x7F, 0x00, 0x73, 0x80, 0xE1, 0x80, 0xFF, 0x80, 0xFF, 0x80, 0xE0, 0x00, 0x73, 0x80, 0x7F,
    0x80, 0x1E, 0x00, 0x1C, 0x00, 0x3E, 0x00, 0x77, 0x00, 0x00, 0x00, 0x1E, 0x00, 0x7F, 0x00, 0x73,
    0x80, 0xE1, 0x80, 0xFF, 0x80, 0xFF, 0x80, 0xE0, 0x00, 0x73, 0x80, 0x7F, 0x80, 0x1E, 0x00, 0x33,
    0x00, 0x33, 0x00, 0x33, 0x00, 0x00, 0x00, 0x1E, 0x00, 0x7F, 0x00, 0x73, 0x80, 0xE1, 0x80, 0xFF,
    0x80, 0xFF, 0x80, 0xE0, 0x00, 0x73, 0x80, 0x7F, 0x80, 0x1E, 0x00, 0xE0, 0x70, 0x18, 0x00, 0x38,
    0x38, 0x38, 0x38, 0x38, 0x38, 0x38, 0x38, 0x38, 0x38, 0x38, 0x70, 0xC0, 0x00, 0xE0, 0xE0, 0xE0,
    0xE0, 0xE0, 0xE0, 0xE0, 0xE0, 0xE0, 0xE0, 0x38, 0x7C, 0xEE, 0x00, 0x38, 0x38, 0x38, 0x38, 0x38,
    0x38, 0x38, 0x38, 0x38, 0x38, 0xD8, 0xD8, 0xD8, 0x00, 0x70, 0x70, 0x70, 0x70, 0x70, 0x70, 0x70,
    0x70, 0x70, 0x70, 0x60, 0x00, 0x37, 0x00, 0x3C, 0x00, 0x66, 0x00, 0x1F, 0x00, 0x7F, 0x80, 0x73,
    0x80, 0xE1, 0xC0, 0xE1, 0xC0, 0xE1, 0xC0, 0xE1, 0xC0, 0x73, 0x80, 0x7F, 0x80, 0x1E, 0x00, 0x3B,
    0x00, 0x7F, 0x00, 0x6E, 0x00, 0x00, 0x00, 0xEF, 0x00, 0xFF, 0x80, 0xF3, 0x80, 0xE3, 0x80, 0xE3,
    0x80, 0xE3, 0x80, 0xE3, 0x80, 0xE3, 0x80, 0xE3, 0x80, 0xE3, 0x80, 0x70, 0x00, 0x38, 0x00, 0x0C,
    0x00, 0x00, 0x00, 0x1E, 0x00, 0x7F, 0x80, 0x73, 0x80, 0xE1, 0xC0, 0xE1, 0xC0, 0xE1, 0xC0, 0xE1,
    0xC0, 0x73, 0x80, 0x7F, 0x80, 0x1E, 0x00, 0x03, 0x80, 0x07, 0x00, 0x0C, 0x00, 0x00, 0x00, 0x1E,
    0x00, 0x7F, 0x80, 0x73, 0x80, 0xE1, 0xC0, 0xE1, 0xC0, 0xE1, 0xC0, 0xE1, 0xC0, 0x73, 0x80, 0x7F,
    0x80, 0x1E, 0x00, 0x1C, 0x00, 0x3E, 0x00, 0x77, 0x00, 0x00, 0x00, 0x1E, 0x00, 0x7F, 0x80, 0x73,
    0x80, 0xE1, 0xC0, 0xE1, 0xC0, 0xE1, 0xC0, 0xE1, 0xC0, 0x73, 0x80, 0x7F, 0x80, 0x1E, 0x00, 0x3B,
    0x00, 0x7F, 0x00, 0x6E, 0x00, 0x00, 0x00, 0x1E, 0x00, 0x7F, 0x80, 0x73, 0x80, 0xE1, 0xC0, 0xE1,
    0xC0, 0xE1, 0xC0, 0xE1, 0xC0, 0x73, 0x80, 0x7F, 0x80, 0x1E, 0x00, 0x33, 0x00, 0x33, 0x00, 0x33,
    0x00, 0x00, 0x00, 0x1E, 0x00, 0x7F, 0x80, 0x73, 0x80, 0xE1, 0xC0, 0xE1, 0xC0, 0xE1, 0xC0, 0xE1,
    0xC0, 0x73, 0x80, 0x7F, 0x80, 0x1E, 0x00, 0x1C, 0x00, 0x1C, 0x00, 0x00, 0x00, 0xFF, 0x80, 0xFF,
    0x80, 0x00, 0x00, 0x1C, 0x00, 0x1C, 0x00, 0x0F, 0x30, 0x3F, 0xE0, 0x39, 0xC0, 0x73, 0xE0, 0x77,
    0xE0, 0x7E, 0xE0, 0x7C, 0xE0, 0x39, 0xC0, 0x7F, 0xC0, 0xCF, 0x00, 0x70, 0x00, 0x38, 0x00, 0x0C,
    0x00, 0x00, 0x00, 0xE3, 0x80, 0xE3, 0x80, 0xE3, 0x80, 0xE3, 0x80, 0xE3, 0x80, 0xE3, 0x80, 0xE3,
    0x80, 0xE7, 0x80, 0xFF, 0x80, 0x7B, 0x80, 0x03, 0x80, 0x07, 0x00, 0x0C, 0x00, 0x00, 0x00, 0xE3,
    0x80, 0xE3, 0x80, 0xE3, 0x80, 0xE3, 0x80, 0xE3, 0x80, 0xE3, 0x80, 0xE3, 0x80, 0xE7, 0x80, 0xFF,
    0x80, 0x7B, 0x80, 0x1C, 0x00, 0x3E, 0x00, 0x77, 0x00, 0x00, 0x00, 0xE3, 0x80, 0xE3, 0x80, 0xE3,
    0x80, 0xE3, 0x80, 0xE3, 0x80, 0xE3, 0x80, 0xE3, 0x80, 0xE7, 0x80, 0xFF, 0x80, 0x7B, 0x80, 0x33,
    0x00, 0x33, 0x00, 0x33, 0x00, 0x00, 0x00, 0xE3, 0x80, 0xE3, 0x80, 0xE3, 0x80, 0xE3, 0x80, 0xE3,
    0x80, 0xE3, 0x80, 0xE3, 0x80, 0xE7, 0x80, 0xFF, 0x80, 0x7B, 0x80, 0x07, 0x00, 0x0E, 0x00, 0x18,
    0x00, 0x00, 0x00, 0xE3, 0x80, 0xE3, 0x80, 0xE3, 0x80, 0x77, 0x00, 0x77, 0x00, 0x77, 0x00, 0x3E,
    0x00, 0x3E, 0x00, 0x1C, 0x00, 0x1C, 0x00, 0x1C, 0x00, 0x18, 0x00, 0x78, 0x00, 0x70, 0x00, 0xE0,
    0x00, 0xE0, 0x00, 0xE0, 0x00, 0xE0, 0x00, 0xEF, 0x00, 0xFF, 0x80, 0xF3, 0x80, 0xE1, 0xC0, 0xE1,
    0xC0, 0xE1, 0xC0, 0xE1, 0xC0, 0xF3, 0x80, 0xFF, 0x80, 0xEF, 0x00, 0xE0, 0x00, 0xE0, 0x00, 0xE0,
    0x00, 0xE0, 0x00, 0x33, 0x00, 0x33, 0x00, 0x33, 0x00, 0x00, 0x00, 0xE3, 0x80, 0xE3, 0x80, 0xE3,
    0x80, 0x77, 0x00, 0x77, 0x00, 0x77, 0x00, 0x3E, 0x00, 0x3E, 0x00, 0x1C, 0x00, 0x1C, 0x00, 0x1C,
    0x00, 0x18, 0x00, 0x78, 0x00, 0x70, 0x00, 0xFF, 0xC0, 0xFF, 0xC0, 0xFF, 0xFF, 0xC0, 0xFF, 0xFF,
    0xC0, 0x60, 0xC0, 0xC0, 0xE0, 0xE0, 0xE0, 0xE0, 0x60, 0x60, 0xC0, 0xE0, 0xE0, 0x60, 0x60, 0xC0,
    0x66, 0xCC, 0xCC, 0xEE, 0xEE, 0xEE, 0xEE, 0x66, 0x66, 0xCC, 0xEE, 0xEE, 0x66, 0x66, 0xCC, 0x70,
    0xF8, 0xF8, 0xF8, 0x70, 0xC3, 0x0C, 0xC3, 0x0C, 0x03, 0xE0, 0x0F, 0xF8, 0x1E, 0x38, 0x1C, 0x1C,
    0xFF, 0x9C, 0xFF, 0x80, 0x38, 0x00, 0xFF, 0x80, 0xFF, 0x80, 0x3C, 0x1C, 0x1C, 0x1C, 0x1E, 0x38,
    0x0F, 0xF8, 0x03, 0xE0,
};
static const FontGlyph font_b14_glyphs[] = {
    {0x0020, 0, 1, 1, 0, 1, 5},
    {0x0021, 1, 3, 14, 1, 14, 5},
    {0x0022, 15, 5, 5, 1, 14, 7},
    {0x0023, 20, 11, 13, 0, 13, 11},
    {0x0024, 46, 10, 16, 0, 14, 10},
    {0x0025, 78, 13, 13, 1, 13, 16},
    {0x0026, 104, 13, 14, 1, 14, 14},
    {0x0027, 132, 2, 5, 1, 14, 4},
    {0x0028, 137, 6, 18, 1, 14, 7},
    {0x0029, 155, 6, 18, 0, 14, 7},
    {0x002A, 173, 7, 6, 1, 14, 9},
    {0x002B, 179, 8, 8, 1, 9, 11},
    {0x002C, 187, 3, 6, 1, 3, 5},
    {0x002D, 193, 5, 3, 0, 7, 6},
    {0x002E, 196, 3, 3, 1, 3, 5},
    {0x002F, 199, 5, 14, 0, 14, 5},
    {0x0030, 213, 9, 13, 0, 13, 10},
    {0x0031, 239, 6, 13, 1, 13, 10},
    {0x0032, 252, 9, 13, 0, 13, 10},
    {0x0033, 278, 9, 13, 0, 13, 10},
    {0x0034, 304, 9, 13, 0, 13, 10},
    {0x0035, 330, 9, 13, 0, 13, 10},
    {0x0036, 356, 9, 13, 0, 13, 10},
    {0x0037, 382, 9, 13, 0, 13, 10},
    {0x0038, 408, 9, 13, 0, 13, 10},
    {0x0039, 434, 9, 13, 0, 13, 10},
    {0x003A, 460, 3, 10, 1, 10, 6},
    {0x003B, 470, 3, 13, 1, 10, 6},
    {0x003C, 483, 9, 9, 1, 9, 11},
    {0x003D, 501, 9, 5, 1, 8, 11},
    {0x003E, 511, 9, 9, 1, 9, 11},
    {0x003F, 529, 8, 14, 1, 14, 10},
    {0x0040, 543, 16, 17, 1, 14, 18},
    {0x0041, 577, 12, 14, 1, 14, 14},
    {0x0042, 605, 11, 14, 2, 14, 14},
    {0x0043, 633, 12, 14, 1, 14, 14},
    {0x0044, 661, 12, 14, 1, 14, 14},
    {0x0045, 689, 10, 14, 2, 14, 13},
    {0x0046, 717, 10, 14, 1, 14, 12},
    {0x0047, 745, 12, 14, 1, 14, 15},
    {0x0048, 773, 12, 14, 1, 14, 14},
    {0x0049, 801, 3, 14, 1, 14, 5},
    {0x004A, 815, 9, 14, 0, 14, 10},
    {0x004B, 843, 13, 14, 1, 14, 14},
    {0x004C, 871, 9, 14, 1, 14, 11},
    {0x004D, 899, 14, 14, 1, 14, 16},
    {0x004E, 927, 12, 14, 1, 14, 14},
    {0x004F, 955, 13, 14, 1, 14, 15},
    {0x0050, 983, 11, 14, 1, 14, 13},
    {0x0051, 1011, 13, 15, 1, 14, 15},
    {0x0052, 1041, 12, 14, 1, 14, 14},
    {0x0053, 1069, 11, 14, 1, 14, 13},
    {0x0054, 1097, 11, 14, 0, 14, 11},
    {0x0055, 1125, 12, 14, 1, 14, 14},
    {0x0056, 1153, 13, 14, 0, 14, 13},
    {0x0057, 1181, 15, 14, 1, 14, 17},
    {0x0058, 1209, 12, 14, 0, 14, 12},
    {0x0059, 1237, 13, 14, 0, 14, 13},
    {0x005A, 1265, 10, 14, 1, 14, 12},
    {0x005B, 1293, 5, 18, 1, 14, 6},
    {0x005C, 1311, 5, 14, 0, 14, 5},
    {0x005D, 1325, 5, 18, 0, 14, 6},
    {0x005E, 1343, 10, 7, 0, 13, 10},
    {0x005F, 1357, 10, 2, 0, -2, 10},
    {0x0060, 1361, 5, 3, 0, 14, 5},
    {0x0061, 1364, 10, 10, 1, 10, 11},
    {0x0062, 1384, 10, 14, 1, 14, 12},
    {0x0063, 1412, 9, 10, 1, 10, 11},
    {0x0064, 1432, 10, 14, 1, 14, 12},
    {0x0065, 1460, 9, 10, 1, 10, 11},
    {0x0066, 1480, 7, 14, 0, 14, 7},
    {0x0067, 1494, 10, 14, 1, 10, 12},
    {0x0068, 1522, 9, 14, 1, 14, 11},
    {0x0069, 1550, 3, 14, 1, 14, 5},
    {0x006A, 1564, 5, 18, -1, 14, 5},
    {0x006B, 1582, 9, 14, 1, 14, 10},
    {0x006C, 1610, 3, 14, 1, 14, 5},
    {0x006D, 1624, 15, 10, 1, 10, 17},
    {0x006E, 1644, 9, 10, 1, 10, 11},
    {0x006F, 1664, 10, 10, 1, 10, 12},
    {0x0070, 1684, 10, 14, 1, 10, 12},
    {0x0071, 1712, 10, 14, 1, 10, 12},
    {0x0072, 1740, 6, 10, 1, 10, 7},
    {0x0073, 1750, 9, 10, 1, 10, 11},
    {0x0074, 1770, 6, 13, 0, 13, 6},
    {0x0075, 1783, 9, 10, 1, 10, 11},
    {0x0076, 1803, 9, 10, 0, 10, 9},
    {0x0077, 1823, 15, 10, 0, 10, 15},
    {0x0078, 1843, 9, 10, 1, 10, 11},
    {0x0079, 1863, 9, 14, 1, 10, 11},
    {0x007A, 1891, 8, 10, 1, 10, 10},
    {0x007B, 1901, 7, 18, 1, 14, 8},
    {0x007C, 1919, 2, 18, 1, 14, 5},
    {0x007D, 1937, 7, 18, 0, 14, 8},
    {0x007E, 1955, 9, 3, 1, 7, 11},
    {0x00A0, 1961, 1, 1, 0, 1, 5},
    {0x00A1, 1962, 3, 14, 2, 10, 6},
    {0x00A2, 1976, 8, 14, 1, 12, 10},
    {0x00A3, 1990, 10, 13, 0, 13, 11},
    {0x00A4, 2016, 9, 8, 1, 10, 11},
    {0x00A5, 2032, 9, 13, 0, 13, 10},
    {0x00A6, 2058, 2, 18, 1, 14, 5},
    {0x00A7, 2076, 9, 18, 0, 14, 10},
    {0x00A8, 2112, 5, 2, 1, 14, 7},
    {0x00A9, 2114, 14, 14, 1, 14, 15},
    {0x00AA, 2142, 6, 9, 1, 14, 8},
    {0x00AB, 2151, 10, 8, 0, 9, 11},
    {0x00AC, 2167, 9, 5, 1, 8, 11},
    {0x00AD, 2177, 5, 3, 0, 7, 6},
    {0x00AE, 2180, 13, 14, 1, 14, 15},
    {0x00AF, 2208, 5, 2, 1, 14, 7},
    {0x00B0, 2210, 6, 6, 0, 13, 7},
    {0x00B1, 2216, 9, 9, 1, 9, 11},
    {0x00B2, 2234, 6, 8, 0, 13, 6},
    {0x00B3, 2242, 6, 8, 0, 13, 6},
    {0x00B4, 2250, 5, 3, 0, 14, 5},
    {0x00B5, 2253, 9, 14, 1, 10, 11},
    {0x00B6, 2281, 9, 18, 0, 14, 10},
    {0x00B7, 2317, 2, 2, 1, 8, 5},
    {0x00B8, 2319, 5, 5, 1, 0, 7},
    {0x00B9, 2324, 4, 8, 0, 13, 6},
    {0x00BA, 2332, 6, 9, 1, 14, 8},
    {0x00BB, 2341, 10, 8, 0, 9, 11},
    {0x00BC, 2357, 14, 13, 0, 13, 15},
    {0x00BD, 2383, 15, 13, 0, 13, 15},
    {0x00BE, 2409, 14, 13, 0, 13, 15},
    {0x00BF, 2435, 8, 14, 1, 10, 10},
    {0x00C0, 2449, 12, 18, 1, 18, 14},
    {0x00C1, 2485, 12, 18, 1, 18, 14},
    {0x00C2, 2521, 12, 18, 1, 18, 14},
    {0x00C3, 2557, 12, 18, 1, 18, 14},
    {0x00C4, 2593, 12, 18, 1, 18, 14},
    {0x00C5, 2629, 12, 18, 1, 18, 14},
    {0x00C6, 2665, 16, 14, 1, 14, 18},
    {0x00C7, 2693, 12, 19, 1, 14, 14},
    {0x00C8, 2731, 10, 18, 2, 18, 13},
    {0x00C9, 2767, 10, 18, 2, 18, 13},
    {0x00CA, 2803, 10, 18, 2, 18, 13},
    {0x00CB, 2839, 10, 18, 2, 18, 13},
    {0x00CC, 2875, 5, 18, -1, 18, 5},
    {0x00CD, 2893, 5, 18, 1, 18, 5},
    {0x00CE, 2911, 7, 18, -1, 18, 5},
    {0x00CF, 2929, 6, 18, 0, 18, 5},
    {0x00D0, 2947, 14, 14, -1, 14, 14},
    {0x00D1, 2975, 12, 18, 1, 18, 14},
    {0x00D2, 3011, 13, 18, 1, 18, 15},
    {0x00D3, 3047, 13, 18, 1, 18, 15},
    {0x00D4, 3083, 13, 18, 1, 18, 15},
    {0x00D5, 3119, 13, 18, 1, 18, 15},
    {0x00D6, 3155, 13, 18, 1, 18, 15},
    {0x00D7, 3191, 10, 8, 0, 9, 11},
    {0x00D8, 3207, 15, 14, 0, 14, 15},
    {0x00D9, 3235, 12, 18, 1, 18, 14},
    {0x00DA, 3271, 12, 18, 1, 18, 14},
    {0x00DB, 3307, 12, 18, 1, 18, 14},
    {0x00DC, 3343, 12, 18, 1, 18, 14},
    {0x00DD, 3379, 13, 18, 0, 18, 13},
    {0x00DE, 3415, 11, 14, 1, 14, 13},
    {0x00DF, 3443, 8, 14, 1, 14, 10},
    {0x00E0, 3457, 10, 14, 1, 14, 11},
    {0x00E1, 3485, 10, 14, 1, 14, 11},
    {0x00E2, 3513, 10, 14, 1, 14, 11},
    {0x00E3, 3541, 10, 14, 1, 14, 11},
    {0x00E4, 3569, 10, 14, 1, 14, 11},
    {0x00E5, 3597, 10, 14, 1, 14, 11},
    {0x00E6, 3625, 14, 10, 1, 10, 16},
    {0x00E7, 3645, 9, 15, 1, 10, 10},
    {0x00E8, 3675, 9, 14, 1, 14, 11},
    {0x00E9, 3703, 9, 14, 1, 14, 11},
    {0x00EA, 3731, 9, 14, 1, 14, 11},
    {0x00EB, 3759, 9, 14, 1, 14, 11},
    {0x00EC, 3787, 5, 14, -1, 14, 5},
    {0x00ED, 3801, 5, 14, 1, 14, 5},
    {0x00EE, 3815, 7, 14, -1, 14, 5},
    {0x00EF, 3829, 5, 14, 0, 14, 5},
    {0x00F0, 3843, 10, 14, 1, 14, 12},
    {0x00F1, 3871, 9, 14, 1, 14, 11},
    {0x00F2, 3899, 10, 14, 1, 14, 12},
    {0x00F3, 3927, 10, 14, 1, 14, 12},
    {0x00F4, 3955, 10, 14, 1, 14, 12},
    {0x00F5, 3983, 10, 14, 1, 14, 12},
    {0x00F6, 4011, 10, 14, 1, 14, 12},
    {0x00F7, 4039, 9, 8, 1, 9, 11},
    {0x00F8, 4055, 12, 10, 0, 10, 12},
    {0x00F9, 4075, 9, 14, 1, 14, 11},
    {0x00FA, 4103, 9, 14, 1, 14, 11},
    {0x00FB, 4131, 9, 14, 1, 14, 11},
    {0x00FC, 4159, 9, 14, 1, 14, 11},
    {0x00FD, 4187, 9, 18, 1, 14, 11},
    {0x00FE, 4223, 10, 18, 1, 14, 12},
    {0x00FF, 4259, 9, 18, 1, 14, 11},
    {0x2013, 4295, 10, 2, 0, 6, 10},
    {0x2014, 4299, 18, 2, 0, 6, 18},
    {0x2018, 4305, 3, 5, 1, 14, 5},
    {0x2019, 4310, 3, 5, 1, 14, 5},
    {0x201A, 4315, 3, 5, 1, 2, 5},
    {0x201C, 4320, 7, 5, 1, 14, 9},
    {0x201D, 4325, 7, 5, 1, 14, 9},
    {0x201E, 4330, 7, 5, 1, 2, 9},
    {0x2022, 4335, 5, 5, 1, 9, 7},
    {0x2026, 4340, 14, 2, 2, 2, 18},
    {0x20AC, 4344, 14, 14, -1, 14, 14},
};
const Font FONT_B14 = {font_b14_glyphs, 202, font_b14_bitmap, 16, 5};

static const uint8_t font_b18_bitmap[] = {
    0x00, 0xE0, 0xE0, 0xE0, 0xE0, 0xE0, 0xE0, 0xE0, 0xE0, 0xE0, 0xE0, 0xE0, 0xC0, 0xC0, 0xC0, 0x00,
    0x00, 0xE0, 0xE0, 0xE0, 0xD8, 0xD8, 0xD8, 0xD8, 0xD8, 0x90, 0x0C, 0xC0, 0x0C, 0xC0, 0x0C, 0xC0,
    0x0C, 0xC0, 0x0C, 0xC0, 0x7F, 0xF0, 0x7F, 0xF0, 0x19, 0x80, 0x19, 0x80, 0x19, 0x80, 0x19, 0x80,
    0xFF, 0xE0, 0xFF, 0xE0, 0x33, 0x00, 0x33, 0x00, 0x33, 0x00, 0x33, 0x00, 0x33, 0x00, 0x06, 0x00,
    0x3F, 0x80, 0x7F, 0xE0, 0xF6, 0xE0, 0xE6, 0x70, 0xE6, 0x70, 0xF6, 0x00, 0x7E, 0x00, 0x3E, 0x00,
    0x0F, 0x00, 0x07, 0xC0, 0x07, 0xE0, 0x06, 0xF0, 0xE6, 0x70, 0xE6, 0x70, 0xE6, 0x70, 0xF6, 0xF0,
    0x7F, 0xE0, 0x1F, 0xC0, 0x06, 0x00, 0x06, 0x00, 0x00, 0x07, 0x00, 0x3E, 0x07, 0x00, 0x7F, 0x0E,
    0x00, 0xE3, 0x8E, 0x00, 0xC1, 0x9C, 0x00, 0xC1, 0x9C, 0x00, 0xE3, 0xB8, 0x00, 0x7F, 0x38, 0x00,
    0x3E, 0x70, 0x00, 0x00, 0x70, 0x00, 0x00, 0xE3, 0xE0, 0x00, 0xE7, 0xF0, 0x01, 0xCE, 0x38, 0x01,
    0xCC, 0x18, 0x03, 0x8C, 0x18, 0x03, 0x8E, 0x38, 0x07, 0x07, 0xF0, 0x07, 0x03, 0xE0, 0x0F, 0x80,
    0x1F, 0xC0, 0x3D, 0xE0, 0x38, 0xE0, 0x38, 0xE0, 0x38, 0xE0, 0x1D, 0xC0, 0x0F, 0x80, 0x1F, 0x00,
    0x3F, 0x9C, 0x7B, 0xDC, 0x71, 0xFC, 0xE0, 0xF8, 0xE0, 0x70, 0xE0, 0xF8, 0xF1, 0xFC, 0x7F, 0xCE,
    0x1F, 0x87, 0xC0, 0xC0, 0xC0, 0xC0, 0xC0, 0x80, 0x0C, 0x1C, 0x38, 0x38, 0x70, 0x70, 0x60, 0xE0,
    0xE0, 0xE0, 0xE0, 0xE0, 0xE0, 0xE0, 0xE0, 0xE0, 0xE0, 0x60, 0x70, 0x70, 0x38, 0x38, 0x1C, 0x0C,
    0xC0, 0xE0, 0x70, 0x70, 0x38, 0x38, 0x18, 0x1C, 0x1C, 0x1C, 0x1C, 0x1C, 0x1C, 0x1C, 0x1C, 0x1C,
    0x1C, 0x18, 0x38, 0x38, 0x70, 0x70, 0xE0, 0xC0, 0x18, 0x18, 0xDB, 0xFF, 0x3C, 0x66, 0x66, 0x06,
    0x00, 0x06, 0x00, 0x06, 0x00, 0x06, 0x00, 0x06, 0x00, 0xFF, 0xF0, 0xFF, 0xF0, 0x06, 0x00, 0x06,
    0x00, 0x06, 0x00, 0x06, 0x00, 0x06, 0x00, 0xE0, 0xE0, 0xE0, 0x60, 0x60, 0xC0, 0xFE, 0xFE, 0xFE,
    0xE0, 0xE0, 0xE0, 0x06, 0x06, 0x06, 0x0C, 0x0C, 0x0C, 0x18, 0x18, 0x18, 0x18, 0x30, 0x30, 0x30,
    0x60, 0x60, 0x60, 0xC0, 0xC0, 0xC0, 0x1F, 0x80, 0x3F, 0xC0, 0x79, 0xE0, 0x70, 0xE0, 0x70, 0xE0,
    0xE0, 0x70, 0xE0, 0x70, 0xE0, 0x70, 0xE0, 0x70, 0xE0, 0x70, 0xE0, 0x70, 0xE0, 0x70, 0xE0, 0x70,
    0x70, 0xE0, 0x70, 0xE0, 0x79, 0xE0, 0x3F, 0xC0, 0x1F, 0x80, 0x0E, 0x0E, 0x1E, 0xFE, 0xFE, 0x0E,
    0x0E, 0x0E, 0x0E, 0x0E, 0x0E, 0x0E, 0x0E, 0x0E, 0x0E, 0x0E, 0x0E, 0x0E, 0x1F, 0x00, 0x7F, 0xC0,
    0x71, 0xE0, 0xE0, 0xE0, 0xE0, 0x70, 0xE0, 0x70, 0x00, 0x70, 0x00, 0xE0, 0x01, 0xE0, 0x03, 0xC0,
    0x07, 0x80, 0x1F, 0x00, 0x3C, 0x00, 0x78, 0x00, 0xF0, 0x00, 0xE0, 0x00, 0xFF, 0xF0, 0xFF, 0xF0,
    0x1F, 0x00, 0x7F, 0xC0, 0x71, 0xC0, 0xE0, 0xE0, 0xE0, 0xE0, 0xE0, 0xE0, 0x00, 0xE0, 0x01, 0xC0,
    0x0F, 0x80, 0x0F, 0xE0, 0x00, 0xE0, 0x00, 0x70, 0x00, 0x70, 0xE0, 0x70, 0xE0, 0xF0, 0x71, 0xE0,
    0x7F, 0xE0, 0x1F, 0x80, 0x01, 0xC0, 0x03, 0xC0, 0x03, 0xC0, 0x07, 0xC0, 0x07, 0xC0, 0x0D, 0xC0,
    0x1D, 0xC0, 0x19, 0xC0, 0x31, 0xC0, 0x71, 0xC0, 0x61, 0xC0, 0xE1, 0xC0, 0xFF, 0xF0, 0xFF, 0xF0,
    0x01, 0xC0, 0x01, 0xC0, 0x01, 0xC0, 0x01, 0xC0, 0x7F, 0xE0, 0x7F, 0xE0, 0x70, 0x00, 0x70, 0x00,
    0x70, 0x00, 0x70, 0x00, 0x7F, 0x80, 0x7F, 0xC0, 0x71, 0xE0, 0x00, 0xE0, 0x00, 0x70, 0x00, 0x70,
    0x00, 0x70, 0xE0, 0x70, 0xE0, 0xF0, 0xF1, 0xE0, 0x7F, 0xC0, 0x1F, 0x80, 0x0F, 0x80, 0x3F, 0xE0,
    0x78, 0xE0, 0x70, 0x70, 0xE0, 0x70, 0xE0, 0x00, 0xE0, 0x00, 0xEF, 0x00, 0xFF, 0xC0, 0xF9, 0xE0,
    0xF0, 0xE0, 0xE0, 0x70, 0xE0, 0x70, 0xE0, 0x70, 0x70, 0xE0, 0x79, 0xE0, 0x3F, 0xC0, 0x1F, 0x80,
    0xFF, 0xF0, 0xFF, 0xF0, 0x00, 0xF0, 0x00, 0xE0, 0x01, 0xC0, 0x01, 0xC0, 0x03, 0x80, 0x03, 0x80,
    0x07, 0x00, 0x07, 0x00, 0x0E, 0x00, 0x0E, 0x00, 0x1E, 0x00, 0x1C, 0x00, 0x1C, 0x00, 0x3C, 0x00,
    0x38, 0x00, 0x38, 0x00, 0x0F, 0x00, 0x3F, 0xC0, 0x39, 0xC0, 0x70, 0xE0, 0x70, 0xE0, 0x70, 0xE0,
    0x70, 0xE0, 0x39, 0xC0, 0x1F, 0x80, 0x3F, 0xC0, 0x70, 0xE0, 0xE0, 0x70, 0xE0, 0x70, 0xE0, 0x70,
    0xE0, 0x70, 0x70, 0xE0, 0x7F, 0xE0, 0x1F, 0x80, 0x1F, 0x80, 0x7F, 0xC0, 0x79, 0xE0, 0xF0, 0xE0,
    0xE0, 0x70, 0xE0, 0x70, 0xE0, 0x70, 0xE0, 0x70, 0xF0, 0xF0, 0x79, 0xF0, 0x7F, 0xF0, 0x1F, 0x70,
    0x00, 0x70, 0x00, 0x70, 0xE0, 0xE0, 0xF3, 0xE0, 0x7F, 0xC0, 0x1F, 0x00, 0xE0, 0xE0, 0xE0, 0x00,
    0x00, 0x00, 0x00, 0x00, 0x00, 0x00, 0x00, 0xE0, 0xE0, 0xE0, 0xE0, 0xE0, 0xE0, 0x00, 0x00, 0x00,
    0x00, 0x00, 0x00, 0x00, 0x00, 0xE0, 0xE0, 0xE0, 0x60, 0x60, 0xC0, 0x00, 0x38, 0x00, 0xF8, 0x03,
    0xE0, 0x0F, 0x80, 0x3E, 0x00, 0xF0, 0x00, 0xF0, 0x00, 0x3E, 0x00, 0x0F, 0x80, 0x03, 0xE0, 0x00,
    0xF8, 0x00, 0x38, 0xFF, 0xC0, 0xFF, 0xC0, 0x00, 0x00, 0xFF, 0xC0, 0xFF, 0xC0, 0xE0, 0x00, 0xF8,
    0x00, 0x3E, 0x00, 0x0F, 0x80, 0x03, 0xE0, 0x00, 0x78, 0x00, 0x78, 0x03, 0xE0, 0x0F, 0x80, 0x3E,
    0x00, 0xF8, 0x00, 0xE0, 0x00, 0x1F, 0x80, 0x7F, 0xC0, 0x79, 0xE0, 0xF0, 0xE0, 0xE0, 0xE0, 0xE1,
    0xE0, 0x01, 0xC0, 0x03, 0xC0, 0x07, 0x80, 0x07, 0x00, 0x0E, 0x00, 0x0E, 0x00, 0x0E, 0x00, 0x0E,
    0x00, 0x00, 0x00, 0x00, 0x00, 0x0E, 0x00, 0x0E, 0x00, 0x0E, 0x00, 0x01, 0xFF, 0x00, 0x07, 0xFF,
    0xC0, 0x0F, 0x81, 0xF0, 0x1E, 0x00, 0x78, 0x3C, 0x00, 0x38, 0x78, 0x7D, 0x9C, 0x70, 0xFF, 0x9C,
    0xF1, 0xC7, 0x1C, 0xE3, 0x87, 0x1C, 0xE3, 0x0E, 0x1C, 0xE7, 0x0E, 0x38, 0xE7, 0x0C, 0x38, 0xE7,
    0x1C, 0x70, 0xE7, 0x1C, 0x70, 0xE3, 0x9D, 0xE0, 0xF3, 0xFF, 0xC0, 0x71, 0xF7, 0x00, 0x78, 0x00,
    0x00, 0x3C, 0x00, 0x00, 0x1F, 0x07, 0x00, 0x0F, 0xFF, 0x00, 0x03, 0xFC, 0x00, 0x03, 0xC0, 0x03,
    0xC0, 0x07, 0xE0, 0x07, 0xE0, 0x0E, 0x60, 0x0E, 0x70, 0x0E, 0x70, 0x1C, 0x38, 0x1C, 0x38, 0x1C,
    0x38, 0x38, 0x1C, 0x38, 0x1C, 0x3F, 0xFC, 0x7F, 0xFE, 0x70, 0x0E, 0x70, 0x0E, 0xE0, 0x07, 0xE0,
    0x07, 0xE0, 0x07, 0xFF, 0xE0, 0xFF, 0xF8, 0xE0, 0x78, 0xE0, 0x1C, 0xE0, 0x1C, 0xE0, 0x1C, 0xE0,
    0x1C, 0xE0, 0x38, 0xFF, 0xF0, 0xFF, 0xF8, 0xE0, 0x1C, 0xE0, 0x0E, 0xE0, 0x0E, 0xE0, 0x0E, 0xE0,
    0x0E, 0xE0, 0x1E, 0xE0, 0x7C, 0xFF, 0xF8, 0xFF, 0xE0, 0x07, 0xF0, 0x1F, 0xFC, 0x3E, 0x3E, 0x78,
    0x0F, 0x70, 0x07, 0xF0, 0x00, 0xE0, 0x00, 0xE0, 0x00, 0xE0, 0x00, 0xE0, 0x00, 0xE0, 0x00, 0xE0,
    0x00, 0xE0, 0x00, 0xF0, 0x07, 0x70, 0x07, 0x78, 0x0F, 0x3E, 0x3E, 0x1F, 0xFC, 0x07, 0xF0, 0xFF,
    0xE0, 0xFF, 0xF8, 0xE0, 0x7C, 0xE0, 0x1E, 0xE0, 0x0E, 0xE0, 0x0F, 0xE0, 0x07, 0xE0, 0x07, 0xE0,
    0x07, 0xE0, 0x07, 0xE0, 0x07, 0xE0, 0x07, 0xE0, 0x07, 0xE0, 0x0F, 0xE0, 0x0E, 0xE0, 0x1E, 0xE0,
    0x7C, 0xFF, 0xF8, 0xFF, 0xE0, 0xFF, 0xF0, 0xFF, 0xF0, 0xE0, 0x00, 0xE0, 0x00, 0xE0, 0x00, 0xE0,
    0x00, 0xE0, 0x00, 0xE0, 0x00, 0xFF, 0xE0, 0xFF, 0xE0, 0xE0, 0x00, 0xE0, 0x00, 0xE0, 0x00, 0xE0,
    0x00, 0xE0, 0x00, 0xE0, 0x00, 0xE0, 0x00, 0xFF, 0xF8, 0xFF, 0xF8, 0xFF, 0xF0, 0xFF, 0xF0, 0xE0,
    0x00, 0xE0, 0x00, 0xE0, 0x00, 0xE0, 0x00, 0xE0, 0x00, 0xE0, 0x00, 0xFF, 0xE0, 0xFF, 0xE0, 0xE0,
    0x00, 0xE0, 0x00, 0xE0, 0x00, 0xE0, 0x00, 0xE0, 0x00, 0xE0, 0x00, 0xE0, 0x00, 0xE0, 0x00, 0xE0,
    0x00, 0x07, 0xF0, 0x00, 0x1F, 0xFC, 0x00, 0x3E, 0x3E, 0x00, 0x78, 0x0F, 0x00, 0x70, 0x07, 0x00,
    0xF0, 0x00, 0x00, 0xE0, 0x00, 0x00, 0xE0, 0x00, 0x00, 0xE0, 0x00, 0x00, 0xE0, 0x7F, 0x80, 0xE0,
    0x7F, 0x80, 0xE0, 0x03, 0x80, 0xE0, 0x03, 0x80, 0xF0, 0x03, 0x80, 0x70, 0x07, 0x80, 0x78, 0x0F,
    0x80, 0x3E, 0x3F, 0x80, 0x1F, 0xFB, 0x80, 0x07, 0xF3, 0x80, 0xE0, 0x0E, 0xE0, 0x0E, 0xE0, 0x0E,
    0xE0, 0x0E, 0xE0, 0x0E, 0xE0, 0x0E, 0xE0, 0x0E, 0xE0, 0x0E, 0xFF, 0xFE, 0xFF, 0xFE, 0xE0, 0x0E,
    0xE0, 0x0E, 0xE0, 0x0E, 0xE0, 0x0E, 0xE0, 0x0E, 0xE0, 0x0E, 0xE0, 0x0E, 0xE0, 0x0E, 0xE0, 0x0E,
    0xE0, 0xE0, 0xE0, 0xE0, 0xE0, 0xE0, 0xE0, 0xE0, 0xE0, 0xE0, 0xE0, 0xE0, 0xE0, 0xE0, 0xE0, 0xE0,
    0xE0, 0xE0, 0xE0, 0x00, 0xE0, 0x00, 0xE0, 0x00, 0xE0, 0x00, 0xE0, 0x00, 0xE0, 0x00, 0xE0, 0x00,
    0xE0, 0x00, 0xE0, 0x00, 0xE0, 0x00, 0xE0, 0x00, 0xE0, 0x00, 0xE0, 0xE0, 0xE0, 0xE0, 0xE0, 0xE0,
    0xE0, 0xE0, 0xE0, 0x71, 0xE0, 0x7F, 0xC0, 0x3F, 0x80, 0xE0, 0x3C, 0xE0, 0x78, 0xE0, 0xF0, 0xE1,
    0xE0, 0xE3, 0xC0, 0xE7, 0x80, 0xEF, 0x00, 0xFE, 0x00, 0xFE, 0x00, 0xFF, 0x00, 0xF7, 0x80, 0xE3,
    0x80, 0xE1, 0xC0, 0xE1, 0xE0, 0xE0, 0xE0, 0xE0, 0x70, 0xE0, 0x78, 0xE0, 0x38, 0xE0, 0x3C, 0xE0,
    0x00, 0xE0, 0x00, 0xE0, 0x00, 0xE0, 0x00, 0xE0, 0x00, 0xE0, 0x00, 0xE0, 0x00, 0xE0, 0x00, 0xE0,
    0x00, 0xE0, 0x00, 0xE0, 0x00, 0xE0, 0x00, 0xE0, 0x00, 0xE0, 0x00, 0xE0, 0x00, 0xE0, 0x00, 0xE0,
    0x00, 0xFF, 0xF0, 0xFF, 0xF0, 0xE0, 0x00, 0xE0, 0xF0, 0x01, 0xE0, 0xF0, 0x01, 0xE0, 0xF8, 0x03,
    0xE0, 0xF8, 0x03, 0xE0, 0xFC, 0x07, 0xE0, 0xEC, 0x06, 0xE0, 0xEE, 0x0E, 0xE0, 0xE6, 0x0C, 0xE0,
    0xE7, 0x1C, 0xE0, 0xE7, 0x1C, 0xE0, 0xE3, 0x18, 0xE0, 0xE3, 0xB8, 0xE0, 0xE3, 0xB8, 0xE0, 0xE1,
    0xF0, 0xE0, 0xE1, 0xF0, 0xE0, 0xE0, 0xE0, 0xE0, 0xE0, 0xE0, 0xE0, 0xE0, 0xE0, 0xE0, 0xE0, 0x0E,
    0xF0, 0x0E, 0xF0, 0x0E, 0xF8, 0x0E, 0xF8, 0x0E, 0xFC, 0x0E, 0xEE, 0x0E, 0xEE, 0x0E, 0xE7, 0x0E,
    0xE3, 0x8E, 0xE3, 0x8E, 0xE1, 0xCE, 0xE0, 0xCE, 0xE0, 0xEE, 0xE0, 0x7E, 0xE0, 0x3E, 0xE0, 0x3E,
    0xE0, 0x1E, 0xE0, 0x0E, 0x07, 0xF0, 0x00, 0x1F, 0xFC, 0x00, 0x3E, 0x3E, 0x00, 0x78, 0x0F, 0x00,
    0x70, 0x07, 0x00, 0xF0, 0x07, 0x80, 0xE0, 0x03, 0x80, 0xE0, 0x03, 0x80, 0xE0, 0x03, 0x80, 0xE0,
    0x03, 0x80, 0xE0, 0x03, 0x80, 0xE0, 0x03, 0x80, 0xE0, 0x03, 0x80, 0xF0, 0x07, 0x80, 0x70, 0x07,
    0x00, 0x78, 0x0F, 0x00, 0x3E, 0x3E, 0x00, 0x1F, 0xFC, 0x00, 0x07, 0xF0, 0x00, 0xFF, 0xE0, 0xFF,
    0xF8, 0xE0, 0x38, 0xE0, 0x1C, 0xE0, 0x1C, 0xE0, 0x1C, 0xE0, 0x1C, 0xE0, 0x38, 0xFF, 0xF8, 0xFF,
    0xF0, 0xE0, 0x00, 0xE0, 0x00, 0xE0, 0x00, 0xE0, 0x00, 0xE0, 0x00, 0xE0, 0x00, 0xE0, 0x00, 0xE0,
    0x00, 0xE0, 0x00, 0x07, 0xF0, 0x00, 0x1F, 0xFC, 0x00, 0x3E, 0x3E, 0x00, 0x78, 0x0F, 0x00, 0x70,
    0x07, 0x00, 0xF0, 0x07, 0x80, 0xE0, 0x03, 0x80, 0xE0, 0x03, 0x80, 0xE0, 0x03, 0x80, 0xE0, 0x03,
    0x80, 0xE0, 0x03, 0x80, 0xE0, 0x03, 0x80, 0xE0, 0x03, 0x80, 0xF0, 0x27, 0x80, 0x70, 0x77, 0x00,
    0x78, 0x3F, 0x00, 0x3E, 0x1E, 0x00, 0x1F, 0xFE, 0x00, 0x07, 0xF7, 0x00, 0x00, 0x02, 0x00, 0xFF,
    0xE0, 0xFF, 0xF8, 0xE0, 0x38, 0xE0, 0x1C, 0xE0, 0x1C, 0xE0, 0x1C, 0xE0, 0x1C, 0xE0, 0x38, 0xFF,
    0xF8, 0xFF, 0xF0, 0xE0, 0x78, 0xE0, 0x38, 0xE0, 0x1C, 0xE0, 0x1C, 0xE0, 0x1C, 0xE0, 0x1C, 0xE0,
    0x1C, 0xE0, 0x1C, 0xE0, 0x1C, 0x0F, 0xC0, 0x3F, 0xF0, 0x78, 0xF8, 0xF0, 0x38, 0xE0, 0x38, 0xE0,
    0x00, 0xF0, 0x00, 0x7C, 0x00, 0x3F, 0xC0, 0x07, 0xF0, 0x00, 0xF8, 0x00, 0x3C, 0x00, 0x1C, 0xE0,
    0x1C, 0xE0, 0x1C, 0xE0, 0x3C, 0xF8, 0xF8, 0x7F, 0xF0, 0x1F, 0xC0, 0xFF, 0xFE, 0xFF, 0xFE, 0x03,
    0x80, 0x03, 0x80, 0x03, 0x80, 0x03, 0x80, 0x03, 0x80, 0x03, 0x80, 0x03, 0x80, 0x03, 0x80, 0x03,
    0x80, 0x03, 0x80, 0x03, 0x80, 0x03, 0x80, 0x03, 0x80, 0x03, 0x80, 0x03, 0x80, 0x03, 0x80, 0x03,
    0x80, 0xE0, 0x0E, 0xE0, 0x0E, 0xE0, 0x0E, 0xE0, 0x0E, 0xE0, 0x0E, 0xE0, 0x0E, 0xE0, 0x0E, 0xE0,
    0x0E, 0xE0, 0x0E, 0xE0, 0x0E, 0xE0, 0x0E, 0xE0, 0x0E, 0xE0, 0x0E, 0xE0, 0x0E, 0xF0, 0x1E, 0x70,
    0x1C, 0x7C, 0x7C, 0x3F, 0xF8, 0x0F, 0xE0, 0xE0, 0x07, 0xE0, 0x07, 0xF0, 0x0F, 0x70, 0x0E, 0x78,
    0x1E, 0x38, 0x1C, 0x38, 0x1C, 0x3C, 0x3C, 0x1C, 0x38, 0x1C, 0x38, 0x1E, 0x78, 0x0E, 0x70, 0x0E,
    0x70, 0x0E, 0x70, 0x07, 0xE0, 0x07, 0xE0, 0x03, 0xC0, 0x03, 0xC0, 0x03, 0xC0, 0xE0, 0x70, 0x38,
    0xE0, 0x70, 0x38, 0xE0, 0x70, 0x38, 0xE0, 0x70, 0x38, 0x70, 0xF8, 0x70, 0x70, 0xF8, 0x70, 0x70,
    0xD8, 0x70, 0x71, 0xDC, 0x70, 0x31, 0xDC, 0x60, 0x39, 0xDC, 0xE0, 0x39, 0x8C, 0xE0, 0x3B, 0x8E,
    0xE0, 0x1B, 0x8E, 0xC0, 0x1B, 0x8E, 0xC0, 0x1F, 0x07, 0xC0, 0x1F, 0x07, 0xC0, 0x0E, 0x03, 0x80,
    0x0E, 0x03, 0x80, 0x0E, 0x03, 0x80, 0xE0, 0x07, 0xF0, 0x0F, 0x78, 0x1E, 0x38, 0x1C, 0x1C, 0x38,
    0x0E, 0x70, 0x0F, 0xF0, 0x07, 0xE0, 0x03, 0xC0, 0x03, 0xC0, 0x07, 0xE0, 0x0F, 0xF0, 0x0E, 0x70,
    0x1C, 0x38, 0x3C, 0x3C, 0x38, 0x1C, 0x70, 0x0E, 0xF0, 0x0F, 0xE0, 0x07, 0xE0, 0x0E, 0xF0, 0x0E,
    0x70, 0x1C, 0x78, 0x1C, 0x38, 0x38, 0x3C, 0x38, 0x1C, 0x70, 0x1C, 0x70, 0x0E, 0xE0, 0x0E, 0xE0,
    0x07, 0xC0, 0x07, 0xC0, 0x03, 0x80, 0x03, 0x80, 0x03, 0x80, 0x03, 0x80, 0x03, 0x80, 0x03, 0x80,
    0x03, 0x80, 0xFF, 0xFC, 0xFF, 0xFC, 0x00, 0x3C, 0x00, 0x78, 0x00, 0xF0, 0x01, 0xE0, 0x01, 0xE0,
    0x03, 0xC0, 0x07, 0x80, 0x07, 0x80, 0x0F, 0x00, 0x1E, 0x00, 0x1E, 0x00, 0x3C, 0x00, 0x38, 0x00,
    0x78, 0x00, 0xF0, 0x00, 0xFF, 0xFC, 0xFF, 0xFC, 0xF8, 0xF8, 0xE0, 0xE0, 0xE0, 0xE0, 0xE0, 0xE0,
    0xE0, 0xE0, 0xE0, 0xE0, 0xE0, 0xE0, 0xE0, 0xE0, 0xE0, 0xE0, 0xE0, 0xE0, 0xE0, 0xE0, 0xF8, 0xF8,
    0xC0, 0xC0, 0xC0, 0x60, 0x60, 0x60, 0x30, 0x30, 0x30, 0x30, 0x18, 0x18, 0x18, 0x0C, 0x0C, 0x0C,
    0x06, 0x06, 0x06, 0xF8, 0xF8, 0x38, 0x38, 0x38, 0x38, 0x38, 0x38, 0x38, 0x38, 0x38, 0x38, 0x38,
    0x38, 0x38, 0x38, 0x38, 0x38, 0x38, 0x38, 0x38, 0x38, 0xF8, 0xF8, 0x0E, 0x00, 0x0E, 0x00, 0x1F,
    0x00, 0x1B, 0x00, 0x3B, 0x80, 0x71, 0xC0, 0x71, 0xC0, 0xE0, 0xE0, 0xE0, 0xE0, 0xFF, 0xFC, 0xFF,
    0xFC, 0xE0, 0x70, 0x38, 0x1C, 0x1F, 0x80, 0x3F, 0xC0, 0x71, 0xE0, 0x70, 0xE0, 0x00, 0xE0, 0x07,
    0xE0, 0x3F, 0xE0, 0x7C, 0xE0, 0xF0, 0xE0, 0xE0, 0xE0, 0xE1, 0xE0, 0xF3, 0xE0, 0x7F, 0xF0, 0x3E,
    0x70, 0xE0, 0x00, 0xE0, 0x00, 0xE0, 0x00, 0xE0, 0x00, 0xE0, 0x00, 0xEF, 0x80, 0xFF, 0xC0, 0xF9,
    0xE0, 0xF0, 0xE0, 0xE0, 0x70, 0xE0, 0x70, 0xE0, 0x70, 0xE0, 0x70, 0xE0, 0x70, 0xE0, 0x70, 0xF0,
    0xE0, 0xF9, 0xE0, 0xFF, 0xC0, 0xEF, 0x80, 0x1F, 0x80, 0x3F, 0xC0, 0x79, 0xE0, 0x70, 0xE0, 0xE0,
    0x00, 0xE0, 0x00, 0xE0, 0x00, 0xE0, 0x00, 0xE0, 0x00, 0xE0, 0x00, 0x70, 0xE0, 0x79, 0xE0, 0x3F,
    0xC0, 0x1F, 0x80, 0x00, 0x70, 0x00, 0x70, 0x00, 0x70, 0x00, 0x70, 0x00, 0x70, 0x1F, 0x70, 0x3F,
    0xF0, 0x79, 0xF0, 0x70, 0xF0, 0xE0, 0x70, 0xE0, 0x70, 0xE0, 0x70, 0xE0, 0x70, 0xE0, 0x70, 0xE0,
    0x70, 0x70, 0xF0, 0x79, 0xF0, 0x3F, 0xF0, 0x1F, 0x70, 0x0F, 0x00, 0x3F, 0xC0, 0x79, 0xE0, 0x70,
    0xE0, 0xE0, 0x70, 0xE0, 0x70, 0xFF, 0xF0, 0xFF, 0xF0, 0xE0, 0x00, 0xE0, 0x00, 0x70, 0x70, 0x78,
    0xF0, 0x3F, 0xE0, 0x0F, 0x80, 0x1E, 0x3E, 0x38, 0x38, 0x38, 0xFE, 0xFE, 0x38, 0x38, 0x38, 0x38,
    0x38, 0x38, 0x38, 0x38, 0x38, 0x38, 0x38, 0x38, 0x1F, 0x70, 0x3F, 0xF0, 0x79, 0xF0, 0x70, 0xF0,
    0xE0, 0x70, 0xE0, 0x70, 0xE0, 0x70, 0xE0, 0x70, 0xE0, 0x70, 0xE0, 0x70, 0x70, 0xF0, 0x79, 0xF0,
    0x3F, 0xF0, 0x1F, 0x70, 0x00, 0x70, 0xE0, 0x70, 0xF0, 0xE0, 0x7F, 0xE0, 0x1F, 0x80, 0xE0, 0x00,
    0xE0, 0x00, 0xE0, 0x00, 0xE0, 0x00, 0xE0, 0x00, 0xEF, 0x00, 0xFF, 0xC0, 0xF1, 0xC0, 0xE0, 0xE0,
    0xE0, 0xE0, 0xE0, 0xE0, 0xE0, 0xE0, 0xE0, 0xE0, 0xE0, 0xE0, 0xE0, 0xE0, 0xE0, 0xE0, 0xE0, 0xE0,
    0xE0, 0xE0, 0xE0, 0xE0, 0xE0, 0xE0, 0xE0, 0x00, 0x00, 0xE0, 0xE0, 0xE0, 0xE0, 0xE0, 0xE0, 0xE0,
    0xE0, 0xE0, 0xE0, 0xE0, 0xE0, 0xE0, 0xE0, 0x38, 0x38, 0x38, 0x00, 0x00, 0x38, 0x38, 0x38, 0x38,
    0x38, 0x38, 0x38, 0x38, 0x38, 0x38, 0x38, 0x38, 0x38, 0x38, 0x38, 0x38, 0x38, 0xF8, 0xF0, 0xE0,
    0x00, 0xE0, 0x00, 0xE0, 0x00, 0xE0, 0x00, 0xE0, 0x00, 0xE1, 0xC0, 0xE3, 0xC0, 0xE7, 0x80, 0xEF,
    0x00, 0xFE, 0x00, 0xFC, 0x00, 0xFE, 0x00, 0xEF, 0x00, 0xE7, 0x00, 0xE7, 0x80, 0xE3, 0xC0, 0xE1,
    0xC0, 0xE1, 0xE0, 0xE0, 0xE0, 0xE0, 0xE0, 0xE0, 0xE0, 0xE0, 0xE0, 0xE0, 0xE0, 0xE0, 0xE0, 0xE0,
    0xE0, 0xE0, 0xE0, 0xE0, 0xE0, 0xE0, 0xE0, 0xE0, 0xEF, 0x3E, 0x00, 0xFF, 0xFF, 0x00, 0xF3, 0xE7,
    0x80, 0xE1, 0xC3, 0x80, 0xE1, 0xC3, 0x80, 0xE1, 0xC3, 0x80, 0xE1, 0xC3, 0x80, 0xE1, 0xC3, 0x80,
    0xE1, 0xC3, 0x80, 0xE1, 0xC3, 0x80, 0xE1, 0xC3, 0x80, 0xE1, 0xC3, 0x80, 0xE1, 0xC3, 0x80, 0xE1,
    0xC3, 0x80, 0xEF, 0x80, 0xFF, 0xC0, 0xF1, 0xC0, 0xE0, 0xE0, 0xE0, 0xE0, 0xE0, 0xE0, 0xE0, 0xE0,
    0xE0, 0xE0, 0xE0, 0xE0, 0xE0, 0xE0, 0xE0, 0xE0, 0xE0, 0xE0, 0xE0, 0xE0, 0xE0, 0xE0, 0x0F, 0x00,
    0x3F, 0xC0, 0x79, 0xE0, 0x70, 0xE0, 0xE0, 0x70, 0xE0, 0x70, 0xE0, 0x70, 0xE0, 0x70, 0xE0, 0x70,
    0xE0, 0x70, 0x70, 0xE0, 0x79, 0xE0, 0x3F, 0xC0, 0x0F, 0x00, 0xEF, 0x80, 0xFF, 0xC0, 0xF9, 0xE0,
    0xF0, 0xE0, 0xE0, 0x70, 0xE0, 0x70, 0xE0, 0x70, 0xE0, 0x70, 0xE0, 0x70, 0xE0, 0x70, 0xF0, 0xE0,
    0xF9, 0xE0, 0xFF, 0xC0, 0xEF, 0x80, 0xE0, 0x00, 0xE0, 0x00, 0xE0, 0x00, 0xE0, 0x00, 0xE0, 0x00,
    0x1F, 0x70, 0x3F, 0xF0, 0x79, 0xF0, 0x70, 0xF0, 0xE0, 0x70, 0xE0, 0x70, 0xE0, 0x70, 0xE0, 0x70,
    0xE0, 0x70, 0xE0, 0x70, 0x70, 0xF0, 0x79, 0xF0, 0x3F, 0xF0, 0x1F, 0x70, 0x00, 0x70, 0x00, 0x70,
    0x00, 0x70, 0x00, 0x70, 0x00, 0x70, 0xEE, 0xFE, 0xFE, 0xF0, 0xE0, 0xE0, 0xE0, 0xE0, 0xE0, 0xE0,
    0xE0, 0xE0, 0xE0, 0xE0, 0x3F, 0x00, 0x7F, 0x80, 0xF3, 0xC0, 0xE1, 0xC0, 0xE0, 0x00, 0xFC, 0x00,
    0x7F, 0x80, 0x0F, 0xC0, 0x01, 0xE0, 0xE0, 0xE0, 0xE0, 0xE0, 0xF1, 0xE0, 0x7F, 0xC0, 0x3F, 0x80,
    0x38, 0x38, 0x38, 0x38, 0xFE, 0xFE, 0x38, 0x38, 0x38, 0x38, 0x38, 0x38, 0x38, 0x38, 0x38, 0x38,
    0x3E, 0x1E, 0xE0, 0xE0, 0xE0, 0xE0, 0xE0, 0xE0, 0xE0, 0xE0, 0xE0, 0xE0, 0xE0, 0xE0, 0xE0, 0xE0,
    0xE0, 0xE0, 0xE0, 0xE0, 0xE0, 0xE0, 0xE1, 0xE0, 0x73, 0xE0, 0x7E, 0xE0, 0x1C, 0xE0, 0xE0, 0x70,
    0xE0, 0x70, 0xE0, 0x70, 0x70, 0xE0, 0x70, 0xE0, 0x70, 0xE0, 0x39, 0xC0, 0x39, 0xC0, 0x39, 0xC0,
    0x1F, 0x80, 0x1F, 0x80, 0x0F, 0x00, 0x0F, 0x00, 0x0F, 0x00, 0xE0, 0xE0, 0xE0, 0xE0, 0xE0, 0xE0,
    0x60, 0xE0, 0xC0, 0x71, 0xF1, 0xC0, 0x71, 0xF1, 0xC0, 0x31, 0xB1, 0x80, 0x33, 0xB9, 0x80, 0x3B,
    0xBB, 0x80, 0x1B, 0x1B, 0x00, 0x1F, 0x1F, 0x00, 0x1F, 0x1F, 0x00, 0x0E, 0x0E, 0x00, 0x0E, 0x0E,
    0x00, 0x0E, 0x0E, 0x00, 0xE0, 0xE0, 0xF1, 0xE0, 0x71, 0xC0, 0x3B, 0x80, 0x3F, 0x80, 0x1F, 0x00,
    0x0E, 0x00, 0x1F, 0x00, 0x1F, 0x00, 0x3B, 0x80, 0x7B, 0xC0, 0x71, 0xC0, 0xF1, 0xE0, 0xE0, 0xE0,
    0xE0, 0x38, 0xE0, 0x38, 0x70, 0x38, 0x78, 0x70, 0x38, 0x70, 0x3C, 0xF0, 0x1C, 0xE0, 0x1C, 0xE0,
    0x0F, 0xC0, 0x0F, 0xC0, 0x07, 0xC0, 0x07, 0x80, 0x03, 0x80, 0x03, 0x80, 0x07, 0x00, 0x07, 0x00,
    0x0E, 0x00, 0x3E, 0x00, 0x3C, 0x00, 0xFF, 0xE0, 0xFF, 0xE0, 0x01, 0xC0, 0x03, 0x80, 0x07, 0x80,
    0x0F, 0x00, 0x0E, 0x00, 0x1E, 0x00, 0x3C, 0x00, 0x38, 0x00, 0x70, 0x00, 0xF0, 0x00, 0xFF, 0xE0,
    0xFF, 0xE0, 0x0E, 0x1C, 0x38, 0x38, 0x38, 0x38, 0x38, 0x38, 0x38, 0x38, 0x70, 0xE0, 0xE0, 0x70,
    0x38, 0x38, 0x38, 0x38, 0x38, 0x38, 0x38, 0x38, 0x1C, 0x0E, 0xC0, 0xC0, 0xC0, 0xC0, 0xC0, 0xC0,
    0xC0, 0xC0, 0xC0, 0xC0, 0xC0, 0xC0, 0xC0, 0xC0, 0xC0, 0xC0, 0xC0, 0xC0, 0xC0, 0xC0, 0xC0, 0xC0,
    0xC0, 0xC0, 0xE0, 0x70, 0x38, 0x38, 0x38, 0x38, 0x38, 0x38, 0x38, 0x38, 0x1C, 0x0E, 0x0E, 0x1C,
    0x38, 0x38, 0x38, 0x38, 0x38, 0x38, 0x38, 0x38, 0x70, 0xE0, 0x78, 0xE0, 0xFE, 0xE0, 0xEF, 0xE0,
    0xE3, 0xC0, 0x00, 0xE0, 0xE0, 0xE0, 0x00, 0x00, 0x60, 0x60, 0x60, 0xE0, 0xE0, 0xE0, 0xE0, 0xE0,
    0xE0, 0xE0, 0xE0, 0xE0, 0xE0, 0xE0, 0x01, 0x80, 0x01, 0x80, 0x1F, 0x80, 0x3F, 0xC0, 0x7B, 0xE0,
    0x73, 0x60, 0xE3, 0x00, 0xE6, 0x00, 0xE6, 0x00, 0xE6, 0x00, 0xE6, 0x00, 0xEC, 0x00, 0xEC, 0xE0,
    0x7D, 0xE0, 0x7F, 0xC0, 0x3F, 0x80, 0x18, 0x00, 0x18, 0x00, 0x1F, 0x80, 0x3F, 0xC0, 0x70, 0xE0,
    0x70, 0xE0, 0x70, 0x00, 0x78, 0x00, 0x38, 0x00, 0x1C, 0x00, 0xFF, 0xC0, 0xFF, 0xC0, 0x1C, 0x00,
    0x1C, 0x00, 0x1C, 0x00, 0x38, 0x00, 0x38, 0x00, 0x7F, 0x38, 0xFF, 0xF8, 0xF1, 0xF0, 0xC0, 0x30,
    0xEF, 0x70, 0x7F, 0xE0, 0x39, 0xC0, 0x70, 0xE0, 0x70, 0xE0, 0x70, 0xE0, 0x70, 0xE0, 0x39, 0xC0,
    0x7F, 0xE0, 0xEF, 0x70, 0xC0, 0x30, 0xE0, 0x38, 0xE0, 0x38, 0x70, 0x70, 0x70, 0x70, 0x38, 0xE0,
    0x38, 0xE0, 0x1D, 0xC0, 0x1D, 0xC0, 0x7F, 0xF0, 0x7F, 0xF0, 0x07, 0x00, 0x7F, 0xF0, 0x7F, 0xF0,
    0x07, 0x00, 0x07, 0x00, 0x07, 0x00, 0x07, 0x00, 0x07, 0x00, 0xC0, 0xC0, 0xC0, 0xC0, 0xC0, 0xC0,
    0xC0, 0xC0, 0xC0, 0xC0, 0x00, 0x00, 0x00, 0x00, 0xC0, 0xC0, 0xC0, 0xC0, 0xC0, 0xC0, 0xC0, 0xC0,
    0xC0, 0xC0, 0x1F, 0x80, 0x3F, 0xC0, 0x79, 0xE0, 0x70, 0xE0, 0x78, 0xE0, 0x3C, 0x00, 0x1E, 0x00,
    0x7F, 0x00, 0xF7, 0x80, 0xE3, 0xC0, 0xE1, 0xE0, 0xE0, 0xE0, 0x70, 0x70, 0x78, 0x70, 0x3C, 0x70,
    0x1E, 0xE0, 0x0F, 0xC0, 0x07, 0x80, 0x03, 0xC0, 0x71, 0xE0, 0x70, 0xE0, 0x79, 0xE0, 0x3F, 0xC0,
    0x1F, 0x80, 0xEE, 0xEE, 0x01, 0xF0, 0x00, 0x0F, 0xFE, 0x00, 0x1E, 0x0F, 0x00, 0x38, 0x03, 0x80,
    0x70, 0x01, 0xC0, 0x61, 0xF0, 0xC0, 0xE3, 0xB8, 0xE0, 0xC6, 0x0C, 0x60, 0xC6, 0x00, 0x60, 0xC6,
    0x00, 0x60, 0xC6, 0x00, 0x60, 0xC6, 0x0C, 0x60, 0xE3, 0xB8, 0xE0, 0x61, 0xF0, 0xC0, 0x70, 0x01,
    0xC0, 0x38, 0x03, 0x80, 0x1E, 0x0F, 0x00, 0x0F, 0xFE, 0x00, 0x01, 0xF0, 0x00, 0x7C, 0xFE, 0xC6,
    0x1E, 0x7E, 0xE6, 0xC6, 0xFF, 0x7B, 0x00, 0xFF, 0xFF, 0x1D, 0xC0, 0x3B, 0x80, 0x77, 0x00, 0xEE,
    0x00, 0xEE, 0x00, 0x77, 0x00, 0x3B, 0x80, 0x1D, 0xC0, 0xFF, 0xF0, 0xFF, 0xF0, 0x00, 0x30, 0x00,
    0x30, 0x00, 0x30, 0x00, 0x30, 0x00, 0x30, 0xFE, 0xFE, 0xFE, 0x03, 0xF8, 0x00, 0x0F, 0xFE, 0x00,
    0x1C, 0x0F, 0x00, 0x38, 0x03, 0x80, 0x73, 0xF9, 0xC0, 0x63, 0x1C, 0xC0, 0xE3, 0x0C, 0xE0, 0xC3,
    0x0C, 0x60, 0xC3, 0x18, 0x60, 0xC3, 0xF0, 0x60, 0xC3, 0x30, 0x60, 0xC3, 0x18, 0x60, 0xE3, 0x18,
    0x60, 0x63, 0x0C, 0xE0, 0x70, 0x00, 0xC0, 0x38, 0x01, 0xC0, 0x1E, 0x03, 0x80, 0x0F, 0xFE, 0x00,
    0x03, 0xF8, 0x00, 0xFE, 0xFE, 0x3C, 0x66, 0xC3, 0xC3, 0xC3, 0x66, 0x3C, 0x0E, 0x00, 0x0E, 0x00,
    0x0E, 0x00, 0x0E, 0x00, 0xFF, 0xE0, 0xFF, 0xE0, 0x0E, 0x00, 0x0E, 0x00, 0x0E, 0x00, 0x0E, 0x00,
    0x00, 0x00, 0xFF, 0xE0, 0xFF, 0xE0, 0x78, 0xFC, 0xCC, 0x0C, 0x1C, 0x78, 0xE0, 0xC0, 0xFC, 0xFC,
    0x78, 0xFC, 0xCC, 0x0C, 0x38, 0x38, 0x0C, 0xCC, 0xFC, 0x78, 0x1C, 0x38, 0x70, 0xE0, 0xE0, 0xE0,
    0xE0, 0xE0, 0xE0, 0xE0, 0xE0, 0xE0, 0xE0, 0xE0, 0xE0, 0xE0, 0xE0, 0xE0, 0xE0, 0xE0, 0xE0, 0xE0,
    0xE0, 0xE0, 0xE1, 0xE0, 0xF3, 0xE0, 0xFE, 0xE0, 0xEC, 0xE0, 0xE0, 0x00, 0xE0, 0x00, 0xE0, 0x00,
    0xE0, 0x00, 0xE0, 0x00, 0x0F, 0xE0, 0x3F, 0xE0, 0x7C, 0xC0, 0x7C, 0xC0, 0xFC, 0xC0, 0xFC, 0xC0,
    0xFC, 0xC0, 0xFC, 0xC0, 0xFC, 0xC0, 0x7C, 0xC0, 0x7C, 0xC0, 0x3C, 0xC0, 0x1C, 0xC0, 0x0C, 0xC0,
    0x0C, 0xC0, 0x0C, 0xC0, 0x0C, 0xC0, 0x0C, 0xC0, 0x0C, 0xC0, 0x0C, 0xC0, 0x0C, 0xC0, 0x0C, 0xC0,
    0x0C, 0xC0, 0x0C, 0xC0, 0xE0, 0xE0, 0xE0, 0x70, 0x78, 0x1C, 0x1C, 0xFC, 0x78, 0x30, 0x30, 0xF0,
    0xF0, 0x30, 0x30, 0x30, 0x30, 0x30, 0x30, 0x3C, 0x7E, 0xE7, 0xC3, 0xC3, 0xC3, 0xE7, 0x7E, 0x3C,
    0x00, 0xFF, 0xFF, 0xEE, 0x00, 0x77, 0x00, 0x3B, 0x80, 0x1D, 0xC0, 0x1D, 0xC0, 0x3B, 0x80, 0x77,
    0x00, 0xEE, 0x00, 0x30, 0x18, 0x00, 0x30, 0x18, 0x00, 0xF0, 0x30, 0x00, 0xF0, 0x30, 0x00, 0x30,
    0x60, 0x00, 0x30, 0x60, 0x00, 0x30, 0xC0, 0x00, 0x30, 0xC0, 0x00, 0x31, 0x86, 0x00, 0x31, 0x8E,
    0x00, 0x03, 0x1E, 0x00, 0x03, 0x1E, 0x00, 0x06, 0x36, 0x00, 0x06, 0x66, 0x00, 0x0C, 0x7F, 0x80,
    0x0C, 0x7F, 0x80, 0x18, 0x06, 0x00, 0x18, 0x06, 0x00, 0x30, 0x18, 0x30, 0x18, 0xF0, 0x30, 0xF0,
    0x30, 0x30, 0x60, 0x30, 0x60, 0x30, 0xC0, 0x30, 0xC0, 0x31, 0x9E, 0x31, 0xBF, 0x03, 0x33, 0x03,
    0x03, 0x06, 0x07, 0x06, 0x1E, 0x0C, 0x38, 0x0C, 0x30, 0x18, 0x3F, 0x18, 0x3F, 0x78, 0x18, 0x00,
    0xFC, 0x18, 0x00, 0xCC, 0x30, 0x00, 0x0C, 0x30, 0x00, 0x38, 0x60, 0x00, 0x38, 0x60, 0x00, 0x0C,
    0xC0, 0x00, 0xCC, 0xC0, 0x00, 0xFD, 0x86, 0x00, 0x79, 0x8E, 0x00, 0x03, 0x1E, 0x00, 0x03, 0x1E,
    0x00, 0x06, 0x36, 0x00, 0x06, 0x66, 0x00, 0x0C, 0x7F, 0x80, 0x0C, 0x7F, 0x80, 0x18, 0x06, 0x00,
    0x18, 0x06, 0x00, 0x0E, 0x00, 0x0E, 0x00, 0x0E, 0x00, 0x00, 0x00, 0x00, 0x00, 0x0E, 0x00, 0x0E,
    0x00, 0x0E, 0x00, 0x0E, 0x00, 0x1C, 0x00, 0x3C, 0x00, 0x78, 0x00, 0x70, 0x00, 0xF0, 0xE0, 0xE0,
    0xE0, 0xE1, 0xE0, 0xF3, 0xC0, 0x7F, 0xC0, 0x3F, 0x00, 0x0E, 0x00, 0x07, 0x00, 0x03, 0x80, 0x01,
    0xC0, 0x00, 0x00, 0x03, 0xC0, 0x03, 0xC0, 0x07, 0xE0, 0x07, 0xE0, 0x0E, 0x60, 0x0E, 0x70, 0x0E,
    0x70, 0x1C, 0x38, 0x1C, 0x38, 0x1C, 0x38, 0x38, 0x1C, 0x38, 0x1C, 0x3F, 0xFC, 0x7F, 0xFE, 0x70,
    0x0E, 0x70, 0x0E, 0xE0, 0x07, 0xE0, 0x07, 0xE0, 0x07, 0x00, 0x70, 0x00, 0xE0, 0x01, 0xC0, 0x03,
    0x80, 0x00, 0x00, 0x03, 0xC0, 0x03, 0xC0, 0x07, 0xE0, 0x07, 0xE0, 0x0E, 0x60, 0x0E, 0x70, 0x0E,
    0x70, 0x1C, 0x38, 0x1C, 0x38, 0x1C, 0x38, 0x38, 0x1C, 0x38, 0x1C, 0x3F, 0xFC, 0x7F, 0xFE, 0x70,
    0x0E, 0x70, 0x0E, 0xE0, 0x07, 0xE0, 0x07, 0xE0, 0x07, 0x01, 0xC0, 0x03, 0xE0, 0x07, 0x70, 0x0E,
    0x38, 0x00, 0x00, 0x03, 0xC0, 0x03, 0xC0, 0x07, 0xE0, 0x07, 0xE0, 0x0E, 0x60, 0x0E, 0x70, 0x0E,
    0x70, 0x1C, 0x38, 0x1C, 0x38, 0x1C, 0x38, 0x38, 0x1C, 0x38, 0x1C, 0x3F, 0xFC, 0x7F, 0xFE, 0x70,
    0x0E, 0x70, 0x0E, 0xE0, 0x07, 0xE0, 0x07, 0xE0, 0x07, 0x07, 0x98, 0x0F, 0xF8, 0x0C, 0xF0, 0x00,
    0x00, 0x03, 0xC0, 0x03, 0xC0, 0x07, 0xE0, 0x07, 0xE0, 0x0E, 0x60, 0x0E, 0x70, 0x0E, 0x70, 0x1C,
    0x38, 0x1C, 0x38, 0x1C, 0x38, 0x38, 0x1C, 0x38, 0x1C, 0x3F, 0xFC, 0x7F, 0xFE, 0x70, 0x0E, 0x70,
    0x0E, 0xE0, 0x07, 0xE0, 0x07, 0xE0, 0x07, 0x0E, 0x70, 0x0E, 0x70, 0x00, 0x00, 0x00, 0x00, 0x03,
    0xC0, 0x03, 0xC0, 0x07, 0xE0, 0x07, 0xE0, 0x0E, 0x60, 0x0E, 0x70, 0x0E, 0x70, 0x1C, 0x38, 0x1C,
    0x38, 0x1C, 0x38, 0x38, 0x1C, 0x38, 0x1C, 0x3F, 0xFC, 0x7F, 0xFE, 0x70, 0x0E, 0x70, 0x0E, 0xE0,
    0x07, 0xE0, 0x07, 0xE0, 0x07, 0x03, 0xC0, 0x06, 0x60, 0x04, 0x20, 0x06, 0x60, 0x03, 0xC0, 0x03,
    0xC0, 0x03, 0xC0, 0x07, 0xE0, 0x07, 0xE0, 0x0E, 0x60, 0x0E, 0x70, 0x0E, 0x70, 0x1C, 0x38, 0x1C,
    0x38, 0x1C, 0x38, 0x38, 0x1C, 0x38, 0x1C, 0x3F, 0xFC, 0x7F, 0xFE, 0x70, 0x0E, 0x70, 0x0E, 0xE0,
    0x07, 0xE0, 0x07, 0xE0, 0x07, 0x03, 0xFF, 0xF8, 0x03, 0xFF, 0xF8, 0x07, 0x70, 0x00, 0x07, 0x70,
    0x00, 0x0E, 0x70, 0x00, 0x0E, 0x70, 0x00, 0x0E, 0x70, 0x00, 0x1C, 0x70, 0x00, 0x1C, 0x7F, 0xF0,
    0x1C, 0x7F, 0xF0, 0x38, 0x70, 0x00, 0x38, 0x70, 0x00, 0x3F, 0xF0, 0x00, 0x7F, 0xF0, 0x00, 0x70,
    0x70, 0x00, 0x70, 0x70, 0x00, 0xE0, 0x70, 0x00, 0xE0, 0x7F, 0xFC, 0xE0, 0x7F, 0xFC, 0x07, 0xF0,
    0x1F, 0xFC, 0x3E, 0x3E, 0x78, 0x0F, 0x70, 0x07, 0xF0, 0x00, 0xE0, 0x00, 0xE0, 0x00, 0xE0, 0x00,
    0xE0, 0x00, 0xE0, 0x00, 0xE0, 0x00, 0xE0, 0x00, 0xF0, 0x07, 0x70, 0x07, 0x78, 0x0F, 0x3E, 0x3E,
    0x1F, 0xFC, 0x07, 0xF0, 0x03, 0xC0, 0x00, 0xE0, 0x00, 0xE0, 0x07, 0xE0, 0x03, 0xC0, 0x38, 0x00,
    0x1C, 0x00, 0x0E, 0x00, 0x07, 0x00, 0x00, 0x00, 0xFF, 0xF0, 0xFF, 0xF0, 0xE0, 0x00, 0xE0, 0x00,
    0xE0, 0x00, 0xE0, 0x00, 0xE0, 0x00, 0xE0, 0x00, 0xFF, 0xE0, 0xFF, 0xE0, 0xE0, 0x00, 0xE0, 0x00,
    0xE0, 0x00, 0xE0, 0x00, 0xE0, 0x00, 0xE0, 0x00, 0xE0, 0x00, 0xFF, 0xF8, 0xFF, 0xF8, 0x01, 0xC0,
    0x03, 0x80, 0x07, 0x00, 0x0E, 0x00, 0x00, 0x00, 0xFF, 0xF0, 0xFF, 0xF0, 0xE0, 0x00, 0xE0, 0x00,
    0xE0, 0x00, 0xE0, 0x00, 0xE0, 0x00, 0xE0, 0x00, 0xFF, 0xE0, 0xFF, 0xE0, 0xE0, 0x00, 0xE0, 0x00,
    0xE0, 0x00, 0xE0, 0x00, 0xE0, 0x00, 0xE0, 0x00, 0xE0, 0x00, 0xFF, 0xF8, 0xFF, 0xF8, 0x07, 0x00,
    0x0F, 0x80, 0x1D, 0xC0, 0x38, 0xE0, 0x00, 0x00, 0xFF, 0xF0, 0xFF, 0xF0, 0xE0, 0x00, 0xE0, 0x00,
    0xE0, 0x00, 0xE0, 0x00, 0xE0, 0x00, 0xE0, 0x00, 0xFF, 0xE0, 0xFF, 0xE0, 0xE0, 0x00, 0xE0, 0x00,
    0xE0, 0x00, 0xE0, 0x00, 0xE0, 0x00, 0xE0, 0x00, 0xE0, 0x00, 0xFF, 0xF8, 0xFF, 0xF8, 0x38, 0xE0,
    0x38, 0xE0, 0x00, 0x00, 0x00, 0x00, 0xFF, 0xF0, 0xFF, 0xF0, 0xE0, 0x00, 0xE0, 0x00, 0xE0, 0x00,
    0xE0, 0x00, 0xE0, 0x00, 0xE0, 0x00, 0xFF, 0xE0, 0xFF, 0xE0, 0xE0, 0x00, 0xE0, 0x00, 0xE0, 0x00,
    0xE0, 0x00, 0xE0, 0x00, 0xE0, 0x00, 0xE0, 0x00, 0xFF, 0xF8, 0xFF, 0xF8, 0xE0, 0x70, 0x38, 0x1C,
    0x00, 0x38, 0x38, 0x38, 0x38, 0x38, 0x38, 0x38, 0x38, 0x38, 0x38, 0x38, 0x38, 0x38, 0x38, 0x38,
    0x38, 0x38, 0x38, 0x38, 0x1C, 0x38, 0x70, 0xE0, 0x00, 0x70, 0x70, 0x70, 0x70, 0x70, 0x70, 0x70,
    0x70, 0x70, 0x70, 0x70, 0x70, 0x70, 0x70, 0x70, 0x70, 0x70, 0x70, 0x70, 0x1C, 0x00, 0x3E, 0x00,
    0x77, 0x00, 0xE3, 0x80, 0x00, 0x00, 0x1C, 0x00, 0x1C, 0x00, 0x1C, 0x00, 0x1C, 0x00, 0x1C, 0x00,
    0x1C, 0x00, 0x1C, 0x00, 0x1C, 0x00, 0x1C, 0x00, 0x1C, 0x00, 0x1C, 0x00, 0x1C, 0x00, 0x1C, 0x00,
    0x1C, 0x00, 0x1C, 0x00, 0x1C, 0x00, 0x1C, 0x00, 0x1C, 0x00, 0x1C, 0x00, 0xEE, 0xEE, 0x00, 0x00,
    0x38, 0x38, 0x38, 0x38, 0x38, 0x38, 0x38, 0x38, 0x38, 0x38, 0x38, 0x38, 0x38, 0x38, 0x38, 0x38,
    0x38, 0x38, 0x38, 0x1F, 0xFC, 0x00, 0x1F, 0xFF, 0x00, 0x1C, 0x0F, 0x80, 0x1C, 0x03, 0xC0, 0x1C,
    0x01, 0xC0, 0x1C, 0x01, 0xE0, 0x1C, 0x00, 0xE0, 0x1C, 0x00, 0xE0, 0xFF, 0xC0, 0xE0, 0xFF, 0xC0,
    0xE0, 0x1C, 0x00, 0xE0, 0x1C, 0x00, 0xE0, 0x1C, 0x00, 0xE0, 0x1C, 0x01, 0xE0, 0x1C, 0x01, 0xC0,
    0x1C, 0x03, 0xC0, 0x1C, 0x0F, 0x80, 0x1F, 0xFF, 0x00, 0x1F, 0xFC, 0x00, 0x0F, 0x30, 0x1F, 0xF0,
    0x19, 0xE0, 0x00, 0x00, 0xE0, 0x0E, 0xF0, 0x0E, 0xF0, 0x0E, 0xF8, 0x0E, 0xF8, 0x0E, 0xFC, 0x0E,
    0xEE, 0x0E, 0xEE, 0x0E, 0xE7, 0x0E, 0xE3, 0x8E, 0xE3, 0x8E, 0xE1, 0xCE, 0xE0, 0xCE, 0xE0, 0xEE,
    0xE0, 0x7E, 0xE0, 0x3E, 0xE0, 0x3E, 0xE0, 0x1E, 0xE0, 0x0E, 0x0E, 0x00, 0x00, 0x07, 0x00, 0x00,
    0x03, 0x80, 0x00, 0x01, 0xC0, 0x00, 0x00, 0x00, 0x00, 0x07, 0xF0, 0x00, 0x1F, 0xFC, 0x00, 0x3E,
    0x3E, 0x00, 0x78, 0x0F, 0x00, 0x70, 0x07, 0x00, 0xF0, 0x07, 0x80, 0xE0, 0x03, 0x80, 0xE0, 0x03,
    0x80, 0xE0, 0x03, 0x80, 0xE0, 0x03, 0x80, 0xE0, 0x03, 0x80, 0xE0, 0x03, 0x80, 0xE0, 0x03, 0x80,
    0xF0, 0x07, 0x80, 0x70, 0x07, 0x00, 0x78, 0x0F, 0x00, 0x3E, 0x3E, 0x00, 0x1F, 0xFC, 0x00, 0x07,
    0xF0, 0x00, 0x00, 0x38, 0x00, 0x00, 0x70, 0x00, 0x00, 0xE0, 0x00, 0x01, 0xC0, 0x00, 0x00, 0x00,
    0x00, 0x07, 0xF0, 0x00, 0x1F, 0xFC, 0x00, 0x3E, 0x3E, 0x00, 0x78, 0x0F, 0x00, 0x70, 0x07, 0x00,
    0xF0, 0x07, 0x80, 0xE0, 0x03, 0x80, 0xE0, 0x03, 0x80, 0xE0, 0x03, 0x80, 0xE0, 0x03, 0x80, 0xE0,
    0x03, 0x80, 0xE0, 0x03, 0x80, 0xE0, 0x03, 0x80, 0xF0, 0x07, 0x80, 0x70, 0x07, 0x00, 0x78, 0x0F,
    0x00, 0x3E, 0x3E, 0x00, 0x1F, 0xFC, 0x00, 0x07, 0xF0, 0x00, 0x01, 0xC0, 0x00, 0x03, 0xE0, 0x00,
    0x07, 0x70, 0x00, 0x0E, 0x38, 0x00, 0x00, 0x00, 0x00, 0x07, 0xF0, 0x00, 0x1F, 0xFC, 0x00, 0x3E,
    0x3E, 0x00, 0x78, 0x0F, 0x00, 0x70, 0x07, 0x00, 0xF0, 0x07, 0x80, 0xE0, 0x03, 0x80, 0xE0, 0x03,
    0x80, 0xE0, 0x03, 0x80, 0xE0, 0x03, 0x80, 0xE0, 0x03, 0x80, 0xE0, 0x03, 0x80, 0xE0, 0x03, 0x80,
    0xF0, 0x07, 0x80, 0x70, 0x07, 0x00, 0x78, 0x0F, 0x00, 0x3E, 0x3E, 0x00, 0x1F, 0xFC, 0x00, 0x07,
    0xF0, 0x00, 0x07, 0x98, 0x00, 0x0F, 0xF8, 0x00, 0x0C, 0xF0, 0x00, 0x00, 0x00, 0x00, 0x07, 0xF0,
    0x00, 0x1F, 0xFC, 0x00, 0x3E, 0x3E, 0x00, 0x78, 0x0F, 0x00, 0x70, 0x07, 0x00, 0xF0, 0x07, 0x80,
    0xE0, 0x03, 0x80, 0xE0, 0x03, 0x80, 0xE0, 0x03, 0x80, 0xE0, 0x03, 0x80, 0xE0, 0x03, 0x80, 0xE0,
    0x03, 0x80, 0xE0, 0x03, 0x80, 0xF0, 0x07, 0x80, 0x70, 0x07, 0x00, 0x78, 0x0F, 0x00, 0x3E, 0x3E,
    0x00, 0x1F, 0xFC, 0x00, 0x07, 0xF0, 0x00, 0x0E, 0x38, 0x00, 0x0E, 0x38, 0x00, 0x00, 0x00, 0x00,
    0x00, 0x00, 0x00, 0x07, 0xF0, 0x00, 0x1F, 0xFC, 0x00, 0x3E, 0x3E, 0x00, 0x78, 0x0F, 0x00, 0x70,
    0x07, 0x00, 0xF0, 0x07, 0x80, 0xE0, 0x03, 0x80, 0xE0, 0x03, 0x80, 0xE0, 0x03, 0x80, 0xE0, 0x03,
    0x80, 0xE0, 0x03, 0x80, 0xE0, 0x03, 0x80, 0xE0, 0x03, 0x80, 0xF0, 0x07, 0x80, 0x70, 0x07, 0x00,
    0x78, 0x0F, 0x00, 0x3E, 0x3E, 0x00, 0x1F, 0xFC, 0x00, 0x07, 0xF0, 0x00, 0x40, 0x20, 0xE0, 0x70,
    0x70, 0xE0, 0x39, 0xC0, 0x1F, 0x80, 0x0F, 0x00, 0x0F, 0x00, 0x1F, 0x80, 0x39, 0xC0, 0x70, 0xE0,
    0xE0, 0x70, 0x40, 0x20, 0x03, 0xF8, 0x60, 0x0F, 0xFE, 0xE0, 0x1F, 0x1F, 0xC0, 0x3C, 0x03, 0x80,
    0x38, 0x07, 0x80, 0x78, 0x0F, 0xC0, 0x70, 0x1D, 0xC0, 0x70, 0x39, 0xC0, 0x70, 0x71, 0xC0, 0x70,
    0xE1, 0xC0, 0x71, 0xC1, 0xC0, 0x73, 0x81, 0xC0, 0x77, 0x01, 0xC0, 0x7E, 0x03, 0xC0, 0x3C, 0x03,
    0x80, 0x3C, 0x07, 0x80, 0x7F, 0x1F, 0x00, 0xEF, 0xFE, 0x00, 0xC3, 0xF8, 0x00, 0x0E, 0x00, 0x07,
    0x00, 0x03, 0x80, 0x01, 0xC0, 0x00, 0x00, 0xE0, 0x0E, 0xE0, 0x0E, 0xE0, 0x0E, 0xE0, 0x0E, 0xE0,
    0x0E, 0xE0, 0x0E, 0xE0, 0x0E, 0xE0, 0x0E, 0xE0, 0x0E, 0xE0, 0x0E, 0xE0, 0x0E, 0xE0, 0x0E, 0xE0,
    0x0E, 0xE0, 0x0E, 0xF0, 0x1E, 0x70, 0x1C, 0x7C, 0x7C, 0x3F, 0xF8, 0x0F, 0xE0, 0x00, 0x70, 0x00,
    0xE0, 0x01, 0xC0, 0x03, 0x80, 0x00, 0x00, 0xE0, 0x0E, 0xE0, 0x0E, 0xE0, 0x0E, 0xE0, 0x0E, 0xE0,
    0x0E, 0xE0, 0x0E, 0xE0, 0x0E, 0xE0, 0x0E, 0xE0, 0x0E, 0xE0, 0x0E, 0xE0, 0x0E, 0xE0, 0x0E, 0xE0,
    0x0E, 0xE0, 0x0E, 0xF0, 0x1E, 0x70, 0x1C, 0x7C, 0x7C, 0x3F, 0xF8, 0x0F, 0xE0, 0x03, 0x80, 0x07,
    0xC0, 0x0E, 0xE0, 0x1C, 0x70, 0x00, 0x00, 0xE0, 0x0E, 0xE0, 0x0E, 0xE0, 0x0E, 0xE0, 0x0E, 0xE0,
    0x0E, 0xE0, 0x0E, 0xE0, 0x0E, 0xE0, 0x0E, 0xE0, 0x0E, 0xE0, 0x0E, 0xE0, 0x0E, 0xE0, 0x0E, 0xE0,
    0x0E, 0xE0, 0x0E, 0xF0, 0x1E, 0x70, 0x1C, 0x7C, 0x7C, 0x3F, 0xF8, 0x0F, 0xE0, 0x1C, 0x70, 0x1C,
    0x70, 0x00, 0x00, 0x00, 0x00, 0xE0, 0x0E, 0xE0, 0x0E, 0xE0, 0x0E, 0xE0, 0x0E, 0xE0, 0x0E, 0xE0,
    0x0E, 0xE0, 0x0E, 0xE0, 0x0E, 0xE0, 0x0E, 0xE0, 0x0E, 0xE0, 0x0E, 0xE0, 0x0E, 0xE0, 0x0E, 0xE0,
    0x0E, 0xF0, 0x1E, 0x70, 0x1C, 0x7C, 0x7C, 0x3F, 0xF8, 0x0F, 0xE0, 0x00, 0x70, 0x00, 0xE0, 0x01,
    0xC0, 0x03, 0x80, 0x00, 0x00, 0xE0, 0x0E, 0xF0, 0x1E, 0x70, 0x1C, 0x78, 0x3C, 0x38, 0x38, 0x3C,
    0x78, 0x1C, 0x70, 0x1E, 0xF0, 0x0E, 0xE0, 0x0F, 0xE0, 0x07, 0xC0, 0x07, 0xC0, 0x03, 0x80, 0x03,
    0x80, 0x03, 0x80, 0x03, 0x80, 0x03, 0x80, 0x03, 0x80, 0x03, 0x80, 0xE0, 0x00, 0xE0, 0x00, 0xE0,
    0x00, 0xE0, 0x00, 0xFF, 0xE0, 0xFF, 0xF8, 0xE0, 0x38, 0xE0, 0x1C, 0xE0, 0x1C, 0xE0, 0x1C, 0xE0,
    0x1C, 0xE0, 0x38, 0xFF, 0xF8, 0xFF, 0xF0, 0xE0, 0x00, 0xE0, 0x00, 0xE0, 0x00, 0xE0, 0x00, 0xE0,
    0x00, 0x1E, 0x00, 0x7F, 0x80, 0xF3, 0x80, 0xE1, 0xC0, 0xE1, 0xC0, 0xE1, 0xC0, 0xE1, 0xC0, 0xE3,
    0x80, 0xEF, 0x00, 0xEF, 0x80, 0xE3, 0xC0, 0xE1, 0xC0, 0xE0, 0xE0, 0xE0, 0xE0, 0xE0, 0xE0, 0xE0,
    0xE0, 0xE1, 0xC0, 0xEF, 0xC0, 0xEF, 0x80, 0x1C, 0x00, 0x0E, 0x00, 0x07, 0x00, 0x03, 0x80, 0x00,
    0x00, 0x1F, 0x80, 0x3F, 0xC0, 0x71, 0xE0, 0x70, 0xE0, 0x00, 0xE0, 0x07, 0xE0, 0x3F, 0xE0, 0x7C,
    0xE0, 0xF0, 0xE0, 0xE0, 0xE0, 0xE1, 0xE0, 0xF3, 0xE0, 0x7F, 0xF0, 0x3E, 0x70, 0x01, 0xC0, 0x03,
    0x80, 0x07, 0x00, 0x0E, 0x00, 0x00, 0x00, 0x1F, 0x80, 0x3F, 0xC0, 0x71, 0xE0, 0x70, 0xE0, 0x00,
    0xE0, 0x07, 0xE0, 0x3F, 0xE0, 0x7C, 0xE0, 0xF0, 0xE0, 0xE0, 0xE0, 0xE1, 0xE0, 0xF3, 0xE0, 0x7F,
    0xF0, 0x3E, 0x70, 0x07, 0x00, 0x0F, 0x80, 0x1D, 0xC0, 0x38, 0xE0, 0x00, 0x00, 0x1F, 0x80, 0x3F,
    0xC0, 0x71, 0xE0, 0x70, 0xE0, 0x00, 0xE0, 0x07, 0xE0, 0x3F, 0xE0, 0x7C, 0xE0, 0xF0, 0xE0, 0xE0,
    0xE0, 0xE1, 0xE0, 0xF3, 0xE0, 0x7F, 0xF0, 0x3E, 0x70, 0x3C, 0xC0, 0x7F, 0xC0, 0x67, 0x80, 0x00,
    0x00, 0x00, 0x00, 0x1F, 0x80, 0x3F, 0xC0, 0x71, 0xE0, 0x70, 0xE0, 0x00, 0xE0, 0x07, 0xE0, 0x3F,
    0xE0, 0x7C, 0xE0, 0xF0, 0xE0, 0xE0, 0xE0, 0xE1, 0xE0, 0xF3, 0xE0, 0x7F, 0xF0, 0x3E, 0x70, 0x39,
    0xC0, 0x39, 0xC0, 0x00, 0x00, 0x00, 0x00, 0x1F, 0x80, 0x3F, 0xC0, 0x71, 0xE0, 0x70, 0xE0, 0x00,
    0xE0, 0x07, 0xE0, 0x3F, 0xE0, 0x7C, 0xE0, 0xF0, 0xE0, 0xE0, 0xE0, 0xE1, 0xE0, 0xF3, 0xE0, 0x7F,
    0xF0, 0x3E, 0x70, 0x07, 0x00, 0x0D, 0x80, 0x08, 0x80, 0x0D, 0x80, 0x07, 0x00, 0x1F, 0x80, 0x3F,
    0xC0, 0x71, 0xE0, 0x70, 0xE0, 0x00, 0xE0, 0x07, 0xE0, 0x3F, 0xE0, 0x7C, 0xE0, 0xF0, 0xE0, 0xE0,
    0xE0, 0xE1, 0xE0, 0xF3, 0xE0, 0x7F, 0xF0, 0x3E, 0x70, 0x1F, 0x8F, 0x00, 0x3F, 0xFF, 0xC0, 0x71,
    0xF9, 0xE0, 0x70, 0xF0, 0xE0, 0x00, 0xE0, 0x70, 0x07, 0xE0, 0x70, 0x3F, 0xFF, 0xF0, 0x7C, 0xFF,
    0xF0, 0xF0, 0xE0, 0x00, 0xE0, 0xE0, 0x00, 0xE1, 0xF0, 0x70, 0xF3, 0xF8, 0xF0, 0x7F, 0x3F, 0xE0,
    0x3E, 0x0F, 0x80, 0x1F, 0x80, 0x3F, 0xC0, 0x79, 0xE0, 0x70, 0xE0, 0xE0, 0x00, 0xE0, 0x00, 0xE0,
    0x00, 0xE0, 0x00, 0xE0, 0x00, 0xE0, 0x00, 0x70, 0xE0, 0x79, 0xE0, 0x3F, 0xC0, 0x1F, 0x80, 0x1E,
    0x00, 0x07, 0x00, 0x07, 0x00, 0x3F, 0x00, 0x1E, 0x00, 0x1C, 0x00, 0x0E, 0x00, 0x07, 0x00, 0x03,
    0x80, 0x00, 0x00, 0x0F, 0x00, 0x3F, 0xC0, 0x79, 0xE0, 0x70, 0xE0, 0xE0, 0x70, 0xE0, 0x70, 0xFF,
    0xF0, 0xFF, 0xF0, 0xE0, 0x00, 0xE0, 0x00, 0x70, 0x70, 0x78, 0xF0, 0x3F, 0xE0, 0x0F, 0x80, 0x03,
    0x80, 0x07, 0x00, 0x0E, 0x00, 0x1C, 0x00, 0x00, 0x00, 0x0F, 0x00, 0x3F, 0xC0, 0x79, 0xE0, 0x70,
    0xE0, 0xE0, 0x70, 0xE0, 0x70, 0xFF, 0xF0, 0xFF, 0xF0, 0xE0, 0x00, 0xE0, 0x00, 0x70, 0x70, 0x78,
    0xF0, 0x3F, 0xE0, 0x0F, 0x80, 0x07, 0x00, 0x0F, 0x80, 0x1D, 0xC0, 0x38, 0xE0, 0x00, 0x00, 0x0F,
    0x00, 0x3F, 0xC0, 0x79, 0xE0, 0x70, 0xE0, 0xE0, 0x70, 0xE0, 0x70, 0xFF, 0xF0, 0xFF, 0xF0, 0xE0,
    0x00, 0xE0, 0x00, 0x70, 0x70, 0x78, 0xF0, 0x3F, 0xE0, 0x0F, 0x80, 0x39, 0xC0, 0x39, 0xC0, 0x00,
    0x00, 0x00, 0x00, 0x0F, 0x00, 0x3F, 0xC0, 0x79, 0xE0, 0x70, 0xE0, 0xE0, 0x70, 0xE0, 0x70, 0xFF,
    0xF0, 0xFF, 0xF0, 0xE0, 0x00, 0xE0, 0x00, 0x70, 0x70, 0x78, 0xF0, 0x3F, 0xE0, 0x0F, 0x80, 0xE0,
    0x70, 0x38, 0x1C, 0x00, 0x38, 0x38, 0x38, 0x38, 0x38, 0x38, 0x38, 0x38, 0x38, 0x38, 0x38, 0x38,
    0x38, 0x38, 0x1C, 0x38, 0x70, 0xE0, 0x00, 0x70, 0x70, 0x70, 0x70, 0x70, 0x70, 0x70, 0x70, 0x70,
    0x70, 0x70, 0x70, 0x70, 0x70, 0x1C, 0x00, 0x3E, 0x00, 0x77, 0x00, 0xE3, 0x80, 0x00, 0x00, 0x1C,
    0x00, 0x1C, 0x00, 0x1C, 0x00, 0x1C, 0x00, 0x1C, 0x00, 0x1C, 0x00, 0x1C, 0x00, 0x1C, 0x00, 0x1C,
    0x00, 0x1C, 0x00, 0x1C, 0x00, 0x1C, 0x00, 0x1C, 0x00, 0x1C, 0x00, 0xEE, 0xEE, 0x00, 0x00, 0x38,
    0x38, 0x38, 0x38, 0x38, 0x38, 0x38, 0x38, 0x38, 0x38, 0x38, 0x38, 0x38, 0x38, 0x70, 0x00, 0x1D,
    0xC0, 0x07, 0x00, 0x1F, 0x00, 0x61, 0x80, 0x0F, 0xC0, 0x3F, 0xC0, 0x79, 0xE0, 0x70, 0xE0, 0xE0,
    0x70, 0xE0, 0x70, 0xE0, 0x70, 0xE0, 0x70, 0xE0, 0x70, 0xE0, 0x70, 0x70, 0xE0, 0x79, 0xE0, 0x3F,
    0xC0, 0x0F, 0x00, 0x3C, 0xC0, 0x7F, 0xC0, 0x67, 0x80, 0x00, 0x00, 0x00, 0x00, 0xEF, 0x80, 0xFF,
    0xC0, 0xF1, 0xC0, 0xE0, 0xE0, 0xE0, 0xE0, 0xE0, 0xE0, 0xE0, 0xE0, 0xE0, 0xE0, 0xE0, 0xE0, 0xE0,
    0xE0, 0xE0, 0xE0, 0xE0, 0xE0, 0xE0, 0xE0, 0xE0, 0xE0, 0x1C, 0x00, 0x0E, 0x00, 0x07, 0x00, 0x03,
    0x80, 0x00, 0x00, 0x0F, 0x00, 0x3F, 0xC0, 0x79, 0xE0, 0x70, 0xE0, 0xE0, 0x70, 0xE0, 0x70, 0xE0,
    0x70, 0xE0, 0x70, 0xE0, 0x70, 0xE0, 0x70, 0x70, 0xE0, 0x79, 0xE0, 0x3F, 0xC0, 0x0F, 0x00, 0x03,
    0x80, 0x07, 0x00, 0x0E, 0x00, 0x1C, 0x00, 0x00, 0x00, 0x0F, 0x00, 0x3F, 0xC0, 0x79, 0xE0, 0x70,
    0xE0, 0xE0, 0x70, 0xE0, 0x70, 0xE0, 0x70, 0xE0, 0x70, 0xE0, 0x70, 0xE0, 0x70, 0x70, 0xE0, 0x79,
    0xE0, 0x3F, 0xC0, 0x0F, 0x00, 0x0E, 0x00, 0x1F, 0x00, 0x3B, 0x80, 0x71, 0xC0, 0x00, 0x00, 0x0F,
    0x00, 0x3F, 0xC0, 0x79, 0xE0, 0x70, 0xE0, 0xE0, 0x70, 0xE0, 0x70, 0xE0, 0x70, 0xE0, 0x70, 0xE0,
    0x70, 0xE0, 0x70, 0x70, 0xE0, 0x79, 0xE0, 0x3F, 0xC0, 0x0F, 0x00, 0x3C, 0xC0, 0x7F, 0xC0, 0x67,
    0x80, 0x00, 0x00, 0x00, 0x00, 0x0F, 0x00, 0x3F, 0xC0, 0x79, 0xE0, 0x70, 0xE0, 0xE0, 0x70, 0xE0,
    0x70, 0xE0, 0x70, 0xE0, 0x70, 0xE0, 0x70, 0xE0, 0x70, 0x70, 0xE0, 0x79, 0xE0, 0x3F, 0xC0, 0x0F,
    0x00, 0x39, 0xC0, 0x39, 0xC0, 0x00, 0x00, 0x00, 0x00, 0x0F, 0x00, 0x3F, 0xC0, 0x79, 0xE0, 0x70,
    0xE0, 0xE0, 0x70, 0xE0, 0x70, 0xE0, 0x70, 0xE0, 0x70, 0xE0, 0x70, 0xE0, 0x70, 0x70, 0xE0, 0x79,
    0xE0, 0x3F, 0xC0, 0x0F, 0x00, 0x0E, 0x00, 0x0E, 0x00, 0x0E, 0x00, 0x00, 0x00, 0x00, 0x00, 0xFF,
    0xE0, 0xFF, 0xE0, 0x00, 0x00, 0x00, 0x00, 0x0E, 0x00, 0x0E, 0x00, 0x0E, 0x00, 0x07, 0x8C, 0x1F,
    0xFC, 0x3C, 0xF8, 0x38, 0x70, 0x70, 0xF8, 0x71, 0xF8, 0x73, 0xB8, 0x77, 0x38, 0x7E, 0x38, 0x7C,
    0x38, 0x38, 0x70, 0x7C, 0xF0, 0xFF, 0xE0, 0xC7, 0x80, 0x38, 0x00, 0x1C, 0x00, 0x0E, 0x00, 0x07,
    0x00, 0x00, 0x00, 0xE0, 0xE0, 0xE0, 0xE0, 0xE0, 0xE0, 0xE0, 0xE0, 0xE0, 0xE0, 0xE0, 0xE0, 0xE0,
    0xE0, 0xE0, 0xE0, 0xE0, 0xE0, 0xE0, 0xE0, 0xE1, 0xE0, 0x73, 0xE0, 0x7E, 0xE0, 0x1C, 0xE0, 0x03,
    0x80, 0x07, 0x00, 0x0E, 0x00, 0x1C, 0x00, 0x00, 0x00, 0xE0, 0xE0, 0xE0, 0xE0, 0xE0, 0xE0, 0xE0,
    0xE0, 0xE0, 0xE0, 0xE0, 0xE0, 0xE0, 0xE0, 0xE0, 0xE0, 0xE0, 0xE0, 0xE0, 0xE0, 0xE1, 0xE0, 0x73,
    0xE0, 0x7E, 0xE0, 0x1C, 0xE0, 0x0E, 0x00, 0x1F, 0x00, 0x3B, 0x80, 0x71, 0xC0, 0x00, 0x00, 0xE0,
    0xE0, 0xE0, 0xE0, 0xE0, 0xE0, 0xE0, 0xE0, 0xE0, 0xE0, 0xE0, 0xE0, 0xE0, 0xE0, 0xE0, 0xE0, 0xE0,
    0xE0, 0xE0, 0xE0, 0xE1, 0xE0, 0x73, 0xE0, 0x7E, 0xE0, 0x1C, 0xE0, 0x39, 0xC0, 0x39, 0xC0, 0x00,
    0x00, 0x00, 0x00, 0xE0, 0xE0, 0xE0, 0xE0, 0xE0, 0xE0, 0xE0, 0xE0, 0xE0, 0xE0, 0xE0, 0xE0, 0xE0,
    0xE0, 0xE0, 0xE0, 0xE0, 0xE0, 0xE0, 0xE0, 0xE1, 0xE0, 0x73, 0xE0, 0x7E, 0xE0, 0x1C, 0xE0, 0x00,
    0xE0, 0x01, 0xC0, 0x03, 0x80, 0x07, 0x00, 0x00, 0x00, 0xE0, 0x38, 0xE0, 0x38, 0x70, 0x38, 0x78,
    0x70, 0x38, 0x70, 0x3C, 0xF0, 0x1C, 0xE0, 0x1C, 0xE0, 0x0F, 0xC0, 0x0F, 0xC0, 0x07, 0xC0, 0x07,
    0x80, 0x03, 0x80, 0x03, 0x80, 0x07, 0x00, 0x07, 0x00, 0x0E, 0x00, 0x3E, 0x00, 0x3C, 0x00, 0xE0,
    0x00, 0xE0, 0x00, 0xE0, 0x00, 0xE0, 0x00, 0xE0, 0x00, 0xEF, 0x80, 0xFF, 0xC0, 0xF9, 0xE0, 0xF0,
    0xE0, 0xE0, 0x70, 0xE0, 0x70, 0xE0, 0x70, 0xE0, 0x70, 0xE0, 0x70, 0xE0, 0x70, 0xF0, 0xE0, 0xF9,
    0xE0, 0xFF, 0xC0, 0xEF, 0x80, 0xE0, 0x00, 0xE0, 0x00, 0xE0, 0x00, 0xE0, 0x00, 0xE0, 0x00, 0x1C,
    0xE0, 0x1C, 0xE0, 0x00, 0x00, 0x00, 0x00, 0xE0, 0x38, 0xE0, 0x38, 0x70, 0x38, 0x78, 0x70, 0x38,
    0x70, 0x3C, 0xF0, 0x1C, 0xE0, 0x1C, 0xE0, 0x0F, 0xC0, 0x0F, 0xC0, 0x07, 0xC0, 0x07, 0x80, 0x03,
    0x80, 0x03, 0x80, 0x07, 0x00, 0x07, 0x00, 0x0E, 0x00, 0x3E, 0x00, 0x3C, 0x00, 0xFF, 0xFC, 0xFF,
    0xFC, 0xFF, 0xFF, 0xFF, 0x80, 0xFF, 0xFF, 0xFF, 0x80, 0x60, 0xC0, 0xC0, 0xE0, 0xE0, 0xE0, 0xE0,
    0xE0, 0xE0, 0x60, 0x60, 0xC0, 0x70, 0x70, 0x70, 0x30, 0x30, 0xE0, 0x63, 0xC6, 0xC6, 0xE7, 0xE7,
    0xE7, 0xE7, 0xE7, 0xE7, 0x63, 0x63, 0xC6, 0x73, 0x80, 0x73, 0x80, 0x73, 0x80, 0x31, 0x80, 0x31,
    0x80, 0xE3, 0x00, 0x70, 0xF8, 0xF8, 0xF8, 0x70, 0xE0, 0xE0, 0xE0, 0xE0, 0xE0, 0xE0, 0xE0, 0xE0,
    0xE0, 0x01, 0xFC, 0x00, 0x07, 0xFF, 0x00, 0x0F, 0x8F, 0x80, 0x1E, 0x03, 0xC0, 0x1C, 0x01, 0xC0,
    0x3C, 0x00, 0x00, 0x38, 0x00, 0x00, 0xFF, 0xC0, 0x00, 0xFF, 0xC0, 0x00, 0x38, 0x00, 0x00, 0xFF,
    0xC0, 0x00, 0xFF, 0xC0, 0x00, 0x38, 0x00, 0x00, 0x3C, 0x01, 0xC0, 0x1C, 0x01, 0xC0, 0x1E, 0x03,
    0xC0, 0x0F, 0x8F, 0x80, 0x07, 0xFF, 0x00, 0x01, 0xFC, 0x00,
};
static const FontGlyph font_b18_glyphs[] = {
    {0x0020, 0, 1, 1, 0, 1, 6},
    {0x0021, 1, 3, 19, 2, 19, 7},
    {0x0022, 20, 5, 6, 2, 19, 9},
    {0x0023, 26, 12, 18, 1, 18, 14},
    {0x0024, 62, 12, 21, 0, 19, 13},
    {0x0025, 104, 21, 18, 0, 18, 22},
    {0x0026, 158, 16, 18, 1, 18, 18},
    {0x0027, 194, 2, 6, 2, 19, 6},
    {0x0028, 200, 6, 24, 1, 19, 8},
    {0x0029, 224, 6, 24, 1, 19, 8},
    {0x002A, 248, 8, 7, 1, 19, 10},
    {0x002B, 255, 12, 12, 1, 13, 15},
    {0x002C, 279, 3, 6, 2, 3, 7},
    {0x002D, 285, 7, 3, 0, 9, 8},
    {0x002E, 288, 3, 3, 2, 3, 7},
    {0x002F, 291, 7, 19, 1, 19, 8},
    {0x0030, 310, 12, 18, 0, 18, 13},
    {0x0031, 346, 7, 18, 2, 18, 13},
    {0x0032, 364, 12, 18, 0, 18, 13},
    {0x0033, 400, 12, 18, 0, 18, 13},
    {0x0034, 436, 12, 18, 0, 18, 13},
    {0x0035, 472, 12, 18, 0, 18, 13},
    {0x0036, 508, 12, 18, 0, 18, 13},
    {0x0037, 544, 12, 18, 0, 18, 13},
    {0x0038, 580, 12, 18, 0, 18, 13},
    {0x0039, 616, 12, 18, 0, 18, 13},
    {0x003A, 652, 3, 14, 2, 14, 7},
    {0x003B, 666, 3, 17, 2, 14, 7},
    {0x003C, 683, 13, 12, 0, 13, 15},
    {0x003D, 707, 10, 5, 2, 10, 14},
    {0x003E, 717, 13, 12, 1, 13, 14},
    {0x003F, 741, 11, 19, 2, 19, 15},
    {0x0040, 779, 22, 22, 1, 18, 24},
    {0x0041, 845, 16, 19, 1, 19, 18},
    {0x0042, 883, 15, 19, 2, 19, 18},
    {0x0043, 921, 16, 19, 1, 19, 18},
    {0x0044, 959, 16, 19, 2, 19, 19},
    {0x0045, 997, 13, 19, 2, 19, 16},
    {0x0046, 1035, 12, 19, 2, 19, 15},
    {0x0047, 1073, 17, 19, 1, 19, 19},
    {0x0048, 1130, 15, 19, 2, 19, 19},
    {0x0049, 1168, 3, 19, 2, 19, 7},
    {0x004A, 1187, 11, 19, 1, 19, 14},
    {0x004B, 1225, 14, 19, 2, 19, 18},
    {0x004C, 1263, 12, 19, 2, 19, 15},
    {0x004D, 1301, 19, 19, 2, 19, 23},
    {0x004E, 1358, 15, 19, 2, 19, 19},
    {0x004F, 1396, 17, 19, 1, 19, 19},
    {0x0050, 1453, 14, 19, 2, 19, 17},
    {0x0051, 1491, 17, 20, 1, 19, 19},
    {0x0052, 1551, 14, 19, 2, 19, 17},
    {0x0053, 1589, 14, 19, 2, 19, 17},
    {0x0054, 1627, 15, 19, 0, 19, 15},
    {0x0055, 1665, 15, 19, 2, 19, 19},
    {0x0056, 1703, 16, 19, 1, 19, 18},
    {0x0057, 1741, 21, 19, 1, 19, 23},
    {0x0058, 1798, 16, 19, 1, 19, 18},
    {0x0059, 1836, 15, 19, 1, 19, 17},
    {0x005A, 1874, 14, 19, 1, 19, 16},
    {0x005B, 1912, 5, 24, 1, 19, 8},
    {0x005C, 1936, 7, 19, 0, 19, 8},
    {0x005D, 1955, 5, 24, 2, 19, 8},
    {0x005E, 1979, 11, 9, 1, 19, 14},
    {0x005F, 1997, 14, 2, 0, -3, 14},
    {0x0060, 2001, 6, 4, 1, 19, 8},
    {0x0061, 2005, 12, 14, 1, 14, 14},
    {0x0062, 2033, 12, 19, 2, 19, 15},
    {0x0063, 2071, 11, 14, 1, 14, 13},
    {0x0064, 2099, 12, 19, 1, 19, 15},
    {0x0065, 2137, 12, 14, 1, 14, 14},
    {0x0066, 2165, 7, 19, 1, 19, 9},
    {0x0067, 2184, 12, 19, 1, 14, 15},
    {0x0068, 2222, 11, 19, 2, 19, 15},
    {0x0069, 2260, 3, 19, 2, 19, 7},
    {0x006A, 2279, 5, 24, 0, 19, 7},
    {0x006B, 2303, 11, 19, 2, 19, 14},
    {0x006C, 2341, 3, 19, 2, 19, 7},
    {0x006D, 2360, 17, 14, 2, 14, 21},
    {0x006E, 2402, 11, 14, 2, 14, 15},
    {0x006F, 2430, 12, 14, 1, 14, 14},
    {0x0070, 2458, 12, 19, 2, 14, 15},
    {0x0071, 2496, 12, 19, 1, 14, 15},
    {0x0072, 2534, 7, 14, 2, 14, 10},
    {0x0073, 2548, 11, 14, 1, 14, 13},
    {0x0074, 2576, 7, 18, 1, 18, 9},
    {0x0075, 2594, 11, 14, 2, 14, 15},
    {0x0076, 2622, 12, 14, 1, 14, 14},
    {0x0077, 2650, 19, 14, 0, 14, 19},
    {0x0078, 2692, 11, 14, 1, 14, 13},
    {0x0079, 2720, 13, 19, 1, 14, 15},
    {0x007A, 2758, 11, 14, 1, 14, 13},
    {0x007B, 2786, 7, 24, 1, 19, 10},
    {0x007C, 2810, 2, 24, 3, 19, 7},
    {0x007D, 2834, 7, 24, 2, 19, 10},
    {0x007E, 2858, 11, 4, 1, 9, 14},
    {0x00A0, 2866, 1, 1, 0, 1, 6},
    {0x00A1, 2867, 3, 19, 2, 14, 7},
    {0x00A2, 2886, 11, 18, 1, 16, 14},
    {0x00A3, 2922, 13, 18, 1, 18, 14},
    {0x00A4, 2958, 12, 12, 1, 15, 14},
    {0x00A5, 2982, 13, 18, 0, 18, 14},
    {0x00A6, 3018, 2, 24, 3, 19, 7},
    {0x00A7, 3042, 12, 24, 1, 19, 14},
    {0x00A8, 3090, 7, 2, 1, 18, 9},
    {0x00A9, 3092, 19, 19, 0, 19, 19},
    {0x00AA, 3149, 8, 12, 1, 19, 10},
    {0x00AB, 3161, 10, 8, 1, 11, 13},
    {0x00AC, 3177, 12, 7, 1, 11, 15},
    {0x00AD, 3191, 7, 3, 0, 9, 8},
    {0x00AE, 3194, 19, 19, 0, 19, 19},
    {0x00AF, 3251, 7, 2, 1, 19, 9},
    {0x00B0, 3253, 8, 7, 0, 18, 9},
    {0x00B1, 3260, 11, 13, 2, 13, 15},
    {0x00B2, 3286, 6, 10, 0, 18, 7},
    {0x00B3, 3296, 6, 10, 0, 18, 7},
    {0x00B4, 3306, 6, 4, 1, 19, 8},
    {0x00B5, 3310, 11, 19, 2, 14, 15},
    {0x00B6, 3348, 11, 24, 1, 19, 13},
    {0x00B7, 3396, 3, 3, 2, 9, 7},
    {0x00B8, 3399, 6, 6, 1, 1, 8},
    {0x00B9, 3405, 4, 10, 1, 18, 7},
    {0x00BA, 3415, 8, 12, 1, 19, 10},
    {0x00BB, 3427, 10, 8, 1, 11, 13},
    {0x00BC, 3443, 17, 18, 1, 18, 19},
    {0x00BD, 3497, 16, 18, 1, 18, 19},
    {0x00BE, 3533, 17, 18, 1, 18, 19},
    {0x00BF, 3587, 11, 19, 2, 14, 15},
    {0x00C0, 3625, 16, 24, 1, 24, 18},
    {0x00C1, 3673, 16, 24, 1, 24, 18},
    {0x00C2, 3721, 16, 24, 1, 24, 18},
    {0x00C3, 3769, 16, 23, 1, 23, 18},
    {0x00C4, 3815, 16, 23, 1, 23, 18},
    {0x00C5, 3861, 16, 24, 1, 24, 18},
    {0x00C6, 3909, 22, 19, 1, 19, 24},
    {0x00C7, 3966, 16, 24, 1, 19, 18},
    {0x00C8, 4014, 13, 24, 2, 24, 16},
    {0x00C9, 4062, 13, 24, 2, 24, 16},
    {0x00CA, 4110, 13, 24, 2, 24, 16},
    {0x00CB, 4158, 13, 23, 2, 23, 16},
    {0x00CC, 4204, 6, 24, 0, 24, 7},
    {0x00CD, 4228, 6, 24, 1, 24, 7},
    {0x00CE, 4252, 9, 24, -1, 24, 7},
    {0x00CF, 4300, 7, 23, 0, 23, 7},
    {0x00D0, 4323, 19, 19, -1, 19, 19},
    {0x00D1, 4380, 15, 23, 2, 23, 19},
    {0x00D2, 4426, 17, 24, 1, 24, 19},
    {0x00D3, 4498, 17, 24, 1, 24, 19},
    {0x00D4, 4570, 17, 24, 1, 24, 19},
    {0x00D5, 4642, 17, 23, 1, 23, 19},
    {0x00D6, 4711, 17, 23, 1, 23, 19},
    {0x00D7, 4780, 12, 12, 1, 13, 15},
    {0x00D8, 4804, 19, 19, 0, 19, 19},
    {0x00D9, 4861, 15, 24, 2, 24, 19},
    {0x00DA, 4909, 15, 24, 2, 24, 19},
    {0x00DB, 4957, 15, 24, 2, 24, 19},
    {0x00DC, 5005, 15, 23, 2, 23, 19},
    {0x00DD, 5051, 15, 24, 1, 24, 17},
    {0x00DE, 5099, 14, 19, 2, 19, 17},
    {0x00DF, 5137, 11, 19, 2, 19, 14},
    {0x00E0, 5175, 12, 19, 1, 19, 14},
    {0x00E1, 5213, 12, 19, 1, 19, 14},
    {0x00E2, 5251, 12, 19, 1, 19, 14},
    {0x00E3, 5289, 12, 19, 1, 19, 14},
    {0x00E4, 5327, 12, 18, 1, 18, 14},
    {0x00E5, 5363, 12, 19, 1, 19, 14},
    {0x00E6, 5401, 20, 14, 1, 14, 22},
    {0x00E7, 5443, 11, 19, 1, 14, 13},
    {0x00E8, 5481, 12, 19, 1, 19, 14},
    {0x00E9, 5519, 12, 19, 1, 19, 14},
    {0x00EA, 5557, 12, 19, 1, 19, 14},
    {0x00EB, 5595, 12, 18, 1, 18, 14},
    {0x00EC, 5631, 6, 19, 0, 19, 7},
    {0x00ED, 5650, 6, 19, 1, 19, 7},
    {0x00EE, 5669, 9, 19, -1, 19, 7},
    {0x00EF, 5707, 7, 18, 0, 18, 7},
    {0x00F0, 5725, 12, 19, 1, 19, 14},
    {0x00F1, 5763, 11, 19, 2, 19, 15},
    {0x00F2, 5801, 12, 19, 1, 19, 14},
    {0x00F3, 5839, 12, 19, 1, 19, 14},
    {0x00F4, 5877, 12, 19, 1, 19, 14},
    {0x00F5, 5915, 12, 19, 1, 19, 14},
    {0x00F6, 5953, 12, 18, 1, 18, 14},
    {0x00F7, 5989, 11, 12, 2, 13, 15},
    {0x00F8, 6013, 14, 14, 0, 14, 14},
    {0x00F9, 6041, 11, 19, 2, 19, 15},
    {0x00FA, 6079, 11, 19, 2, 19, 15},
    {0x00FB, 6117, 11, 19, 2, 19, 15},
    {0x00FC, 6155, 11, 18, 2, 18, 15},
    {0x00FD, 6191, 13, 24, 1, 19, 15},
    {0x00FE, 6239, 12, 24, 2, 19, 15},
    {0x00FF, 6287, 13, 23, 1, 18, 15},
    {0x2013, 6333, 14, 2, 0, 8, 14},
    {0x2014, 6337, 25, 2, 0, 8, 25},
    {0x2018, 6345, 3, 6, 2, 19, 7},
    {0x2019, 6351, 3, 6, 2, 19, 7},
    {0x201A, 6357, 4, 6, 1, 3, 7},
    {0x201C, 6363, 8, 6, 2, 19, 12},
    {0x201D, 6369, 8, 6, 2, 19, 12},
    {0x201E, 6375, 9, 6, 1, 3, 12},
    {0x2022, 6387, 5, 5, 2, 10, 9},
    {0x2026, 6392, 19, 3, 3, 3, 25},
    {0x20AC, 6401, 18, 19, -1, 19, 18},
};
const Font FONT_B18 = {font_b18_glyphs, 202, font_b18_bitmap, 22, 5};

static const uint8_t font_b24_bitmap[] = {
    0x00, 0xF8, 0xF8, 0xF8, 0xF8, 0xF8, 0xF8, 0xF8, 0xF8, 0xF8, 0xF8, 0xF8, 0x70, 0x70, 0x70, 0x70,
    0x70, 0x70, 0x70, 0x00, 0x00, 0xF8, 0xF8, 0xF8, 0xF8, 0xF8, 0xF1, 0xE0, 0xF1, 0xE0, 0xF1, 0xE0,
    0xF1, 0xE0, 0xF1, 0xE0, 0xF1, 0xE0, 0xF1, 0xE0, 0x60, 0xC0, 0x60, 0xC0, 0x03, 0xC7, 0x00, 0x03,
    0xC7, 0x00, 0x03, 0x8F, 0x00, 0x03, 0x8F, 0x00, 0x07, 0x8F, 0x00, 0x07, 0x8E, 0x00, 0x07, 0x8E,
    0x00, 0x7F, 0xFF, 0xC0, 0x7F, 0xFF, 0xC0, 0x7F, 0xFF, 0xC0, 0x7F, 0xFF, 0xC0, 0x0F, 0x1C, 0x00,
    0x0E, 0x1C, 0x00, 0x0E, 0x1C, 0x00, 0x0E, 0x3C, 0x00, 0xFF, 0xFF, 0x80, 0xFF, 0xFF, 0x80, 0xFF,
    0xFF, 0x80, 0xFF, 0xFF, 0x80, 0x1C, 0x78, 0x00, 0x3C, 0x78, 0x00, 0x3C, 0x70, 0x00, 0x3C, 0x70,
    0x00, 0x38, 0xF0, 0x00, 0x38, 0xF0, 0x00, 0x01, 0x80, 0x01, 0x80, 0x0F, 0xF0, 0x3F, 0xFC, 0x7F,
    0xFE, 0xFD, 0xBE, 0xF9, 0x9F, 0xF1, 0x9F, 0xF1, 0x8F, 0xF9, 0x80, 0xFF, 0x80, 0x7F, 0xC0, 0x3F,
    0xF0, 0x0F, 0xFC, 0x01, 0xFE, 0x01, 0xFF, 0x01, 0x9F, 0x01, 0x8F, 0xF1, 0x8F, 0xF1, 0x9F, 0xF9,
    0x9F, 0x7F, 0xFE, 0x7F, 0xFE, 0x3F, 0xF8, 0x07, 0xE0, 0x01, 0x80, 0x01, 0x80, 0x01, 0x80, 0x0E,
    0x00, 0x30, 0x00, 0x3F, 0x80, 0x70, 0x00, 0x7F, 0xC0, 0x60, 0x00, 0x71, 0xC0, 0xE0, 0x00, 0xE0,
    0xE0, 0xC0, 0x00, 0xE0, 0xE1, 0xC0, 0x00, 0xE0, 0xE3, 0x80, 0x00, 0xE0, 0xE3, 0x80, 0x00, 0x71,
    0xC7, 0x00, 0x00, 0x7F, 0xC6, 0x00, 0x00, 0x3F, 0x8E, 0x00, 0x00, 0x0E, 0x0C, 0x1C, 0x00, 0x00,
    0x1C, 0x7F, 0x00, 0x00, 0x18, 0xFF, 0x80, 0x00, 0x38, 0xE3, 0x80, 0x00, 0x31, 0xC1, 0xC0, 0x00,
    0x71, 0xC1, 0xC0, 0x00, 0x61, 0xC1, 0xC0, 0x00, 0xE1, 0xC1, 0xC0, 0x01, 0xC0, 0xE3, 0x80, 0x01,
    0xC0, 0xFF, 0x80, 0x03, 0x80, 0x7F, 0x00, 0x03, 0x00, 0x1C, 0x00, 0x03, 0xE0, 0x00, 0x0F, 0xF8,
    0x00, 0x1F, 0xFC, 0x00, 0x1F, 0xFC, 0x00, 0x1E, 0x3C, 0x00, 0x3E, 0x3C, 0x00, 0x3E, 0x3C, 0x00,
    0x1F, 0x3C, 0x00, 0x1F, 0xF8, 0x00, 0x0F, 0xF8, 0x00, 0x0F, 0xF0, 0x00, 0x0F, 0xE0, 0x00, 0x3F,
    0xF1, 0xE0, 0x7F, 0xF1, 0xE0, 0x7C, 0xF9, 0xC0, 0xF8, 0xFF, 0xC0, 0xF0, 0x7F, 0xC0, 0xF0, 0x3F,
    0x80, 0xF0, 0x1F, 0x00, 0xF8, 0x0F, 0x80, 0xFC, 0x3F, 0xC0, 0x7F, 0xFF, 0xE0, 0x7F, 0xFB, 0xE0,
    0x1F, 0xF1, 0xF0, 0x07, 0xC0, 0x00, 0xF0, 0xF0, 0xF0, 0xF0, 0xF0, 0xF0, 0xF0, 0x60, 0x60, 0x07,
    0x0F, 0x1E, 0x1E, 0x3C, 0x3C, 0x38, 0x78, 0x78, 0x78, 0xF0, 0xF0, 0xF0, 0xF0, 0xF0, 0xF0, 0xF0,
    0xF0, 0xF0, 0xF8, 0x78, 0x78, 0x78, 0x78, 0x3C, 0x3C, 0x1C, 0x1E, 0x0E, 0x0F, 0x07, 0xE0, 0xF0,
    0x78, 0x78, 0x3C, 0x3C, 0x1C, 0x1E, 0x1E, 0x1E, 0x0F, 0x0F, 0x0F, 0x0F, 0x0F, 0x0F, 0x0F, 0x0F,
    0x0F, 0x1F, 0x1E, 0x1E, 0x1E, 0x1C, 0x3C, 0x3C, 0x38, 0x78, 0x70, 0xF0, 0xE0, 0x0C, 0x00, 0x0C,
    0x00, 0x4C, 0x80, 0xED, 0xC0, 0xFF, 0xC0, 0x7F, 0x80, 0x1E, 0x00, 0x3F, 0x00, 0x7F, 0x80, 0x73,
    0x80, 0x21, 0x00, 0x03, 0xC0, 0x03, 0xC0, 0x03, 0xC0, 0x03, 0xC0, 0x03, 0xC0, 0x03, 0xC0, 0xFF,
    0xFF, 0xFF, 0xFF, 0xFF, 0xFF, 0xFF, 0xFF, 0x03, 0xC0, 0x03, 0xC0, 0x03, 0xC0, 0x03, 0xC0, 0x03,
    0xC0, 0x03, 0xC0, 0xF8, 0xF8, 0xF8, 0xF8, 0xF8, 0x18, 0x18, 0x38, 0x70, 0xE0, 0x80, 0xFF, 0x80,
    0xFF, 0x80, 0xFF, 0x80, 0xFF, 0x80, 0xFF, 0x80, 0xF8, 0xF8, 0xF8, 0xF8, 0xF8, 0x03, 0x03, 0x03,
    0x03, 0x06, 0x06, 0x06, 0x0E, 0x0C, 0x0C, 0x0C, 0x1C, 0x18, 0x18, 0x18, 0x30, 0x30, 0x30, 0x70,
    0x60, 0x60, 0x60, 0xC0, 0xC0, 0xC0, 0x0F, 0xE0, 0x1F, 0xF0, 0x3F, 0xF8, 0x7F, 0xFC, 0x7C, 0x7C,
    0xF8, 0x3E, 0xF8, 0x3E, 0xF8, 0x3E, 0xF0, 0x1E, 0xF0, 0x1E, 0xF0, 0x1E, 0xF0, 0x1E, 0xF0, 0x1E,
    0xF0, 0x1E, 0xF0, 0x1E, 0xF0, 0x1E, 0xF8, 0x3E, 0xF8, 0x3E, 0xF8, 0x3E, 0x7C, 0x7C, 0x7F, 0xFC,
    0x3F, 0xF8, 0x1F, 0xF0, 0x0F, 0xE0, 0x01, 0xC0, 0x03, 0xC0, 0x07, 0xC0, 0x1F, 0xC0, 0xFF, 0xC0,
    0xFF, 0xC0, 0xFF, 0xC0, 0x03, 0xC0, 0x03, 0xC0, 0x03, 0xC0, 0x03, 0xC0, 0x03, 0xC0, 0x03, 0xC0,
    0x03, 0xC0, 0x03, 0xC0, 0x03, 0xC0, 0x03, 0xC0, 0x03, 0xC0, 0x03, 0xC0, 0x03, 0xC0, 0x03, 0xC0,
    0x03, 0xC0, 0x03, 0xC0, 0x0F, 0xE0, 0x3F, 0xF8, 0x7F, 0xFC, 0x7F, 0xFE, 0xFC, 0x7E, 0xF8, 0x3F,
    0xF8, 0x1F, 0xF0, 0x1F, 0xF0, 0x1F, 0x00, 0x3F, 0x00, 0x3E, 0x00, 0x7E, 0x00, 0xFC, 0x01, 0xF8,
    0x07, 0xF0, 0x0F, 0xE0, 0x1F, 0x80, 0x3F, 0x00, 0x7E, 0x00, 0xFC, 0x00, 0xFF, 0xFF, 0xFF, 0xFF,
    0xFF, 0xFF, 0xFF, 0xFF, 0x0F, 0xE0, 0x3F, 0xF8, 0x7F, 0xFC, 0x7F, 0xFC, 0xF8, 0x3E, 0xF0, 0x3E,
    0xF0, 0x1E, 0xF0, 0x1E, 0x00, 0x3E, 0x00, 0x7C, 0x03, 0xF8, 0x03, 0xF0, 0x03, 0xFC, 0x00, 0x7E,
    0x00, 0x3F, 0x00, 0x1F, 0xF0, 0x1F, 0xF0, 0x1F, 0xF0, 0x3F, 0xF8, 0x3E, 0x7F, 0xFE, 0x7F, 0xFC,
    0x3F, 0xF8, 0x0F, 0xE0, 0x00, 0xF8, 0x00, 0xF8, 0x01, 0xF8, 0x03, 0xF8, 0x03, 0xF8, 0x07, 0xF8,
    0x0F, 0x78, 0x0E, 0x78, 0x1E, 0x78, 0x1C, 0x78, 0x3C, 0x78, 0x78, 0x78, 0x70, 0x78, 0xF0, 0x78,
    0xE0, 0x78, 0xFF, 0xFF, 0xFF, 0xFF, 0xFF, 0xFF, 0xFF, 0xFF, 0x00, 0x78, 0x00, 0x78, 0x00, 0x78,
    0x00, 0x78, 0x00, 0x78, 0x3F, 0xFC, 0x3F, 0xFC, 0x3F, 0xFC, 0x3F, 0xFC, 0x38, 0x00, 0x78, 0x00,
    0x78, 0x00, 0x78, 0x00, 0x7B, 0xE0, 0x7F, 0xF8, 0x7F, 0xFC, 0x7F, 0xFC, 0x78, 0x7E, 0x00, 0x3E,
    0x00, 0x3E, 0x00, 0x1E, 0x00, 0x1E, 0xF0, 0x3E, 0xF0, 0x3E, 0xF8, 0x7C, 0x7F, 0xFC, 0x7F, 0xF8,
    0x3F, 0xF0, 0x0F, 0xC0, 0x07, 0xE0, 0x1F, 0xF8, 0x3F, 0xFC, 0x3F, 0xFE, 0x7C, 0x3E, 0x78, 0x1E,
    0xF0, 0x00, 0xF0, 0x00, 0xF3, 0xE0, 0xF7, 0xF8, 0xFF, 0xFC, 0xFF, 0xFC, 0xFC, 0x7E, 0xF8, 0x3E,
    0xF0, 0x1E, 0xF0, 0x1E, 0xF0, 0x1E, 0xF0, 0x1E, 0xF8, 0x3E, 0x7C, 0x7C, 0x7F, 0xFC, 0x3F, 0xF8,
    0x1F, 0xF0, 0x07, 0xC0, 0xFF, 0xFF, 0xFF, 0xFF, 0xFF, 0xFF, 0xFF, 0xFF, 0x00, 0x1E, 0x00, 0x3E,
    0x00, 0x3C, 0x00, 0x78, 0x00, 0xF8, 0x00, 0xF0, 0x01, 0xF0, 0x01, 0xE0, 0x03, 0xE0, 0x03, 0xC0,
    0x07, 0xC0, 0x07, 0xC0, 0x07, 0x80, 0x0F, 0x80, 0x0F, 0x80, 0x0F, 0x80, 0x1F, 0x00, 0x1F, 0x00,
    0x1F, 0x00, 0x1F, 0x00, 0x07, 0xF0, 0x00, 0x1F, 0xFC, 0x00, 0x3F, 0xFE, 0x00, 0x3E, 0x3E, 0x00,
    0x7C, 0x1F, 0x00, 0x78, 0x0F, 0x00, 0x78, 0x0F, 0x00, 0x78, 0x0F, 0x00, 0x7C, 0x1F, 0x00, 0x3E,
    0x3E, 0x00, 0x1F, 0xFC, 0x00, 0x1F, 0xFC, 0x00, 0x3F, 0xFE, 0x00, 0x7C, 0x1F, 0x00, 0xF8, 0x0F,
    0x80, 0xF0, 0x07, 0x80, 0xF0, 0x07, 0x80, 0xF0, 0x07, 0x80, 0xF8, 0x0F, 0x80, 0x7E, 0x3F, 0x00,
    0x7F, 0xFE, 0x00, 0x3F, 0xFE, 0x00, 0x1F, 0xFC, 0x00, 0x07, 0xF0, 0x00, 0x07, 0xC0, 0x1F, 0xF0,
    0x3F, 0xF8, 0x7F, 0xFC, 0x7C, 0x7C, 0xF8, 0x3E, 0xF0, 0x1E, 0xF0, 0x1E, 0xF0, 0x1E, 0xF0, 0x1E,
    0xF8, 0x3E, 0xFC, 0x7E, 0x7F, 0xFE, 0x7F, 0xFE, 0x3F, 0xDE, 0x07, 0x9E, 0x00, 0x1E, 0x00, 0x1E,
    0xF0, 0x3C, 0xF8, 0x7C, 0x7F, 0xF8, 0x7F, 0xF8, 0x1F, 0xF0, 0x07, 0xC0, 0xF8, 0xF8, 0xF8, 0xF8,
    0xF8, 0x00, 0x00, 0x00, 0x00, 0x00, 0x00, 0x00, 0xF8, 0xF8, 0xF8, 0xF8, 0xF8, 0xF8, 0xF8, 0xF8,
    0xF8, 0xF8, 0x00, 0x00, 0x00, 0x00, 0x00, 0x00, 0x00, 0xF8, 0xF8, 0xF8, 0xF8, 0xF8, 0x18, 0x18,
    0x38, 0x70, 0xE0, 0x80, 0x00, 0x03, 0x00, 0x1F, 0x00, 0x7F, 0x03, 0xFF, 0x0F, 0xFE, 0x7F, 0xF8,
    0xFF, 0xC0, 0xFE, 0x00, 0xFE, 0x00, 0xFF, 0xC0, 0x7F, 0xF0, 0x0F, 0xFE, 0x03, 0xFF, 0x00, 0x7F,
    0x00, 0x1F, 0x00, 0x03, 0xFF, 0xFE, 0xFF, 0xFE, 0xFF, 0xFE, 0xFF, 0xFE, 0x00, 0x00, 0x00, 0x00,
    0x00, 0x00, 0x00, 0x00, 0xFF, 0xFE, 0xFF, 0xFE, 0xFF, 0xFE, 0xFF, 0xFE, 0xC0, 0x00, 0xF0, 0x00,
    0xFE, 0x00, 0xFF, 0xC0, 0x7F, 0xF0, 0x1F, 0xFE, 0x03, 0xFF, 0x00, 0x7F, 0x00, 0x7F, 0x03, 0xFF,
    0x1F, 0xFE, 0x7F, 0xF0, 0xFF, 0xC0, 0xFE, 0x00, 0xF0, 0x00, 0xC0, 0x00, 0x0F, 0xE0, 0x3F, 0xF8,
    0x7F, 0xFC, 0x7F, 0xFE, 0xFC, 0x7E, 0xF8, 0x3F, 0xF8, 0x1F, 0xF0, 0x1F, 0xF0, 0x1F, 0x00, 0x3F,
    0x00, 0x7E, 0x00, 0xFE, 0x01, 0xFC, 0x01, 0xF8, 0x03, 0xE0, 0x03, 0xC0, 0x07, 0xC0, 0x07, 0xC0,
    0x00, 0x00, 0x00, 0x00, 0x07, 0xC0, 0x07, 0xC0, 0x07, 0xC0, 0x07, 0xC0, 0x07, 0xC0, 0x00, 0x0F,
    0xE0, 0x00, 0x00, 0x7F, 0xFC, 0x00, 0x01, 0xFF, 0xFE, 0x00, 0x03, 0xF0, 0x3F, 0x80, 0x07, 0xC0,
    0x07, 0xC0, 0x0F, 0x00, 0x03, 0xC0, 0x1E, 0x00, 0x01, 0xE0, 0x1C, 0x00, 0x00, 0xF0, 0x3C, 0x07,
    0xDC, 0x70, 0x38, 0x1F, 0xFC, 0x70, 0x70, 0x3C, 0xFC, 0x38, 0x70, 0x78, 0x78, 0x38, 0xF0, 0xF0,
    0x38, 0x38, 0xE0, 0xE0, 0x38, 0x38, 0xE1, 0xE0, 0x38, 0x38, 0xE1, 0xC0, 0x70, 0x78, 0xE1, 0xC0,
    0x70, 0x70, 0xE1, 0xC0, 0x70, 0x70, 0xE1, 0xE0, 0xF0, 0xE0, 0xF1, 0xE1, 0xF1, 0xE0, 0x70, 0xFF,
    0xFF, 0xC0, 0x78, 0x7F, 0x3F, 0x80, 0x38, 0x3E, 0x1E, 0x00, 0x3C, 0x00, 0x00, 0x00, 0x1E, 0x00,
    0x00, 0x00, 0x0F, 0x80, 0x00, 0x00, 0x0F, 0xF0, 0x3C, 0x00, 0x03, 0xFF, 0xFC, 0x00, 0x01, 0xFF,
    0xFC, 0x00, 0x00, 0x7F, 0xE0, 0x00, 0x00, 0xFC, 0x00, 0x00, 0xFC, 0x00, 0x01, 0xFE, 0x00, 0x01,
    0xFE, 0x00, 0x01, 0xFE, 0x00, 0x03, 0xFF, 0x00, 0x03, 0xFF, 0x00, 0x03, 0xFF, 0x00, 0x07, 0xCF,
    0x80, 0x07, 0xCF, 0x80, 0x07, 0xCF, 0x80, 0x0F, 0x87, 0x80, 0x0F, 0x87, 0xC0, 0x0F, 0x87, 0xC0,
    0x1F, 0x03, 0xC0, 0x1F, 0x03, 0xE0, 0x1F, 0xFF, 0xE0, 0x1F, 0xFF, 0xE0, 0x3F, 0xFF, 0xF0, 0x3F,
    0xFF, 0xF0, 0x3E, 0x01, 0xF0, 0x7C, 0x00, 0xF8, 0x7C, 0x00, 0xF8, 0xFC, 0x00, 0xFC, 0xF8, 0x00,
    0x7C, 0xFF, 0xFC, 0x00, 0xFF, 0xFF, 0x00, 0xFF, 0xFF, 0x80, 0xFF, 0xFF, 0x80, 0xF8, 0x0F, 0xC0,
    0xF8, 0x07, 0xC0, 0xF8, 0x07, 0xC0, 0xF8, 0x07, 0xC0, 0xF8, 0x07, 0xC0, 0xF8, 0x0F, 0x80, 0xFF,
    0xFF, 0x00, 0xFF, 0xFF, 0x00, 0xFF, 0xFF, 0x80, 0xFF, 0xFF, 0xC0, 0xF8, 0x07, 0xC0, 0xF8, 0x03,
    0xE0, 0xF8, 0x03, 0xE0, 0xF8, 0x03, 0xE0, 0xF8, 0x03, 0xE0, 0xF8, 0x03, 0xE0, 0xF8, 0x07, 0xE0,
    0xFF, 0xFF, 0xC0, 0xFF, 0xFF, 0xC0, 0xFF, 0xFF, 0x80, 0xFF, 0xFE, 0x00, 0x01, 0xFE, 0x00, 0x07,
    0xFF, 0x80, 0x0F, 0xFF, 0xC0, 0x1F, 0xFF, 0xE0, 0x3F, 0x87, 0xF0, 0x3E, 0x01, 0xF0, 0x7C, 0x01,
    0xF8, 0x7C, 0x00, 0xF8, 0x7C, 0x00, 0xF8, 0xF8, 0x00, 0x00, 0xF8, 0x00, 0x00, 0xF8, 0x00, 0x00,
    0xF8, 0x00, 0x00, 0xF8, 0x00, 0x00, 0xF8, 0x00, 0x00, 0xF8, 0x00, 0x00, 0x7C, 0x00, 0xF8, 0x7C,
    0x00, 0xF8, 0x7E, 0x01, 0xF8, 0x3E, 0x01, 0xF0, 0x3F, 0x87, 0xF0, 0x1F, 0xFF, 0xE0, 0x0F, 0xFF,
    0xC0, 0x07, 0xFF, 0x80, 0x01, 0xFE, 0x00, 0xFF, 0xF8, 0x00, 0xFF, 0xFF, 0x00, 0xFF, 0xFF, 0x80,
    0xFF, 0xFF, 0xC0, 0xF8, 0x0F, 0xE0, 0xF8, 0x03, 0xE0, 0xF8, 0x03, 0xF0, 0xF8, 0x01, 0xF0, 0xF8,
    0x01, 0xF8, 0xF8, 0x00, 0xF8, 0xF8, 0x00, 0xF8, 0xF8, 0x00, 0xF8, 0xF8, 0x00, 0xF8, 0xF8, 0x00,
    0xF8, 0xF8, 0x00, 0xF8, 0xF8, 0x00, 0xF8, 0xF8, 0x01, 0xF8, 0xF8, 0x01, 0xF0, 0xF8, 0x03, 0xF0,
    0xF8, 0x03, 0xE0, 0xF8, 0x0F, 0xE0, 0xFF, 0xFF, 0xC0, 0xFF, 0xFF, 0x80, 0xFF, 0xFF, 0x00, 0xFF,
    0xF8, 0x00, 0xFF, 0xFF, 0x80, 0xFF, 0xFF, 0x80, 0xFF, 0xFF, 0x80, 0xFF, 0xFF, 0x80, 0xF8, 0x00,
    0x00, 0xF8, 0x00, 0x00, 0xF8, 0x00, 0x00, 0xF8, 0x00, 0x00, 0xF8, 0x00, 0x00, 0xF8, 0x00, 0x00,
    0xFF, 0xFF, 0x00, 0xFF, 0xFF, 0x00, 0xFF, 0xFF, 0x00, 0xFF, 0xFF, 0x00, 0xF8, 0x00, 0x00, 0xF8,
    0x00, 0x00, 0xF8, 0x00, 0x00, 0xF8, 0x00, 0x00, 0xF8, 0x00, 0x00, 0xF8, 0x00, 0x00, 0xF8, 0x00,
    0x00, 0xFF, 0xFF, 0xC0, 0xFF, 0xFF, 0xC0, 0xFF, 0xFF, 0xC0, 0xFF, 0xFF, 0xC0, 0xFF, 0xFF, 0xFF,
    0xFF, 0xFF, 0xFF, 0xFF, 0xFF, 0xF8, 0x00, 0xF8, 0x00, 0xF8, 0x00, 0xF8, 0x00, 0xF8, 0x00, 0xF8,
    0x00, 0xFF, 0xFE, 0xFF, 0xFE, 0xFF, 0xFE, 0xFF, 0xFE, 0xF8, 0x00, 0xF8, 0x00, 0xF8, 0x00, 0xF8,
    0x00, 0xF8, 0x00, 0xF8, 0x00, 0xF8, 0x00, 0xF8, 0x00, 0xF8, 0x00, 0xF8, 0x00, 0xF8, 0x00, 0x00,
    0xFF, 0x00, 0x03, 0xFF, 0xC0, 0x0F, 0xFF, 0xE0, 0x1F, 0xFF, 0xF0, 0x1F, 0xC3, 0xF8, 0x3F, 0x00,
    0xF8, 0x7E, 0x00, 0x7C, 0x7C, 0x00, 0x7C, 0xFC, 0x00, 0x00, 0xF8, 0x00, 0x00, 0xF8, 0x00, 0x00,
    0xF8, 0x00, 0x00, 0xF8, 0x0F, 0xFC, 0xF8, 0x0F, 0xFC, 0xF8, 0x0F, 0xFC, 0xF8, 0x0F, 0xFC, 0xFC,
    0x00, 0x7C, 0x7C, 0x00, 0x7C, 0x7E, 0x00, 0x7C, 0x7E, 0x00, 0xFC, 0x3F, 0x83, 0xFC, 0x3F, 0xFF,
    0xFC, 0x1F, 0xFF, 0xDC, 0x07, 0xFF, 0x9C, 0x03, 0xFE, 0x1C, 0xF8, 0x03, 0xE0, 0xF8, 0x03, 0xE0,
    0xF8, 0x03, 0xE0, 0xF8, 0x03, 0xE0, 0xF8, 0x03, 0xE0, 0xF8, 0x03, 0xE0, 0xF8, 0x03, 0xE0, 0xF8,
    0x03, 0xE0, 0xF8, 0x03, 0xE0, 0xF8, 0x03, 0xE0, 0xFF, 0xFF, 0xE0, 0xFF, 0xFF, 0xE0, 0xFF, 0xFF,
    0xE0, 0xFF, 0xFF, 0xE0, 0xF8, 0x03, 0xE0, 0xF8, 0x03, 0xE0, 0xF8, 0x03, 0xE0, 0xF8, 0x03, 0xE0,
    0xF8, 0x03, 0xE0, 0xF8, 0x03, 0xE0, 0xF8, 0x03, 0xE0, 0xF8, 0x03, 0xE0, 0xF8, 0x03, 0xE0, 0xF8,
    0x03, 0xE0, 0xF8, 0x03, 0xE0, 0xF8, 0xF8, 0xF8, 0xF8, 0xF8, 0xF8, 0xF8, 0xF8, 0xF8, 0xF8, 0xF8,
    0xF8, 0xF8, 0xF8, 0xF8, 0xF8, 0xF8, 0xF8, 0xF8, 0xF8, 0xF8, 0xF8, 0xF8, 0xF8, 0xF8, 0x00, 0x3E,
    0x00, 0x3E, 0x00, 0x3E, 0x00, 0x3E, 0x00, 0x3E, 0x00, 0x3E, 0x00, 0x3E, 0x00, 0x3E, 0x00, 0x3E,
    0x00, 0x3E, 0x00, 0x3E, 0x00, 0x3E, 0x00, 0x3E, 0x00, 0x3E, 0x00, 0x3E, 0xF8, 0x3E, 0xF8, 0x3E,
    0xF8, 0x3E, 0xF8, 0x3E, 0xF8, 0x3E, 0xFC, 0x7E, 0xFF, 0xFC, 0x7F, 0xFC, 0x3F, 0xF8, 0x0F, 0xE0,
    0xF8, 0x07, 0xE0, 0xF8, 0x07, 0xE0, 0xF8, 0x0F, 0xC0, 0xF8, 0x1F, 0x80, 0xF8, 0x3F, 0x00, 0xF8,
    0x7E, 0x00, 0xF8, 0xFC, 0x00, 0xF8, 0xF8, 0x00, 0xF9, 0xF8, 0x00, 0xFB, 0xF0, 0x00, 0xFF, 0xE0,
    0x00, 0xFF, 0xE0, 0x00, 0xFF, 0xF0, 0x00, 0xFF, 0xF0, 0x00, 0xFF, 0xF8, 0x00, 0xFC, 0xFC, 0x00,
    0xF8, 0x7E, 0x00, 0xF8, 0x7E, 0x00, 0xF8, 0x3F, 0x00, 0xF8, 0x1F, 0x80, 0xF8, 0x0F, 0x80, 0xF8,
    0x0F, 0xC0, 0xF8, 0x07, 0xE0, 0xF8, 0x03, 0xF0, 0xF8, 0x03, 0xF0, 0xF8, 0x00, 0xF8, 0x00, 0xF8,
    0x00, 0xF8, 0x00, 0xF8, 0x00, 0xF8, 0x00, 0xF8, 0x00, 0xF8, 0x00, 0xF8, 0x00, 0xF8, 0x00, 0xF8,
    0x00, 0xF8, 0x00, 0xF8, 0x00, 0xF8, 0x00, 0xF8, 0x00, 0xF8, 0x00, 0xF8, 0x00, 0xF8, 0x00, 0xF8,
    0x00, 0xF8, 0x00, 0xF8, 0x00, 0xFF, 0xFF, 0xFF, 0xFF, 0xFF, 0xFF, 0xFF, 0xFF, 0xFE, 0x00, 0xFE,
    0xFE, 0x00, 0xFE, 0xFF, 0x01, 0xFE, 0xFF, 0x01, 0xFE, 0xFF, 0x01, 0xFE, 0xFF, 0x01, 0xFE, 0xFF,
    0x83, 0xFE, 0xFF, 0x83, 0xFE, 0xFB, 0x83, 0xBE, 0xFB, 0x83, 0xBE, 0xFB, 0xC7, 0xBE, 0xFB, 0xC7,
    0xBE, 0xFB, 0xC7, 0xBE, 0xF9, 0xC7, 0x3E, 0xF9, 0xEF, 0x3E, 0xF9, 0xEF, 0x3E, 0xF9, 0xEF, 0x3E,
    0xF9, 0xEF, 0x3E, 0xF8, 0xEE, 0x3E, 0xF8, 0xFE, 0x3E, 0xF8, 0xFE, 0x3E, 0xF8, 0xFE, 0x3E, 0xF8,
    0x7C, 0x3E, 0xF8, 0x7C, 0x3E, 0xF8, 0x7C, 0x3E, 0xF8, 0x03, 0xE0, 0xFC, 0x03, 0xE0, 0xFC, 0x03,
    0xE0, 0xFE, 0x03, 0xE0, 0xFE, 0x03, 0xE0, 0xFF, 0x03, 0xE0, 0xFF, 0x03, 0xE0, 0xFF, 0x83, 0xE0,
    0xFF, 0xC3, 0xE0, 0xFB, 0xC3, 0xE0, 0xFB, 0xE3, 0xE0, 0xF9, 0xE3, 0xE0, 0xF9, 0xF3, 0xE0, 0xF8,
    0xF3, 0xE0, 0xF8, 0xFB, 0xE0, 0xF8, 0x7B, 0xE0, 0xF8, 0x3F, 0xE0, 0xF8, 0x3F, 0xE0, 0xF8, 0x1F,
    0xE0, 0xF8, 0x1F, 0xE0, 0xF8, 0x0F, 0xE0, 0xF8, 0x0F, 0xE0, 0xF8, 0x07, 0xE0, 0xF8, 0x07, 0xE0,
    0xF8, 0x03, 0xE0, 0x01, 0xFF, 0x00, 0x07, 0xFF, 0xC0, 0x0F, 0xFF, 0xE0, 0x1F, 0xFF, 0xF0, 0x3F,
    0xC7, 0xF8, 0x3F, 0x01, 0xF8, 0x7E, 0x00, 0xFC, 0x7C, 0x00, 0x7C, 0x7C, 0x00, 0x7C, 0xF8, 0x00,
    0x3E, 0xF8, 0x00, 0x3E, 0xF8, 0x00, 0x3E, 0xF8, 0x00, 0x3E, 0xF8, 0x00, 0x3E, 0xF8, 0x00, 0x3E,
    0xF8, 0x00, 0x3E, 0x7C, 0x00, 0x7C, 0x7C, 0x00, 0x7C, 0x7E, 0x00, 0xFC, 0x3F, 0x01, 0xF8, 0x3F,
    0xC7, 0xF8, 0x1F, 0xFF, 0xF0, 0x0F, 0xFF, 0xE0, 0x07, 0xFF, 0xC0, 0x01, 0xFF, 0x00, 0xFF, 0xF8,
    0x00, 0xFF, 0xFE, 0x00, 0xFF, 0xFF, 0x00, 0xFF, 0xFF, 0x80, 0xF8, 0x1F, 0x80, 0xF8, 0x0F, 0xC0,
    0xF8, 0x07, 0xC0, 0xF8, 0x07, 0xC0, 0xF8, 0x07, 0xC0, 0xF8, 0x07, 0xC0, 0xF8, 0x0F, 0xC0, 0xF8,
    0x1F, 0x80, 0xFF, 0xFF, 0x80, 0xFF, 0xFF, 0x00, 0xFF, 0xFC, 0x00, 0xFF, 0xF0, 0x00, 0xF8, 0x00,
    0x00, 0xF8, 0x00, 0x00, 0xF8, 0x00, 0x00, 0xF8, 0x00, 0x00, 0xF8, 0x00, 0x00, 0xF8, 0x00, 0x00,
    0xF8, 0x00, 0x00, 0xF8, 0x00, 0x00, 0xF8, 0x00, 0x00, 0x01, 0xFF, 0x00, 0x07, 0xFF, 0xC0, 0x0F,
    0xFF, 0xE0, 0x1F, 0xFF, 0xF0, 0x3F, 0xC7, 0xF8, 0x3F, 0x01, 0xF8, 0x7E, 0x00, 0xFC, 0x7C, 0x00,
    0x7C, 0xFC, 0x00, 0x7E, 0xF8, 0x00, 0x3E, 0xF8, 0x00, 0x3E, 0xF8, 0x00, 0x3E, 0xF8, 0x00, 0x3E,
    0xF8, 0x00, 0x3E, 0xF8, 0x00, 0x3E, 0xF8, 0x02, 0x3E, 0xFC, 0x07, 0x3E, 0x7C, 0x0F, 0xBC, 0x7E,
    0x0F, 0xFC, 0x3F, 0x07, 0xF8, 0x3F, 0xC3, 0xF0, 0x1F, 0xFF, 0xF8, 0x0F, 0xFF, 0xFC, 0x07, 0xFF,
    0xFE, 0x01, 0xFF, 0x3C, 0x00, 0x00, 0x18, 0xFF, 0xFE, 0x00, 0xFF, 0xFF, 0x80, 0xFF, 0xFF, 0xC0,
    0xFF, 0xFF, 0xC0, 0xF8, 0x07, 0xE0, 0xF8, 0x03, 0xE0, 0xF8, 0x03, 0xE0, 0xF8, 0x03, 0xE0, 0xF8,
    0x03, 0xE0, 0xF8, 0x07, 0xC0, 0xF8, 0x0F, 0xC0, 0xFF, 0xFF, 0x80, 0xFF, 0xFF, 0x00, 0xFF, 0xFF,
    0x00, 0xFF, 0xFF, 0x80, 0xF8, 0x0F, 0xC0, 0xF8, 0x07, 0xC0, 0xF8, 0x07, 0xC0, 0xF8, 0x07, 0xC0,
    0xF8, 0x07, 0xC0, 0xF8, 0x07, 0xC0, 0xF8, 0x07, 0xC0, 0xF8, 0x07, 0xC0, 0xF8, 0x07, 0xE0, 0xF8,
    0x03, 0xE0, 0x03, 0xF8, 0x00, 0x0F, 0xFE, 0x00, 0x1F, 0xFF, 0x00, 0x3F, 0xFF, 0x80, 0x3E, 0x1F,
    0x80, 0x7C, 0x07, 0xC0, 0x78, 0x07, 0xC0, 0x78, 0x03, 0xC0, 0x7C, 0x00, 0x00, 0x7F, 0x00, 0x00,
    0x3F, 0xF0, 0x00, 0x3F, 0xFE, 0x00, 0x1F, 0xFF, 0x80, 0x03, 0xFF, 0xC0, 0x00, 0x3F, 0xC0, 0x00,
    0x07, 0xE0, 0x00, 0x03, 0xE0, 0xF8, 0x03, 0xE0, 0xF8, 0x03, 0xE0, 0x7C, 0x03, 0xE0, 0x7E, 0x0F,
    0xC0, 0x3F, 0xFF, 0xC0, 0x1F, 0xFF, 0x80, 0x0F, 0xFF, 0x00, 0x03, 0xF8, 0x00, 0xFF, 0xFF, 0xE0,
    0xFF, 0xFF, 0xE0, 0xFF, 0xFF, 0xE0, 0xFF, 0xFF, 0xE0, 0x01, 0xF0, 0x00, 0x01, 0xF0, 0x00, 0x01,
    0xF0, 0x00, 0x01, 0xF0, 0x00, 0x01, 0xF0, 0x00, 0x01, 0xF0, 0x00, 0x01, 0xF0, 0x00, 0x01, 0xF0,
    0x00, 0x01, 0xF0, 0x00, 0x01, 0xF0, 0x00, 0x01, 0xF0, 0x00, 0x01, 0xF0, 0x00, 0x01, 0xF0, 0x00,
    0x01, 0xF0, 0x00, 0x01, 0xF0, 0x00, 0x01, 0xF0, 0x00, 0x01, 0xF0, 0x00, 0x01, 0xF0, 0x00, 0x01,
    0xF0, 0x00, 0x01, 0xF0, 0x00, 0x01, 0xF0, 0x00, 0xF8, 0x03, 0xE0, 0xF8, 0x03, 0xE0, 0xF8, 0x03,
    0xE0, 0xF8, 0x03, 0xE0, 0xF8, 0x03, 0xE0, 0xF8, 0x03, 0xE0, 0xF8, 0x03, 0xE0, 0xF8, 0x03, 0xE0,
    0xF8, 0x03, 0xE0, 0xF8, 0x03, 0xE0, 0xF8, 0x03, 0xE0, 0xF8, 0x03, 0xE0, 0xF8, 0x03, 0xE0, 0xF8,
    0x03, 0xE0, 0xF8, 0x03, 0xE0, 0xF8, 0x03, 0xE0, 0xF8, 0x03, 0xE0, 0xF8, 0x03, 0xE0, 0xF8, 0x03,
    0xE0, 0xFC, 0x07, 0xE0, 0x7F, 0x1F, 0xC0, 0x7F, 0xFF, 0xC0, 0x3F, 0xFF, 0x80, 0x1F, 0xFF, 0x00,
    0x07, 0xFC, 0x00, 0xF8, 0x01, 0xF0, 0xF8, 0x01, 0xF0, 0x7C, 0x03, 0xE0, 0x7C, 0x03, 0xE0, 0x7C,
    0x03, 0xE0, 0x3C, 0x03, 0xC0, 0x3E, 0x07, 0xC0, 0x3E, 0x07, 0xC0, 0x1E, 0x07, 0x80, 0x1F, 0x0F,
    0x80, 0x1F, 0x0F, 0x80, 0x0F, 0x0F, 0x00, 0x0F, 0x0F, 0x00, 0x0F, 0x0F, 0x00, 0x07, 0x9E, 0x00,
    0x07, 0x9E, 0x00, 0x07, 0x9E, 0x00, 0x07, 0xFE, 0x00, 0x03, 0xFC, 0x00, 0x03, 0xFC, 0x00, 0x03,
    0xFC, 0x00, 0x01, 0xF8, 0x00, 0x01, 0xF8, 0x00, 0x01, 0xF8, 0x00, 0x00, 0xF0, 0x00, 0xF8, 0x1F,
    0x81, 0xF8, 0xF8, 0x1F, 0x81, 0xF8, 0x78, 0x1F, 0x81, 0xF0, 0x78, 0x1F, 0x81, 0xF0, 0x78, 0x1F,
    0x81, 0xF0, 0x7C, 0x3F, 0xC3, 0xE0, 0x7C, 0x3F, 0xC3, 0xE0, 0x7C, 0x3F, 0xC3, 0xE0, 0x3C, 0x3F,
    0xC3, 0xE0, 0x3C, 0x39, 0xC3, 0xC0, 0x3E, 0x79, 0xE3, 0xC0, 0x3E, 0x79, 0xE7, 0xC0, 0x1E, 0x79,
    0xE7, 0xC0, 0x1E, 0x79, 0xE7, 0x80, 0x1E, 0x70, 0xE7, 0x80, 0x1E, 0x70, 0xE7, 0x80, 0x0F, 0xF0,
    0xFF, 0x00, 0x0F, 0xF0, 0xFF, 0x00, 0x0F, 0xF0, 0xFF, 0x00, 0x0F, 0xE0, 0x7F, 0x00, 0x07, 0xE0,
    0x7E, 0x00, 0x07, 0xE0, 0x7E, 0x00, 0x07, 0xE0, 0x7E, 0x00, 0x03, 0xC0, 0x3C, 0x00, 0x03, 0xC0,
    0x3C, 0x00, 0xFC, 0x03, 0xE0, 0x7E, 0x07, 0xE0, 0x7E, 0x07, 0xC0, 0x3F, 0x0F, 0xC0, 0x1F, 0x0F,
    0x80, 0x1F, 0x9F, 0x00, 0x0F, 0x9F, 0x00, 0x0F, 0xBE, 0x00, 0x07, 0xFE, 0x00, 0x07, 0xFC, 0x00,
    0x03, 0xFC, 0x00, 0x03, 0xF8, 0x00, 0x01, 0xF8, 0x00, 0x03, 0xF8, 0x00, 0x03, 0xFC, 0x00, 0x07,
    0xFC, 0x00, 0x07, 0xFE, 0x00, 0x0F, 0xBF, 0x00, 0x1F, 0x9F, 0x00, 0x1F, 0x1F, 0x80, 0x3F, 0x0F,
    0x80, 0x3E, 0x0F, 0xC0, 0x7E, 0x07, 0xC0, 0xFC, 0x07, 0xE0, 0xFC, 0x03, 0xF0, 0xFC, 0x03, 0xF0,
    0xFC, 0x03, 0xE0, 0x7E, 0x07, 0xE0, 0x3E, 0x07, 0xC0, 0x3F, 0x0F, 0xC0, 0x3F, 0x0F, 0x80, 0x1F,
    0x0F, 0x80, 0x1F, 0x9F, 0x00, 0x0F, 0x9F, 0x00, 0x0F, 0xFE, 0x00, 0x07, 0xFE, 0x00, 0x07, 0xFC,
    0x00, 0x03, 0xFC, 0x00, 0x03, 0xF8, 0x00, 0x03, 0xF8, 0x00, 0x01, 0xF0, 0x00, 0x01, 0xF0, 0x00,
    0x01, 0xF0, 0x00, 0x01, 0xF0, 0x00, 0x01, 0xF0, 0x00, 0x01, 0xF0, 0x00, 0x01, 0xF0, 0x00, 0x01,
    0xF0, 0x00, 0x01, 0xF0, 0x00, 0x01, 0xF0, 0x00, 0xFF, 0xFF, 0x80, 0xFF, 0xFF, 0x80, 0xFF, 0xFF,
    0x80, 0xFF, 0xFF, 0x80, 0x00, 0x0F, 0x80, 0x00, 0x1F, 0x80, 0x00, 0x3F, 0x00, 0x00, 0x7E, 0x00,
    0x00, 0x7C, 0x00, 0x00, 0xFC, 0x00, 0x01, 0xF8, 0x00, 0x03, 0xF0, 0x00, 0x03, 0xF0, 0x00, 0x07,
    0xE0, 0x00, 0x0F, 0xC0, 0x00, 0x0F, 0x80, 0x00, 0x1F, 0x80, 0x00, 0x3F, 0x00, 0x00, 0x7E, 0x00,
    0x00, 0x7E, 0x00, 0x00, 0xFC, 0x00, 0x00, 0xFF, 0xFF, 0x80, 0xFF, 0xFF, 0x80, 0xFF, 0xFF, 0x80,
    0xFF, 0xFF, 0x80, 0xFF, 0xFF, 0xFF, 0xF0, 0xF0, 0xF0, 0xF0, 0xF0, 0xF0, 0xF0, 0xF0, 0xF0, 0xF0,
    0xF0, 0xF0, 0xF0, 0xF0, 0xF0, 0xF0, 0xF0, 0xF0, 0xF0, 0xF0, 0xF0, 0xF0, 0xF0, 0xF0, 0xF0, 0xFF,
    0xFF, 0xFF, 0xC0, 0x00, 0xC0, 0x00, 0xE0, 0x00, 0x60, 0x00, 0x60, 0x00, 0x70, 0x00, 0x70, 0x00,
    0x30, 0x00, 0x38, 0x00, 0x38, 0x00, 0x18, 0x00, 0x1C, 0x00, 0x1C, 0x00, 0x0C, 0x00, 0x0C, 0x00,
    0x0E, 0x00, 0x0E, 0x00, 0x06, 0x00, 0x07, 0x00, 0x07, 0x00, 0x03, 0x00, 0x03, 0x80, 0x03, 0x80,
    0x01, 0x80, 0x01, 0x80, 0xFF, 0xFF, 0xFF, 0x0F, 0x0F, 0x0F, 0x0F, 0x0F, 0x0F, 0x0F, 0x0F, 0x0F,
    0x0F, 0x0F, 0x0F, 0x0F, 0x0F, 0x0F, 0x0F, 0x0F, 0x0F, 0x0F, 0x0F, 0x0F, 0x0F, 0x0F, 0x0F, 0x0F,
    0xFF, 0xFF, 0xFF, 0x07, 0x80, 0x0F, 0xC0, 0x0F, 0xC0, 0x0F, 0xC0, 0x1F, 0xE0, 0x1F, 0xE0, 0x3C,
    0xF0, 0x3C, 0xF0, 0x38, 0x70, 0x78, 0x78, 0x78, 0x78, 0x70, 0x3C, 0xF0, 0x3C, 0xF0, 0x3C, 0xFF,
    0xFF, 0xC0, 0xFF, 0xFF, 0xC0, 0xE0, 0xF0, 0x70, 0x78, 0x38, 0x0F, 0xF0, 0x3F, 0xFC, 0x7F, 0xFC,
    0x7C, 0x3E, 0xF8, 0x1E, 0xF8, 0x1E, 0x00, 0xFE, 0x0F, 0xFE, 0x3F, 0xFE, 0x7F, 0x1E, 0xF8, 0x1E,
    0xF8, 0x1E, 0xF0, 0x3E, 0xF8, 0x7E, 0xFF, 0xFE, 0xFF, 0xFE, 0x7F, 0xDE, 0x3F, 0x1E, 0xF0, 0x00,
    0xF0, 0x00, 0xF0, 0x00, 0xF0, 0x00, 0xF0, 0x00, 0xF0, 0x00, 0xF0, 0x00, 0xF3, 0xF0, 0xF7, 0xFC,
    0xFF, 0xFC, 0xFF, 0xFE, 0xFC, 0x3E, 0xF8, 0x1F, 0xF0, 0x1F, 0xF0, 0x0F, 0xF0, 0x0F, 0xF0, 0x0F,
    0xF0, 0x0F, 0xF0, 0x1F, 0xF0, 0x1F, 0xF8, 0x3E, 0xFF, 0xFE, 0xFF, 0xFC, 0xF7, 0xF8, 0xF1, 0xF0,
    0x07, 0xE0, 0x1F, 0xF8, 0x3F, 0xFC, 0x3F, 0xFC, 0x7C, 0x3E, 0x78, 0x3E, 0xF0, 0x1E, 0xF0, 0x00,
    0xF0, 0x00, 0xF0, 0x00, 0xF0, 0x00, 0xF0, 0x1E, 0xF8, 0x1E, 0x7C, 0x3E, 0x7F, 0xFC, 0x3F, 0xF8,
    0x1F, 0xF8, 0x07, 0xE0, 0x00, 0x0F, 0x00, 0x0F, 0x00, 0x0F, 0x00, 0x0F, 0x00, 0x0F, 0x00, 0x0F,
    0x00, 0x0F, 0x0F, 0xCF, 0x1F, 0xEF, 0x3F, 0xFF, 0x7F, 0xFF, 0x7C, 0x3F, 0xF8, 0x1F, 0xF0, 0x0F,
    0xF0, 0x0F, 0xF0, 0x0F, 0xF0, 0x0F, 0xF0, 0x0F, 0xF0, 0x0F, 0xF8, 0x1F, 0x7C, 0x3F, 0x7F, 0xFF,
    0x3F, 0xEF, 0x1F, 0xEF, 0x0F, 0x8F, 0x07, 0xE0, 0x1F, 0xF8, 0x3F, 0xFC, 0x7F, 0xFE, 0x7C, 0x3E,
    0xF8, 0x1F, 0xF0, 0x1F, 0xFF, 0xFF, 0xFF, 0xFF, 0xFF, 0xFF, 0xF0, 0x00, 0xF0, 0x00, 0xF8, 0x1E,
    0x7C, 0x3E, 0x7F, 0xFC, 0x3F, 0xFC, 0x1F, 0xF0, 0x07, 0xC0, 0x07, 0xC0, 0x0F, 0xC0, 0x1F, 0xC0,
    0x1F, 0x00, 0x1E, 0x00, 0x1E, 0x00, 0x1E, 0x00, 0xFF, 0xC0, 0xFF, 0xC0, 0xFF, 0xC0, 0x1E, 0x00,
    0x1E, 0x00, 0x1E, 0x00, 0x1E, 0x00, 0x1E, 0x00, 0x1E, 0x00, 0x1E, 0x00, 0x1E, 0x00, 0x1E, 0x00,
    0x1E, 0x00, 0x1E, 0x00, 0x1E, 0x00, 0x1E, 0x00, 0x1E, 0x00, 0x1E, 0x00, 0x0F, 0xCF, 0x1F, 0xEF,
    0x3F, 0xFF, 0x7F, 0xFF, 0x7C, 0x3F, 0xF8, 0x1F, 0xF8, 0x1F, 0xF0, 0x0F, 0xF0, 0x0F, 0xF0, 0x0F,
    0xF0, 0x0F, 0xF8, 0x1F, 0xF8, 0x1F, 0x7C, 0x3F, 0x7F, 0xFF, 0x3F, 0xFF, 0x1F, 0xEF, 0x0F, 0xCF,
    0x00, 0x0F, 0xF8, 0x1F, 0xF8, 0x1F, 0x7E, 0x7E, 0x7F, 0xFE, 0x3F, 0xFC, 0x0F, 0xF0, 0xF0, 0x00,
    0xF0, 0x00, 0xF0, 0x00, 0xF0, 0x00, 0xF0, 0x00, 0xF0, 0x00, 0xF0, 0x00, 0xF1, 0xE0, 0xF7, 0xF8,
    0xFF, 0xFC, 0xFF, 0xFC, 0xFC, 0x3E, 0xF8, 0x1E, 0xF8, 0x1E, 0xF0, 0x1E, 0xF0, 0x1E, 0xF0, 0x1E,
    0xF0, 0x1E, 0xF0, 0x1E, 0xF0, 0x1E, 0xF0, 0x1E, 0xF0, 0x1E, 0xF0, 0x1E, 0xF0, 0x1E, 0xF0, 0x1E,
    0xF0, 0xF0, 0xF0, 0xF0, 0x00, 0x00, 0xF0, 0xF0, 0xF0, 0xF0, 0xF0, 0xF0, 0xF0, 0xF0, 0xF0, 0xF0,
    0xF0, 0xF0, 0xF0, 0xF0, 0xF0, 0xF0, 0xF0, 0xF0, 0xF0, 0x3C, 0x3C, 0x3C, 0x3C, 0x00, 0x00, 0x3C,
    0x3C, 0x3C, 0x3C, 0x3C, 0x3C, 0x3C, 0x3C, 0x3C, 0x3C, 0x3C, 0x3C, 0x3C, 0x3C, 0x3C, 0x3C, 0x3C,
    0x3C, 0x3C, 0x3C, 0x3C, 0x3C, 0xFC, 0xFC, 0xF8, 0xF8, 0xF0, 0x00, 0xF0, 0x00, 0xF0, 0x00, 0xF0,
    0x00, 0xF0, 0x00, 0xF0, 0x00, 0xF0, 0x00, 0xF0, 0x3E, 0xF0, 0x7C, 0xF0, 0xF8, 0xF1, 0xF0, 0xF3,
    0xE0, 0xF7, 0xC0, 0xFF, 0x80, 0xFF, 0xC0, 0xFF, 0xC0, 0xFF, 0xE0, 0xFF, 0xE0, 0xF9, 0xF0, 0xF1,
    0xF0, 0xF0, 0xF8, 0xF0, 0x78, 0xF0, 0x7C, 0xF0, 0x3E, 0xF0, 0x3E, 0xF0, 0xF0, 0xF0, 0xF0, 0xF0,
    0xF0, 0xF0, 0xF0, 0xF0, 0xF0, 0xF0, 0xF0, 0xF0, 0xF0, 0xF0, 0xF0, 0xF0, 0xF0, 0xF0, 0xF0, 0xF0,
    0xF0, 0xF0, 0xF0, 0xF0, 0xF1, 0xE0, 0xF8, 0xF7, 0xFB, 0xFE, 0xFF, 0xFF, 0xFE, 0xFF, 0xFF, 0xFF,
    0xFC, 0x7F, 0x1F, 0xF8, 0x3E, 0x0F, 0xF0, 0x3C, 0x0F, 0xF0, 0x3C, 0x0F, 0xF0, 0x3C, 0x0F, 0xF0,
    0x3C, 0x0F, 0xF0, 0x3C, 0x0F, 0xF0, 0x3C, 0x0F, 0xF0, 0x3C, 0x0F, 0xF0, 0x3C, 0x0F, 0xF0, 0x3C,
    0x0F, 0xF0, 0x3C, 0x0F, 0xF0, 0x3C, 0x0F, 0xF0, 0x3C, 0x0F, 0xF1, 0xF0, 0xF7, 0xFC, 0xFF, 0xFC,
    0xFF, 0xFE, 0xFC, 0x3E, 0xF8, 0x1E, 0xF0, 0x1E, 0xF0, 0x1E, 0xF0, 0x1E, 0xF0, 0x1E, 0xF0, 0x1E,
    0xF0, 0x1E, 0xF0, 0x1E, 0xF0, 0x1E, 0xF0, 0x1E, 0xF0, 0x1E, 0xF0, 0x1E, 0xF0, 0x1E, 0x07, 0xF0,
    0x00, 0x1F, 0xFC, 0x00, 0x3F, 0xFE, 0x00, 0x7F, 0xFF, 0x00, 0x7C, 0x1F, 0x00, 0xF8, 0x0F, 0x80,
    0xF8, 0x0F, 0x80, 0xF0, 0x07, 0x80, 0xF0, 0x07, 0x80, 0xF0, 0x07, 0x80, 0xF0, 0x07, 0x80, 0xF8,
    0x0F, 0x80, 0xF8, 0x0F, 0x80, 0x7C, 0x1F, 0x00, 0x7F, 0xFF, 0x00, 0x3F, 0xFE, 0x00, 0x1F, 0xFC,
    0x00, 0x07, 0xF0, 0x00, 0xF1, 0xF0, 0xF7, 0xF8, 0xFF, 0xFC, 0xFF, 0xFE, 0xFC, 0x3E, 0xF8, 0x1F,
    0xF8, 0x1F, 0xF0, 0x0F, 0xF0, 0x0F, 0xF0, 0x0F, 0xF0, 0x0F, 0xF8, 0x1F, 0xF8, 0x1F, 0xFC, 0x3E,
    0xFF, 0xFE, 0xFF, 0xFC, 0xF7, 0xF8, 0xF1, 0xF0, 0xF0, 0x00, 0xF0, 0x00, 0xF0, 0x00, 0xF0, 0x00,
    0xF0, 0x00, 0xF0, 0x00, 0xF0, 0x00, 0x07, 0xCF, 0x1F, 0xEF, 0x3F, 0xFF, 0x7F, 0xFF, 0x7C, 0x3F,
    0xF8, 0x1F, 0xF0, 0x0F, 0xF0, 0x0F, 0xF0, 0x0F, 0xF0, 0x0F, 0xF0, 0x0F, 0xF0, 0x0F, 0xF8, 0x1F,
    0x7C, 0x3F, 0x7F, 0xFF, 0x3F, 0xFF, 0x3F, 0xEF, 0x0F, 0xCF, 0x00, 0x0F, 0x00, 0x0F, 0x00, 0x0F,
    0x00, 0x0F, 0x00, 0x0F, 0x00, 0x0F, 0x00, 0x0F, 0xF0, 0xC0, 0xF3, 0xC0, 0xF7, 0xC0, 0xFF, 0xC0,
    0xFF, 0xC0, 0xFC, 0x00, 0xF8, 0x00, 0xF8, 0x00, 0xF0, 0x00, 0xF0, 0x00, 0xF0, 0x00, 0xF0, 0x00,
    0xF0, 0x00, 0xF0, 0x00, 0xF0, 0x00, 0xF0, 0x00, 0xF0, 0x00, 0xF0, 0x00, 0x07, 0xF0, 0x1F, 0xFC,
    0x3F, 0xFE, 0x7C, 0x3E, 0x78, 0x1F, 0x78, 0x1F, 0x7C, 0x00, 0x7F, 0xC0, 0x3F, 0xF8, 0x0F, 0xFE,
    0x03, 0xFF, 0x00, 0x3F, 0xF8, 0x0F, 0xF8, 0x0F, 0x7C, 0x1F, 0x7F, 0xFE, 0x3F, 0xFC, 0x0F, 0xF0,
    0x3C, 0x00, 0x3C, 0x00, 0x3C, 0x00, 0x3C, 0x00, 0xFF, 0x80, 0xFF, 0x80, 0xFF, 0x80, 0x3C, 0x00,
    0x3C, 0x00, 0x3C, 0x00, 0x3C, 0x00, 0x3C, 0x00, 0x3C, 0x00, 0x3C, 0x00, 0x3C, 0x00, 0x3C, 0x00,
    0x3C, 0x00, 0x3C, 0x00, 0x3F, 0x80, 0x3F, 0x80, 0x1F, 0x80, 0x0F, 0x80, 0xF0, 0x1E, 0xF0, 0x1E,
    0xF0, 0x1E, 0xF0, 0x1E, 0xF0, 0x1E, 0xF0, 0x1E, 0xF0, 0x1E, 0xF0, 0x1E, 0xF0, 0x1E, 0xF0, 0x1E,
    0xF0, 0x1E, 0xF0, 0x1E, 0xF8, 0x3E, 0xF8, 0x7E, 0xFF, 0xFE, 0x7F, 0xFE, 0x7F, 0xDE, 0x1F, 0x1E,
    0xF8, 0x0F, 0x80, 0xF8, 0x0F, 0x80, 0x7C, 0x1F, 0x00, 0x7C, 0x1F, 0x00, 0x3C, 0x1E, 0x00, 0x3C,
    0x1E, 0x00, 0x3E, 0x3E, 0x00, 0x1E, 0x3C, 0x00, 0x1E, 0x3C, 0x00, 0x1E, 0x3C, 0x00, 0x0F, 0x78,
    0x00, 0x0F, 0x78, 0x00, 0x0F, 0x78, 0x00, 0x07, 0xF0, 0x00, 0x07, 0xF0, 0x00, 0x07, 0xF0, 0x00,
    0x03, 0xE0, 0x00, 0x03, 0xE0, 0x00, 0xF8, 0x3E, 0x0F, 0x80, 0xF8, 0x3E, 0x0F, 0x80, 0x78, 0x3E,
    0x0F, 0x00, 0x7C, 0x3E, 0x1F, 0x00, 0x7C, 0x7F, 0x1F, 0x00, 0x3C, 0x7F, 0x1E, 0x00, 0x3C, 0x7F,
    0x1E, 0x00, 0x3C, 0x77, 0x1E, 0x00, 0x3C, 0xF7, 0x9E, 0x00, 0x1E, 0xE3, 0xBC, 0x00, 0x1E, 0xE3,
    0xBC, 0x00, 0x1E, 0xE3, 0xBC, 0x00, 0x1F, 0xE3, 0xFC, 0x00, 0x0F, 0xC1, 0xF8, 0x00, 0x0F, 0xC1,
    0xF8, 0x00, 0x0F, 0xC1, 0xF8, 0x00, 0x07, 0x80, 0xF0, 0x00, 0x07, 0x80, 0xF0, 0x00, 0xF8, 0x1F,
    0xFC, 0x3F, 0x7C, 0x3E, 0x3E, 0x7C, 0x3E, 0x78, 0x1F, 0xF8, 0x0F, 0xF0, 0x07, 0xE0, 0x03, 0xC0,
    0x07, 0xE0, 0x0F, 0xE0, 0x0F, 0xF0, 0x1F, 0xF8, 0x3E, 0x78, 0x3E, 0x7C, 0x7C, 0x3E, 0xFC, 0x3F,
    0xF8, 0x1F, 0xF8, 0x1F, 0xF8, 0x1F, 0xF8, 0x1E, 0x78, 0x3E, 0x7C, 0x3E, 0x7C, 0x3C, 0x3C, 0x3C,
    0x3E, 0x7C, 0x3E, 0x78, 0x1E, 0x78, 0x1E, 0x78, 0x1F, 0xF0, 0x0F, 0xF0, 0x0F, 0xF0, 0x0F, 0xE0,
    0x07, 0xE0, 0x07, 0xE0, 0x07, 0xC0, 0x07, 0xC0, 0x07, 0xC0, 0x0F, 0x80, 0x3F, 0x80, 0x3F, 0x00,
    0x3F, 0x00, 0x3C, 0x00, 0xFF, 0xFC, 0xFF, 0xFC, 0xFF, 0xFC, 0xFF, 0xFC, 0x00, 0xF8, 0x01, 0xF0,
    0x03, 0xF0, 0x07, 0xE0, 0x0F, 0xC0, 0x1F, 0x80, 0x1F, 0x00, 0x3E, 0x00, 0x7C, 0x00, 0xF8, 0x00,
    0xFF, 0xFC, 0xFF, 0xFC, 0xFF, 0xFC, 0xFF, 0xFC, 0x0F, 0x80, 0x1F, 0x80, 0x3F, 0x80, 0x3E, 0x00,
    0x3C, 0x00, 0x3C, 0x00, 0x3C, 0x00, 0x3C, 0x00, 0x3C, 0x00, 0x3C, 0x00, 0x3C, 0x00, 0x3C, 0x00,
    0x3C, 0x00, 0x3C, 0x00, 0x7C, 0x00, 0x78, 0x00, 0xE0, 0x00, 0x78, 0x00, 0x7C, 0x00, 0x3C, 0x00,
    0x3C, 0x00, 0x3C, 0x00, 0x3C, 0x00, 0x3C, 0x00, 0x3C, 0x00, 0x3C, 0x00, 0x3C, 0x00, 0x3C, 0x00,
    0x3C, 0x00, 0x3F, 0x80, 0x1F, 0x80, 0x0F, 0x80, 0xE0, 0xE0, 0xE0, 0xE0, 0xE0, 0xE0, 0xE0, 0xE0,
    0xE0, 0xE0, 0xE0, 0xE0, 0xE0, 0xE0, 0xE0, 0xE0, 0xE0, 0xE0, 0xE0, 0xE0, 0xE0, 0xE0, 0xE0, 0xE0,
    0xE0, 0xE0, 0xE0, 0xE0, 0xE0, 0xE0, 0xE0, 0xF8, 0x00, 0xFC, 0x00, 0xFE, 0x00, 0x3E, 0x00, 0x1E,
    0x00, 0x1E, 0x00, 0x1E, 0x00, 0x1E, 0x00, 0x1E, 0x00, 0x1E, 0x00, 0x1E, 0x00, 0x1E, 0x00, 0x1E,
    0x00, 0x1E, 0x00, 0x1F, 0x00, 0x0F, 0x00, 0x03, 0x80, 0x0F, 0x00, 0x1F, 0x00, 0x1E, 0x00, 0x1E,
    0x00, 0x1E, 0x00, 0x1E, 0x00, 0x1E, 0x00, 0x1E, 0x00, 0x1E, 0x00, 0x1E, 0x00, 0x1E, 0x00, 0x1E,
    0x00, 0xFE, 0x00, 0xFC, 0x00, 0xF8, 0x00, 0x38, 0x00, 0x7E, 0x0C, 0xFF, 0x9C, 0xE7, 0xFC, 0xC1,
    0xF8, 0x00, 0x70, 0x00, 0xF8, 0xF8, 0xF8, 0xF8, 0xF8, 0x00, 0x00, 0x70, 0x70, 0x70, 0x70, 0x70,
    0x70, 0xF8, 0xF8, 0xF8, 0xF8, 0xF8, 0xF8, 0xF8, 0xF8, 0xF8, 0xF8, 0xF8, 0x00, 0x20, 0x00, 0x20,
    0x00, 0x60, 0x07, 0xF0, 0x1F, 0xF8, 0x3F, 0xFC, 0x7F, 0xFC, 0x7C, 0xBE, 0xF8, 0x9E, 0xF9, 0x9E,
    0xF1, 0x80, 0xF1, 0x80, 0xF3, 0x00, 0xF3, 0x00, 0xF3, 0x1E, 0xFA, 0x1E, 0x7E, 0x3E, 0x7F, 0xFC,
    0x3F, 0xF8, 0x1F, 0xF0, 0x0F, 0xC0, 0x0C, 0x00, 0x08, 0x00, 0x08, 0x00, 0x03, 0xF0, 0x00, 0x1F,
    0xFC, 0x00, 0x3F, 0xFE, 0x00, 0x3F, 0xFF, 0x00, 0x7E, 0x1F, 0x00, 0x7C, 0x0F, 0x80, 0x7C, 0x0F,
    0x80, 0x7C, 0x07, 0x80, 0x7C, 0x00, 0x00, 0x7E, 0x00, 0x00, 0x3E, 0x00, 0x00, 0xFF, 0xF0, 0x00,
    0xFF, 0xF0, 0x00, 0x1F, 0x00, 0x00, 0x0F, 0x00, 0x00, 0x0F, 0x00, 0x00, 0x0F, 0x00, 0x00, 0x1F,
    0x00, 0x00, 0x1E, 0x00, 0x00, 0x3D, 0xE3, 0x00, 0x7F, 0xFF, 0x80, 0xFF, 0xFF, 0x80, 0xFF, 0xFF,
    0x00, 0x60, 0x7E, 0x00, 0xE0, 0x0E, 0xF7, 0xDE, 0xFF, 0xFE, 0x7F, 0xFC, 0x3C, 0x78, 0x78, 0x3C,
    0x70, 0x1C, 0x70, 0x1C, 0x70, 0x1C, 0x78, 0x3C, 0x3C, 0x78, 0x7F, 0xFC, 0xFF, 0xFE, 0xF7, 0xDE,
    0xE0, 0x0E, 0xF8, 0x07, 0xC0, 0xF8, 0x07, 0xC0, 0x7C, 0x0F, 0x80, 0x3C, 0x0F, 0x00, 0x1E, 0x1E,
    0x00, 0x1E, 0x1E, 0x00, 0x0F, 0x3C, 0x00, 0x0F, 0x3C, 0x00, 0x07, 0xF8, 0x00, 0x07, 0xF8, 0x00,
    0x03, 0xF0, 0x00, 0x01, 0xE0, 0x00, 0x3F, 0xFF, 0x00, 0x3F, 0xFF, 0x00, 0x01, 0xE0, 0x00, 0x01,
    0xE0, 0x00, 0x3F, 0xFF, 0x00, 0x3F, 0xFF, 0x00, 0x01, 0xE0, 0x00, 0x01, 0xE0, 0x00, 0x01, 0xE0,
    0x00, 0x01, 0xE0, 0x00, 0x01, 0xE0, 0x00, 0x01, 0xE0, 0x00, 0xE0, 0xE0, 0xE0, 0xE0, 0xE0, 0xE0,
    0xE0, 0xE0, 0xE0, 0xE0, 0xE0, 0xE0, 0xE0, 0x00, 0x00, 0x00, 0x00, 0x00, 0x00, 0xE0, 0xE0, 0xE0,
    0xE0, 0xE0, 0xE0, 0xE0, 0xE0, 0xE0, 0xE0, 0xE0, 0xE0, 0x0F, 0xF0, 0x1F, 0xF8, 0x3F, 0xF8, 0x7E,
    0x7C, 0x7C, 0x3C, 0x7C, 0x3C, 0x7E, 0x00, 0x7F, 0x00, 0x3F, 0xC0, 0x1F, 0xE0, 0x3F, 0xF8, 0x7F,
    0xFC, 0x71, 0xFE, 0xF0, 0xFF, 0xF0, 0x3F, 0xF8, 0x1F, 0xFC, 0x0F, 0x7F, 0x0F, 0x7F, 0x9F, 0x3F,
    0xFE, 0x1F, 0xF8, 0x07, 0xFC, 0x01, 0xFE, 0x00, 0x7E, 0x00, 0x3E, 0x78, 0x1E, 0x78, 0x1E, 0x7C,
    0x3E, 0x3F, 0xFC, 0x3F, 0xFC, 0x1F, 0xF8, 0x07, 0xE0, 0xF3, 0xC0, 0xF3, 0xC0, 0xF3, 0xC0, 0xF3,
    0xC0, 0x00, 0x7F, 0x80, 0x00, 0x03, 0xFF, 0xE0, 0x00, 0x07, 0x80, 0xF8, 0x00, 0x1F, 0x00, 0x3C,
    0x00, 0x1C, 0x00, 0x0E, 0x00, 0x38, 0x00, 0x07, 0x00, 0x70, 0x3F, 0x03, 0x00, 0x70, 0x7F, 0x83,
    0x80, 0xE0, 0xF3, 0xC1, 0x80, 0xE1, 0xC0, 0xE1, 0xC0, 0xC1, 0xC0, 0xE0, 0xC0, 0xC3, 0x80, 0x00,
    0xC0, 0xC3, 0x80, 0x00, 0xC0, 0xC3, 0x80, 0x00, 0xC0, 0xC3, 0x80, 0x00, 0xC0, 0xC1, 0xC0, 0xE0,
    0xC0, 0xE1, 0xC0, 0xE1, 0xC0, 0xE0, 0xF3, 0xC3, 0x80, 0x60, 0x7F, 0x83, 0x80, 0x70, 0x3F, 0x07,
    0x00, 0x38, 0x00, 0x0E, 0x00, 0x1E, 0x00, 0x3C, 0x00, 0x0F, 0x80, 0xF8, 0x00, 0x07, 0xFF, 0xE0,
    0x00, 0x01, 0xFF, 0x80, 0x00, 0x3E, 0x00, 0x7F, 0x00, 0xE3, 0x80, 0xC3, 0x80, 0x1F, 0x80, 0x7F,
    0x80, 0xF3, 0x80, 0xE3, 0x80, 0xE3, 0x80, 0xFF, 0x80, 0x7B, 0x80, 0x00, 0x00, 0x00, 0x00, 0xFF,
    0x80, 0xFF, 0x80, 0xFF, 0x80, 0x08, 0x10, 0x18, 0x30, 0x38, 0x70, 0x78, 0xF0, 0xF1, 0xE0, 0xE1,
    0xC0, 0xE1, 0xC0, 0xF1, 0xE0, 0xF9, 0xF0, 0x78, 0xF0, 0x38, 0x70, 0x18, 0x30, 0x08, 0x10, 0xFF,
    0xFF, 0xFF, 0xFF, 0xFF, 0xFF, 0xFF, 0xFF, 0x00, 0x0F, 0x00, 0x0F, 0x00, 0x0F, 0x00, 0x0F, 0x00,
    0x0F, 0x00, 0x0F, 0xFF, 0x80, 0xFF, 0x80, 0xFF, 0x80, 0xFF, 0x80, 0xFF, 0x80, 0x00, 0xFF, 0x80,
    0x00, 0x03, 0xFF, 0xE0, 0x00, 0x07, 0x80, 0xF8, 0x00, 0x1E, 0x00, 0x3C, 0x00, 0x1C, 0x00, 0x0E,
    0x00, 0x38, 0xFF, 0x87, 0x00, 0x70, 0xFF, 0xC3, 0x00, 0x70, 0xE1, 0xE3, 0x80, 0xE0, 0xE0, 0xE1,
    0x80, 0xE0, 0xE0, 0xE1, 0x80, 0xC0, 0xE0, 0xE1, 0xC0, 0xC0, 0xE1, 0xC1, 0xC0, 0xC0, 0xFF, 0x81,
    0xC0, 0xC0, 0xFF, 0x01, 0xC0, 0xC0, 0xE3, 0x81, 0xC0, 0xC0, 0xE3, 0xC1, 0xC0, 0xE0, 0xE1, 0xC1,
    0x80, 0xE0, 0xE0, 0xE3, 0x80, 0x70, 0xE0, 0xF3, 0x80, 0x70, 0xE0, 0x77, 0x00, 0x38, 0x00, 0x0E,
    0x00, 0x1E, 0x00, 0x1C, 0x00, 0x0F, 0x80, 0x78, 0x00, 0x07, 0xFF, 0xE0, 0x00, 0x01, 0xFF, 0x80,
    0x00, 0xFF, 0xC0, 0xFF, 0xC0, 0xFF, 0xC0, 0x3E, 0x00, 0x7F, 0x00, 0x63, 0x00, 0xC1, 0x80, 0xC1,
    0x80, 0xC1, 0x80, 0xC1, 0x80, 0x63, 0x00, 0x7F, 0x00, 0x3E, 0x00, 0x03, 0xC0, 0x03, 0xC0, 0x03,
    0xC0, 0x03, 0xC0, 0x03, 0xC0, 0x03, 0xC0, 0xFF, 0xFF, 0xFF, 0xFF, 0xFF, 0xFF, 0xFF, 0xFF, 0x03,
    0xC0, 0x03, 0xC0, 0x03, 0xC0, 0x03, 0xC0, 0x03, 0xC0, 0x03, 0xC0, 0x00, 0x00, 0x00, 0x00, 0xFF,
    0xFF, 0xFF, 0xFF, 0xFF, 0xFF, 0xFF, 0xFF, 0x3F, 0x00, 0x7F, 0x80, 0xF3, 0xC0, 0xE1, 0xC0, 0xE1,
    0xC0, 0x01, 0xC0, 0x03, 0xC0, 0x07, 0x80, 0x0F, 0x00, 0x3E, 0x00, 0x78, 0x00, 0x70, 0x00, 0xFF,
    0xC0, 0xFF, 0xC0, 0xFF, 0xC0, 0x1E, 0x00, 0x7F, 0x80, 0xF3, 0xC0, 0xE1, 0xC0, 0xE1, 0xC0, 0x03,
    0xC0, 0x0F, 0x80, 0x0F, 0x80, 0x03, 0xC0, 0x01, 0xC0, 0xE1, 0xC0, 0xE1, 0xC0, 0xF3, 0xC0, 0x7F,
    0x80, 0x3E, 0x00, 0x3C, 0x78, 0x70, 0xE0, 0xE0, 0xF0, 0x1E, 0xF0, 0x1E, 0xF0, 0x1E, 0xF0, 0x1E,
    0xF0, 0x1E, 0xF0, 0x1E, 0xF0, 0x1E, 0xF0, 0x1E, 0xF0, 0x1E, 0xF0, 0x1E, 0xF0, 0x1E, 0xF0, 0x1E,
    0xF8, 0x3E, 0xF8, 0x7E, 0xFF, 0xFE, 0xFF, 0xFE, 0xFF, 0xDE, 0xF7, 0x9E, 0xF0, 0x00, 0xF0, 0x00,
    0xF0, 0x00, 0xF0, 0x00, 0xF0, 0x00, 0xF0, 0x00, 0xF0, 0x00, 0x0F, 0xFF, 0x80, 0x1F, 0xFF, 0x80,
    0x3F, 0x8C, 0x00, 0x7F, 0x8C, 0x00, 0x7F, 0x8C, 0x00, 0xFF, 0x8C, 0x00, 0xFF, 0x8C, 0x00, 0xFF,
    0x8C, 0x00, 0xFF, 0x8C, 0x00, 0xFF, 0x8C, 0x00, 0x7F, 0x8C, 0x00, 0x7F, 0x8C, 0x00, 0x3F, 0x8C,
    0x00, 0x3F, 0x8C, 0x00, 0x0F, 0x8C, 0x00, 0x01, 0x8C, 0x00, 0x01, 0x8C, 0x00, 0x01, 0x8C, 0x00,
    0x01, 0x8C, 0x00, 0x01, 0x8C, 0x00, 0x01, 0x8C, 0x00, 0x01, 0x8C, 0x00, 0x01, 0x8C, 0x00, 0x01,
    0x8C, 0x00, 0x01, 0x8C, 0x00, 0x01, 0x8C, 0x00, 0x01, 0x8C, 0x00, 0x01, 0x8C, 0x00, 0x01, 0x8C,
    0x00, 0x01, 0x8C, 0x00, 0x01, 0x8C, 0x00, 0x60, 0xF0, 0xF0, 0xF0, 0x60, 0x30, 0x30, 0x30, 0x7C,
    0x1E, 0x0E, 0xFC, 0xF8, 0x1C, 0x3C, 0xFC, 0xFC, 0x1C, 0x1C, 0x1C, 0x1C, 0x1C, 0x1C, 0x1C, 0x1C,
    0x1C, 0x1C, 0x1C, 0x3F, 0x00, 0x7F, 0x80, 0x73, 0x80, 0xE1, 0xC0, 0xE1, 0xC0, 0xE1, 0xC0, 0xE1,
    0xC0, 0xE1, 0xC0, 0x73, 0x80, 0x7F, 0x80, 0x3F, 0x00, 0x00, 0x00, 0x00, 0x00, 0xFF, 0xC0, 0xFF,
    0xC0, 0xFF, 0xC0, 0x81, 0x00, 0xC1, 0x80, 0xE1, 0xC0, 0xF1, 0xE0, 0x78, 0xF0, 0x38, 0x70, 0x38,
    0x70, 0x78, 0xF0, 0xF1, 0xE0, 0xE1, 0xC0, 0xC1, 0x80, 0x81, 0x00, 0x00, 0x00, 0x38, 0x00, 0x06,
    0x00, 0x70, 0x00, 0x1E, 0x00, 0x70, 0x00, 0xFE, 0x00, 0xE0, 0x00, 0xFE, 0x01, 0xC0, 0x00, 0x0E,
    0x01, 0xC0, 0x00, 0x0E, 0x03, 0x80, 0x00, 0x0E, 0x03, 0x80, 0x00, 0x0E, 0x07, 0x00, 0x00, 0x0E,
    0x07, 0x00, 0x00, 0x0E, 0x0E, 0x07, 0x00, 0x0E, 0x1C, 0x0F, 0x00, 0x0E, 0x1C, 0x1F, 0x00, 0x0E,
    0x38, 0x1F, 0x00, 0x00, 0x38, 0x37, 0x00, 0x00, 0x70, 0x67, 0x00, 0x00, 0x70, 0xE7, 0x00, 0x00,
    0xE0, 0xC7, 0x00, 0x01, 0xC1, 0x87, 0x00, 0x01, 0xC1, 0xFF, 0xC0, 0x03, 0x81, 0xFF, 0xC0, 0x03,
    0x80, 0x07, 0x00, 0x07, 0x00, 0x07, 0x00, 0x07, 0x00, 0x07, 0x00, 0x00, 0x00, 0xE0, 0x00, 0x0C,
    0x01, 0xC0, 0x00, 0x1C, 0x01, 0xC0, 0x00, 0xFC, 0x03, 0x80, 0x00, 0xFC, 0x03, 0x80, 0x00, 0x1C,
    0x07, 0x00, 0x00, 0x1C, 0x0E, 0x00, 0x00, 0x1C, 0x0E, 0x00, 0x00, 0x1C, 0x1C, 0x00, 0x00, 0x1C,
    0x1C, 0x00, 0x00, 0x1C, 0x38, 0x7E, 0x00, 0x1C, 0x30, 0xFF, 0x00, 0x1C, 0x71, 0xE7, 0x80, 0x1C,
    0xE1, 0xC3, 0x80, 0x00, 0xE1, 0xC3, 0x80, 0x01, 0xC0, 0x07, 0x80, 0x01, 0xC0, 0x0F, 0x00, 0x03,
    0x80, 0x1E, 0x00, 0x07, 0x00, 0x3C, 0x00, 0x07, 0x00, 0x78, 0x00, 0x0E, 0x00, 0xF0, 0x00, 0x0E,
    0x01, 0xFF, 0x80, 0x1C, 0x01, 0xFF, 0x80, 0x1C, 0x01, 0xFF, 0x80, 0x3F, 0x00, 0x1C, 0x00, 0x7F,
    0x80, 0x38, 0x00, 0xF3, 0xC0, 0x38, 0x00, 0xE1, 0xC0, 0x70, 0x00, 0xE1, 0xC0, 0xE0, 0x00, 0x03,
    0xC0, 0xE0, 0x00, 0x0F, 0x81, 0xC0, 0x00, 0x0F, 0x81, 0xC0, 0x00, 0x0F, 0xC3, 0x80, 0x00, 0x01,
    0xC7, 0x00, 0x00, 0xE1, 0xC7, 0x0E, 0x00, 0xE1, 0xCE, 0x1E, 0x00, 0xF3, 0xCE, 0x1E, 0x00, 0x7F,
    0x9C, 0x3E, 0x00, 0x3F, 0x1C, 0x7E, 0x00, 0x00, 0x38, 0xEE, 0x00, 0x00, 0x70, 0xCE, 0x00, 0x00,
    0x71, 0x8E, 0x00, 0x00, 0xE3, 0x8E, 0x00, 0x00, 0xE3, 0xFF, 0x80, 0x01, 0xC3, 0xFF, 0x80, 0x01,
    0xC0, 0x0E, 0x00, 0x03, 0x80, 0x0E, 0x00, 0x03, 0x80, 0x0E, 0x00, 0x03, 0xE0, 0x03, 0xE0, 0x03,
    0xE0, 0x03, 0xE0, 0x00, 0x00, 0x00, 0x00, 0x03, 0xC0, 0x03, 0xC0, 0x03, 0xC0, 0x07, 0xC0, 0x1F,
    0x80, 0x3F, 0x80, 0x7F, 0x00, 0x7E, 0x00, 0xFC, 0x00, 0xF8, 0x0F, 0xF8, 0x0F, 0xF8, 0x0F, 0xFC,
    0x1F, 0x7E, 0x7F, 0x7F, 0xFE, 0x3F, 0xFE, 0x3F, 0xFC, 0x0F, 0xF0, 0x03, 0xC0, 0x00, 0x01, 0xE0,
    0x00, 0x00, 0xF0, 0x00, 0x00, 0x78, 0x00, 0x00, 0x3C, 0x00, 0x00, 0x00, 0x00, 0x00, 0xFC, 0x00,
    0x00, 0xFC, 0x00, 0x01, 0xFE, 0x00, 0x01, 0xFE, 0x00, 0x01, 0xFE, 0x00, 0x03, 0xFF, 0x00, 0x03,
    0xFF, 0x00, 0x03, 0xFF, 0x00, 0x07, 0xCF, 0x80, 0x07, 0xCF, 0x80, 0x07, 0xCF, 0x80, 0x0F, 0x87,
    0x80, 0x0F, 0x87, 0xC0, 0x0F, 0x87, 0xC0, 0x1F, 0x03, 0xC0, 0x1F, 0x03, 0xE0, 0x1F, 0xFF, 0xE0,
    0x1F, 0xFF, 0xE0, 0x3F, 0xFF, 0xF0, 0x3F, 0xFF, 0xF0, 0x3E, 0x01, 0xF0, 0x7C, 0x00, 0xF8, 0x7C,
    0x00, 0xF8, 0xFC, 0x00, 0xFC, 0xF8, 0x00, 0x7C, 0x00, 0x0F, 0x00, 0x00, 0x1E, 0x00, 0x00, 0x3C,
    0x00, 0x00, 0x78, 0x00, 0x00, 0xF0, 0x00, 0x00, 0x00, 0x00, 0x00, 0xFC, 0x00, 0x00, 0xFC, 0x00,
    0x01, 0xFE, 0x00, 0x01, 0xFE, 0x00, 0x01, 0xFE, 0x00, 0x03, 0xFF, 0x00, 0x03, 0xFF, 0x00, 0x03,
    0xFF, 0x00, 0x07, 0xCF, 0x80, 0x07, 0xCF, 0x80, 0x07, 0xCF, 0x80, 0x0F, 0x87, 0x80, 0x0F, 0x87,
    0xC0, 0x0F, 0x87, 0xC0, 0x1F, 0x03, 0xC0, 0x1F, 0x03, 0xE0, 0x1F, 0xFF, 0xE0, 0x1F, 0xFF, 0xE0,
    0x3F, 0xFF, 0xF0, 0x3F, 0xFF, 0xF0, 0x3E, 0x01, 0xF0, 0x7C, 0x00, 0xF8, 0x7C, 0x00, 0xF8, 0xFC,
    0x00, 0xFC, 0xF8, 0x00, 0x7C, 0x00, 0x30, 0x00, 0x00, 0x78, 0x00, 0x00, 0xFC, 0x00, 0x01, 0xCE,
    0x00, 0x03, 0x87, 0x00, 0x00, 0x00, 0x00, 0x00, 0xFC, 0x00, 0x00, 0xFC, 0x00, 0x01, 0xFE, 0x00,
    0x01, 0xFE, 0x00, 0x01, 0xFE, 0x00, 0x03, 0xFF, 0x00, 0x03, 0xFF, 0x00, 0x03, 0xFF, 0x00, 0x07,
    0xCF, 0x80, 0x07, 0xCF, 0x80, 0x07, 0xCF, 0x80, 0x0F, 0x87, 0x80, 0x0F, 0x87, 0xC0, 0x0F, 0x87,
    0xC0, 0x1F, 0x03, 0xC0, 0x1F, 0x03, 0xE0, 0x1F, 0xFF, 0xE0, 0x1F, 0xFF, 0xE0, 0x3F, 0xFF, 0xF0,
    0x3F, 0xFF, 0xF0, 0x3E, 0x01, 0xF0, 0x7C, 0x00, 0xF8, 0x7C, 0x00, 0xF8, 0xFC, 0x00, 0xFC, 0xF8,
    0x00, 0x7C, 0x00, 0xF1, 0x80, 0x01, 0xFF, 0x80, 0x03, 0xFF, 0x00, 0x03, 0x1E, 0x00, 0x00, 0x00,
    0x00, 0x00, 0xFC, 0x00, 0x00, 0xFC, 0x00, 0x01, 0xFE, 0x00, 0x01, 0xFE, 0x00, 0x01, 0xFE, 0x00,
    0x03, 0xFF, 0x00, 0x03, 0xFF, 0x00, 0x03, 0xFF, 0x00, 0x07, 0xCF, 0x80, 0x07, 0xCF, 0x80, 0x07,
    0xCF, 0x80, 0x0F, 0x87, 0x80, 0x0F, 0x87, 0xC0, 0x0F, 0x87, 0xC0, 0x1F, 0x03, 0xC0, 0x1F, 0x03,
    0xE0, 0x1F, 0xFF, 0xE0, 0x1F, 0xFF, 0xE0, 0x3F, 0xFF, 0xF0, 0x3F, 0xFF, 0xF0, 0x3E, 0x01, 0xF0,
    0x7C, 0x00, 0xF8, 0x7C, 0x00, 0xF8, 0xFC, 0x00, 0xFC, 0xF8, 0x00, 0x7C, 0x03, 0xCF, 0x00, 0x03,
    0xCF, 0x00, 0x03, 0xCF, 0x00, 0x03, 0xCF, 0x00, 0x00, 0x00, 0x00, 0x00, 0x00, 0x00, 0x00, 0xFC,
    0x00, 0x00, 0xFC, 0x00, 0x01, 0xFE, 0x00, 0x01, 0xFE, 0x00, 0x01, 0xFE, 0x00, 0x03, 0xFF, 0x00,
    0x03, 0xFF, 0x00, 0x03, 0xFF, 0x00, 0x07, 0xCF, 0x80, 0x07, 0xCF, 0x80, 0x07, 0xCF, 0x80, 0x0F,
    0x87, 0x80, 0x0F, 0x87, 0xC0, 0x0F, 0x87, 0xC0, 0x1F, 0x03, 0xC0, 0x1F, 0x03, 0xE0, 0x1F, 0xFF,
    0xE0, 0x1F, 0xFF, 0xE0, 0x3F, 0xFF, 0xF0, 0x3F, 0xFF, 0xF0, 0x3E, 0x01, 0xF0, 0x7C, 0x00, 0xF8,
    0x7C, 0x00, 0xF8, 0xFC, 0x00, 0xFC, 0xF8, 0x00, 0x7C, 0x00, 0x78, 0x00, 0x00, 0xCC, 0x00, 0x00,
    0x84, 0x00, 0x00, 0x84, 0x00, 0x00, 0xCC, 0x00, 0x00, 0x78, 0x00, 0x00, 0x00, 0x00, 0x00, 0xFC,
    0x00, 0x01, 0xFE, 0x00, 0x01, 0xFE, 0x00, 0x01, 0xFE, 0x00, 0x03, 0xFF, 0x00, 0x03, 0xFF, 0x00,
    0x03, 0xFF, 0x00, 0x07, 0xCF, 0x80, 0x07, 0xCF, 0x80, 0x07, 0xCF, 0x80, 0x0F, 0x87, 0x80, 0x0F,
    0x87, 0xC0, 0x0F, 0x87, 0xC0, 0x1F, 0x03, 0xC0, 0x1F, 0x03, 0xE0, 0x1F, 0xFF, 0xE0, 0x1F, 0xFF,
    0xE0, 0x3F, 0xFF, 0xF0, 0x3F, 0xFF, 0xF0, 0x3E, 0x01, 0xF0, 0x7C, 0x00, 0xF8, 0x7C, 0x00, 0xF8,
    0xFC, 0x00, 0xFC, 0xF8, 0x00, 0x7C, 0x00, 0xFF, 0xFF, 0xFC, 0x00, 0xFF, 0xFF, 0xFC, 0x00, 0xFF,
    0xFF, 0xFC, 0x01, 0xFF, 0xFF, 0xFC, 0x01, 0xF3, 0xC0, 0x00, 0x01, 0xE3, 0xC0, 0x00, 0x03, 0xE3,
    0xC0, 0x00, 0x03, 0xE3, 0xC0, 0x00, 0x03, 0xC3, 0xC0, 0x00, 0x07, 0xC3, 0xC0, 0x00, 0x07, 0xC3,
    0xC0, 0x00, 0x07, 0xC3, 0xFF, 0xF8, 0x0F, 0x83, 0xFF, 0xF8, 0x0F, 0x83, 0xFF, 0xF8, 0x0F, 0x83,
    0xFF, 0xF8, 0x1F, 0x03, 0xC0, 0x00, 0x1F, 0xFF, 0xC0, 0x00, 0x1F, 0xFF, 0xC0, 0x00, 0x3F, 0xFF,
    0xC0, 0x00, 0x3F, 0xFF, 0xC0, 0x00, 0x3E, 0x03, 0xC0, 0x00, 0x7C, 0x03, 0xFF, 0xFE, 0x7C, 0x03,
    0xFF, 0xFE, 0xF8, 0x03, 0xFF, 0xFE, 0xF8, 0x03, 0xFF, 0xFE, 0x01, 0xFE, 0x00, 0x07, 0xFF, 0x80,
    0x0F, 0xFF, 0xC0, 0x1F, 0xFF, 0xE0, 0x3F, 0x87, 0xF0, 0x3E, 0x01, 0xF0, 0x7C, 0x01, 0xF0, 0x7C,
    0x00, 0xF8, 0x7C, 0x00, 0xF8, 0xF8, 0x00, 0x00, 0xF8, 0x00, 0x00, 0xF8, 0x00, 0x00, 0xF8, 0x00,
    0x00, 0xF8, 0x00, 0x00, 0xF8, 0x00, 0x00, 0xF8, 0x00, 0x00, 0x7C, 0x00, 0xF8, 0x7C, 0x00, 0xF8,
    0x7E, 0x01, 0xF8, 0x3E, 0x01, 0xF0, 0x3F, 0x87, 0xF0, 0x1F, 0xFF, 0xE0, 0x0F, 0xFF, 0xC0, 0x07,
    0xFF, 0x80, 0x01, 0xFC, 0x00, 0x00, 0x60, 0x00, 0x00, 0x60, 0x00, 0x00, 0xF8, 0x00, 0x00, 0x1C,
    0x00, 0x00, 0x1C, 0x00, 0x01, 0xF8, 0x00, 0x01, 0xF0, 0x00, 0x1E, 0x00, 0x00, 0x0F, 0x00, 0x00,
    0x07, 0x80, 0x00, 0x03, 0xC0, 0x00, 0x01, 0xE0, 0x00, 0x00, 0x00, 0x00, 0xFF, 0xFF, 0x80, 0xFF,
    0xFF, 0x80, 0xFF, 0xFF, 0x80, 0xFF, 0xFF, 0x80, 0xF8, 0x00, 0x00, 0xF8, 0x00, 0x00, 0xF8, 0x00,
    0x00, 0xF8, 0x00, 0x00, 0xF8, 0x00, 0x00, 0xF8, 0x00, 0x00, 0xFF, 0xFF, 0x00, 0xFF, 0xFF, 0x00,
    0xFF, 0xFF, 0x00, 0xFF, 0xFF, 0x00, 0xF8, 0x00, 0x00, 0xF8, 0x00, 0x00, 0xF8, 0x00, 0x00, 0xF8,
    0x00, 0x00, 0xF8, 0x00, 0x00, 0xF8, 0x00, 0x00, 0xF8, 0x00, 0x00, 0xFF, 0xFF, 0xC0, 0xFF, 0xFF,
    0xC0, 0xFF, 0xFF, 0xC0, 0xFF, 0xFF, 0xC0, 0x00, 0x78, 0x00, 0x00, 0xF0, 0x00, 0x01, 0xE0, 0x00,
    0x03, 0xC0, 0x00, 0x07, 0x80, 0x00, 0x00, 0x00, 0x00, 0xFF, 0xFF, 0x80, 0xFF, 0xFF, 0x80, 0xFF,
    0xFF, 0x80, 0xFF, 0xFF, 0x80, 0xF8, 0x00, 0x00, 0xF8, 0x00, 0x00, 0xF8, 0x00, 0x00, 0xF8, 0x00,
    0x00, 0xF8, 0x00, 0x00, 0xF8, 0x00, 0x00, 0xFF, 0xFF, 0x00, 0xFF, 0xFF, 0x00, 0xFF, 0xFF, 0x00,
    0xFF, 0xFF, 0x00, 0xF8, 0x00, 0x00, 0xF8, 0x00, 0x00, 0xF8, 0x00, 0x00, 0xF8, 0x00, 0x00, 0xF8,
    0x00, 0x00, 0xF8, 0x00, 0x00, 0xF8, 0x00, 0x00, 0xFF, 0xFF, 0xC0, 0xFF, 0xFF, 0xC0, 0xFF, 0xFF,
    0xC0, 0xFF, 0xFF, 0xC0, 0x00, 0xC0, 0x00, 0x01, 0xE0, 0x00, 0x03, 0xF0, 0x00, 0x07, 0x38, 0x00,
    0x0E, 0x1C, 0x00, 0x00, 0x00, 0x00, 0xFF, 0xFF, 0x80, 0xFF, 0xFF, 0x80, 0xFF, 0xFF, 0x80, 0xFF,
    0xFF, 0x80, 0xF8, 0x00, 0x00, 0xF8, 0x00, 0x00, 0xF8, 0x00, 0x00, 0xF8, 0x00, 0x00, 0xF8, 0x00,
    0x00, 0xF8, 0x00, 0x00, 0xFF, 0xFF, 0x00, 0xFF, 0xFF, 0x00, 0xFF, 0xFF, 0x00, 0xFF, 0xFF, 0x00,
    0xF8, 0x00, 0x00, 0xF8, 0x00, 0x00, 0xF8, 0x00, 0x00, 0xF8, 0x00, 0x00, 0xF8, 0x00, 0x00, 0xF8,
    0x00, 0x00, 0xF8, 0x00, 0x00, 0xFF, 0xFF, 0xC0, 0xFF, 0xFF, 0xC0, 0xFF, 0xFF, 0xC0, 0xFF, 0xFF,
    0xC0, 0x1E, 0x3C, 0x00, 0x1E, 0x3C, 0x00, 0x1E, 0x3C, 0x00, 0x1E, 0x3C, 0x00, 0x00, 0x00, 0x00,
    0x00, 0x00, 0x00, 0xFF, 0xFF, 0x80, 0xFF, 0xFF, 0x80, 0xFF, 0xFF, 0x80, 0xFF, 0xFF, 0x80, 0xF8,
    0x00, 0x00, 0xF8, 0x00, 0x00, 0xF8, 0x00, 0x00, 0xF8, 0x00, 0x00, 0xF8, 0x00, 0x00, 0xF8, 0x00,
    0x00, 0xFF, 0xFF, 0x00, 0xFF, 0xFF, 0x00, 0xFF, 0xFF, 0x00, 0xFF, 0xFF, 0x00, 0xF8, 0x00, 0x00,
    0xF8, 0x00, 0x00, 0xF8, 0x00, 0x00, 0xF8, 0x00, 0x00, 0xF8, 0x00, 0x00, 0xF8, 0x00, 0x00, 0xF8,
    0x00, 0x00, 0xFF, 0xFF, 0xC0, 0xFF, 0xFF, 0xC0, 0xFF, 0xFF, 0xC0, 0xFF, 0xFF, 0xC0, 0xF0, 0x78,
    0x3C, 0x1E, 0x0F, 0x00, 0x3E, 0x3E, 0x3E, 0x3E, 0x3E, 0x3E, 0x3E, 0x3E, 0x3E, 0x3E, 0x3E, 0x3E,
    0x3E, 0x3E, 0x3E, 0x3E, 0x3E, 0x3E, 0x3E, 0x3E, 0x3E, 0x3E, 0x3E, 0x3E, 0x3E, 0x0F, 0x1E, 0x3C,
    0x78, 0xF0, 0x00, 0xF8, 0xF8, 0xF8, 0xF8, 0xF8, 0xF8, 0xF8, 0xF8, 0xF8, 0xF8, 0xF8, 0xF8, 0xF8,
    0xF8, 0xF8, 0xF8, 0xF8, 0xF8, 0xF8, 0xF8, 0xF8, 0xF8, 0xF8, 0xF8, 0xF8, 0x0C, 0x00, 0x1E, 0x00,
    0x3F, 0x00, 0x73, 0x80, 0xE1, 0xC0, 0x00, 0x00, 0x3E, 0x00, 0x3E, 0x00, 0x3E, 0x00, 0x3E, 0x00,
    0x3E, 0x00, 0x3E, 0x00, 0x3E, 0x00, 0x3E, 0x00, 0x3E, 0x00, 0x3E, 0x00, 0x3E, 0x00, 0x3E, 0x00,
    0x3E, 0x00, 0x3E, 0x00, 0x3E, 0x00, 0x3E, 0x00, 0x3E, 0x00, 0x3E, 0x00, 0x3E, 0x00, 0x3E, 0x00,
    0x3E, 0x00, 0x3E, 0x00, 0x3E, 0x00, 0x3E, 0x00, 0x3E, 0x00, 0xF3, 0xC0, 0xF3, 0xC0, 0xF3, 0xC0,
    0xF3, 0xC0, 0x00, 0x00, 0x00, 0x00, 0x3E, 0x00, 0x3E, 0x00, 0x3E, 0x00, 0x3E, 0x00, 0x3E, 0x00,
    0x3E, 0x00, 0x3E, 0x00, 0x3E, 0x00, 0x3E, 0x00, 0x3E, 0x00, 0x3E, 0x00, 0x3E, 0x00, 0x3E, 0x00,
    0x3E, 0x00, 0x3E, 0x00, 0x3E, 0x00, 0x3E, 0x00, 0x3E, 0x00, 0x3E, 0x00, 0x3E, 0x00, 0x3E, 0x00,
    0x3E, 0x00, 0x3E, 0x00, 0x3E, 0x00, 0x3E, 0x00, 0x1F, 0xFF, 0x80, 0x1F, 0xFF, 0xE0, 0x1F, 0xFF,
    0xF0, 0x1F, 0xFF, 0xF8, 0x1F, 0x07, 0xF8, 0x1F, 0x00, 0xFC, 0x1F, 0x00, 0xFC, 0x1F, 0x00, 0x7C,
    0x1F, 0x00, 0x7E, 0x1F, 0x00, 0x3E, 0x1F, 0x00, 0x3E, 0xFF, 0xF0, 0x3E, 0xFF, 0xF0, 0x3E, 0xFF,
    0xF0, 0x3E, 0x1F, 0x00, 0x3E, 0x1F, 0x00, 0x3E, 0x1F, 0x00, 0x7C, 0x1F, 0x00, 0x7C, 0x1F, 0x00,
    0x7C, 0x1F, 0x00, 0xF8, 0x1F, 0x03, 0xF8, 0x1F, 0xFF, 0xF0, 0x1F, 0xFF, 0xF0, 0x1F, 0xFF, 0xC0,
    0x1F, 0xFF, 0x80, 0x03, 0xC6, 0x00, 0x07, 0xFE, 0x00, 0x0F, 0xFC, 0x00, 0x0C, 0x78, 0x00, 0x00,
    0x00, 0x00, 0xF8, 0x03, 0xE0, 0xFC, 0x03, 0xE0, 0xFC, 0x03, 0xE0, 0xFE, 0x03, 0xE0, 0xFE, 0x03,
    0xE0, 0xFF, 0x03, 0xE0, 0xFF, 0x03, 0xE0, 0xFF, 0x83, 0xE0, 0xFF, 0xC3, 0xE0, 0xFB, 0xC3, 0xE0,
    0xFB, 0xE3, 0xE0, 0xF9, 0xE3, 0xE0, 0xF9, 0xF3, 0xE0, 0xF8, 0xF3, 0xE0, 0xF8, 0xFB, 0xE0, 0xF8,
    0x7B, 0xE0, 0xF8, 0x3F, 0xE0, 0xF8, 0x3F, 0xE0, 0xF8, 0x1F, 0xE0, 0xF8, 0x1F, 0xE0, 0xF8, 0x0F,
    0xE0, 0xF8, 0x0F, 0xE0, 0xF8, 0x07, 0xE0, 0xF8, 0x07, 0xE0, 0xF8, 0x03, 0xE0, 0x01, 0xE0, 0x00,
    0x00, 0xF0, 0x00, 0x00, 0x78, 0x00, 0x00, 0x3C, 0x00, 0x00, 0x1E, 0x00, 0x00, 0x00, 0x00, 0x01,
    0xFF, 0x00, 0x07, 0xFF, 0xC0, 0x0F, 0xFF, 0xE0, 0x1F, 0xFF, 0xF0, 0x3F, 0xC7, 0xF8, 0x3F, 0x01,
    0xF8, 0x7E, 0x00, 0xFC, 0x7C, 0x00, 0x7C, 0x7C, 0x00, 0x7C, 0xF8, 0x00, 0x3E, 0xF8, 0x00, 0x3E,
    0xF8, 0x00, 0x3E, 0xF8, 0x00, 0x3E, 0xF8, 0x00, 0x3E, 0xF8, 0x00, 0x3E, 0xF8, 0x00, 0x3E, 0x7C,
    0x00, 0x7C, 0x7C, 0x00, 0x7C, 0x7E, 0x00, 0xFC, 0x3F, 0x01, 0xF8, 0x3F, 0xC7, 0xF8, 0x1F, 0xFF,
    0xF0, 0x0F, 0xFF, 0xE0, 0x07, 0xFF, 0xC0, 0x01, 0xFF, 0x00, 0x00, 0x07, 0x80, 0x00, 0x0F, 0x00,
    0x00, 0x1E, 0x00, 0x00, 0x3C, 0x00, 0x00, 0x78, 0x00, 0x00, 0x00, 0x00, 0x01, 0xFF, 0x00, 0x07,
    0xFF, 0xC0, 0x0F, 0xFF, 0xE0, 0x1F, 0xFF, 0xF0, 0x3F, 0xC7, 0xF8, 0x3F, 0x01, 0xF8, 0x7E, 0x00,
    0xFC, 0x7C, 0x00, 0x7C, 0x7C, 0x00, 0x7C, 0xF8, 0x00, 0x3E, 0xF8, 0x00, 0x3E, 0xF8, 0x00, 0x3E,
    0xF8, 0x00, 0x3E, 0xF8, 0x00, 0x3E, 0xF8, 0x00, 0x3E, 0xF8, 0x00, 0x3E, 0x7C, 0x00, 0x7C, 0x7C,
    0x00, 0x7C, 0x7E, 0x00, 0xFC, 0x3F, 0x01, 0xF8, 0x3F, 0xC7, 0xF8, 0x1F, 0xFF, 0xF0, 0x0F, 0xFF,
    0xE0, 0x07, 0xFF, 0xC0, 0x01, 0xFF, 0x00, 0x00, 0x18, 0x00, 0x00, 0x3C, 0x00, 0x00, 0x7E, 0x00,
    0x00, 0xE7, 0x00, 0x01, 0xC3, 0x80, 0x00, 0x00, 0x00, 0x01, 0xFF, 0x00, 0x07, 0xFF, 0xC0, 0x0F,
    0xFF, 0xE0, 0x1F, 0xFF, 0xF0, 0x3F, 0xC7, 0xF8, 0x3F, 0x01, 0xF8, 0x7E, 0x00, 0xFC, 0x7C, 0x00,
    0x7C, 0x7C, 0x00, 0x7C, 0xF8, 0x00, 0x3E, 0xF8, 0x00, 0x3E, 0xF8, 0x00, 0x3E, 0xF8, 0x00, 0x3E,
    0xF8, 0x00, 0x3E, 0xF8, 0x00, 0x3E, 0xF8, 0x00, 0x3E, 0x7C, 0x00, 0x7C, 0x7C, 0x00, 0x7C, 0x7E,
    0x00, 0xFC, 0x3F, 0x01, 0xF8, 0x3F, 0xC7, 0xF8, 0x1F, 0xFF, 0xF0, 0x0F, 0xFF, 0xE0, 0x07, 0xFF,
    0xC0, 0x01, 0xFF, 0x00, 0x00, 0x78, 0xC0, 0x00, 0xFF, 0xC0, 0x01, 0xFF, 0x80, 0x01, 0x8F, 0x00,
    0x00, 0x00, 0x00, 0x01, 0xFF, 0x00, 0x07, 0xFF, 0xC0, 0x0F, 0xFF, 0xE0, 0x1F, 0xFF, 0xF0, 0x3F,
    0xC7, 0xF8, 0x3F, 0x01, 0xF8, 0x7E, 0x00, 0xFC, 0x7C, 0x00, 0x7C, 0x7C, 0x00, 0x7C, 0xF8, 0x00,
    0x3E, 0xF8, 0x00, 0x3E, 0xF8, 0x00, 0x3E, 0xF8, 0x00, 0x3E, 0xF8, 0x00, 0x3E, 0xF8, 0x00, 0x3E,
    0xF8, 0x00, 0x3E, 0x7C, 0x00, 0x7C, 0x7C, 0x00, 0x7C, 0x7E, 0x00, 0xFC, 0x3F, 0x01, 0xF8, 0x3F,
    0xC7, 0xF8, 0x1F, 0xFF, 0xF0, 0x0F, 0xFF, 0xE0, 0x07, 0xFF, 0xC0, 0x01, 0xFF, 0x00, 0x01, 0xE7,
    0x80, 0x01, 0xE7, 0x80, 0x01, 0xE7, 0x80, 0x01, 0xE7, 0x80, 0x00, 0x00, 0x00, 0x00, 0x00, 0x00,
    0x01, 0xFF, 0x00, 0x07, 0xFF, 0xC0, 0x0F, 0xFF, 0xE0, 0x1F, 0xFF, 0xF0, 0x3F, 0xC7, 0xF8, 0x3F,
    0x01, 0xF8, 0x7E, 0x00, 0xFC, 0x7C, 0x00, 0x7C, 0x7C, 0x00, 0x7C, 0xF8, 0x00, 0x3E, 0xF8, 0x00,
    0x3E, 0xF8, 0x00, 0x3E, 0xF8, 0x00, 0x3E, 0xF8, 0x00, 0x3E, 0xF8, 0x00, 0x3E, 0xF8, 0x00, 0x3E,
    0x7C, 0x00, 0x7C, 0x7C, 0x00, 0x7C, 0x7E, 0x00, 0xFC, 0x3F, 0x01, 0xF8, 0x3F, 0xC7, 0xF8, 0x1F,
    0xFF, 0xF0, 0x0F, 0xFF, 0xE0, 0x07, 0xFF, 0xC0, 0x01, 0xFF, 0x00, 0x20, 0x08, 0x70, 0x1C, 0xF8,
    0x3E, 0xFC, 0x7E, 0x7E, 0xFC, 0x3F, 0xF8, 0x1F, 0xF0, 0x0F, 0xE0, 0x0F, 0xE0, 0x1F, 0xF0, 0x3F,
    0xF8, 0x7E, 0xFC, 0xFC, 0x7E, 0xF8, 0x3E, 0x70, 0x1C, 0x20, 0x08, 0x01, 0xFF, 0x07, 0x07, 0xFF,
    0xCE, 0x0F, 0xFF, 0xFC, 0x1F, 0xFF, 0xF8, 0x3F, 0xC7, 0xF8, 0x3F, 0x00, 0xF8, 0x7E, 0x01, 0xFC,
    0x7C, 0x03, 0xFC, 0x7C, 0x07, 0xBC, 0xF8, 0x07, 0x3E, 0xF8, 0x0E, 0x3E, 0xF8, 0x1C, 0x3E, 0xF8,
    0x38, 0x3E, 0xF8, 0x70, 0x3E, 0xF8, 0xE0, 0x3E, 0xF8, 0xE0, 0x3E, 0x7D, 0xC0, 0x7C, 0x7F, 0x80,
    0x7C, 0x7F, 0x00, 0xFC, 0x3F, 0x01, 0xF8, 0x3F, 0xC7, 0xF8, 0x3F, 0xFF, 0xF0, 0x3F, 0xFF, 0xE0,
    0x77, 0xFF, 0xC0, 0xE1, 0xFF, 0x00, 0x07, 0x80, 0x00, 0x03, 0xC0, 0x00, 0x01, 0xE0, 0x00, 0x00,
    0xF0, 0x00, 0x00, 0x78, 0x00, 0x00, 0x00, 0x00, 0xF8, 0x03, 0xE0, 0xF8, 0x03, 0xE0, 0xF8, 0x03,
    0xE0, 0xF8, 0x03, 0xE0, 0xF8, 0x03, 0xE0, 0xF8, 0x03, 0xE0, 0xF8, 0x03, 0xE0, 0xF8, 0x03, 0xE0,
    0xF8, 0x03, 0xE0, 0xF8, 0x03, 0xE0, 0xF8, 0x03, 0xE0, 0xF8, 0x03, 0xE0, 0xF8, 0x03, 0xE0, 0xF8,
    0x03, 0xE0, 0xF8, 0x03, 0xE0, 0xF8, 0x03, 0xE0, 0xF8, 0x03, 0xE0, 0xF8, 0x03, 0xE0, 0xF8, 0x03,
    0xE0, 0xFC, 0x07, 0xE0, 0x7F, 0x1F, 0xC0, 0x7F, 0xFF, 0xC0, 0x3F, 0xFF, 0x80, 0x1F, 0xFF, 0x00,
    0x07, 0xFC, 0x00, 0x00, 0x1E, 0x00, 0x00, 0x3C, 0x00, 0x00, 0x78, 0x00, 0x00, 0xF0, 0x00, 0x01,
    0xE0, 0x00, 0x00, 0x00, 0x00, 0xF8, 0x03, 0xE0, 0xF8, 0x03, 0xE0, 0xF8, 0x03, 0xE0, 0xF8, 0x03,
    0xE0, 0xF8, 0x03, 0xE0, 0xF8, 0x03, 0xE0, 0xF8, 0x03, 0xE0, 0xF8, 0x03, 0xE0, 0xF8, 0x03, 0xE0,
    0xF8, 0x03, 0xE0, 0xF8, 0x03, 0xE0, 0xF8, 0x03, 0xE0, 0xF8, 0x03, 0xE0, 0xF8, 0x03, 0xE0, 0xF8,
    0x03, 0xE0, 0xF8, 0x03, 0xE0, 0xF8, 0x03, 0xE0, 0xF8, 0x03, 0xE0, 0xF8, 0x03, 0xE0, 0xFC, 0x07,
    0xE0, 0x7F, 0x1F, 0xC0, 0x7F, 0xFF, 0xC0, 0x3F, 0xFF, 0x80, 0x1F, 0xFF, 0x00, 0x07, 0xFC, 0x00,
    0x00, 0x60, 0x00, 0x00, 0xF0, 0x00, 0x01, 0xF8, 0x00, 0x03, 0x9C, 0x00, 0x07, 0x0E, 0x00, 0x00,
    0x00, 0x00, 0xF8, 0x03, 0xE0, 0xF8, 0x03, 0xE0, 0xF8, 0x03, 0xE0, 0xF8, 0x03, 0xE0, 0xF8, 0x03,
    0xE0, 0xF8, 0x03, 0xE0, 0xF8, 0x03, 0xE0, 0xF8, 0x03, 0xE0, 0xF8, 0x03, 0xE0, 0xF8, 0x03, 0xE0,
    0xF8, 0x03, 0xE0, 0xF8, 0x03, 0xE0, 0xF8, 0x03, 0xE0, 0xF8, 0x03, 0xE0, 0xF8, 0x03, 0xE0, 0xF8,
    0x03, 0xE0, 0xF8, 0x03, 0xE0, 0xF8, 0x03, 0xE0, 0xF8, 0x03, 0xE0, 0xFC, 0x07, 0xE0, 0x7F, 0x1F,
    0xC0, 0x7F, 0xFF, 0xC0, 0x3F, 0xFF, 0x80, 0x1F, 0xFF, 0x00, 0x07, 0xFC, 0x00, 0x0F, 0x1E, 0x00,
    0x0F, 0x1E, 0x00, 0x0F, 0x1E, 0x00, 0x0F, 0x1E, 0x00, 0x00, 0x00, 0x00, 0x00, 0x00, 0x00, 0xF8,
    0x03, 0xE0, 0xF8, 0x03, 0xE0, 0xF8, 0x03, 0xE0, 0xF8, 0x03, 0xE0, 0xF8, 0x03, 0xE0, 0xF8, 0x03,
    0xE0, 0xF8, 0x03, 0xE0, 0xF8, 0x03, 0xE0, 0xF8, 0x03, 0xE0, 0xF8, 0x03, 0xE0, 0xF8, 0x03, 0xE0,
    0xF8, 0x03, 0xE0, 0xF8, 0x03, 0xE0, 0xF8, 0x03, 0xE0, 0xF8, 0x03, 0xE0, 0xF8, 0x03, 0xE0, 0xF8,
    0x03, 0xE0, 0xF8, 0x03, 0xE0, 0xF8, 0x03, 0xE0, 0xFC, 0x07, 0xE0, 0x7F, 0x1F, 0xC0, 0x7F, 0xFF,
    0xC0, 0x3F, 0xFF, 0x80, 0x1F, 0xFF, 0x00, 0x07, 0xFC, 0x00, 0x00, 0x1E, 0x00, 0x00, 0x3C, 0x00,
    0x00, 0x78, 0x00, 0x00, 0xF0, 0x00, 0x01, 0xE0, 0x00, 0x00, 0x00, 0x00, 0xFC, 0x03, 0xF0, 0xFC,
    0x03, 0xF0, 0x7E, 0x07, 0xE0, 0x3E, 0x07, 0xC0, 0x3F, 0x0F, 0xC0, 0x3F, 0x0F, 0x80, 0x1F, 0x0F,
    0x80, 0x1F, 0x9F, 0x00, 0x0F, 0x9F, 0x00, 0x0F, 0xFE, 0x00, 0x07, 0xFE, 0x00, 0x07, 0xFC, 0x00,
    0x03, 0xFC, 0x00, 0x03, 0xF8, 0x00, 0x03, 0xF8, 0x00, 0x01, 0xF0, 0x00, 0x01, 0xF0, 0x00, 0x01,
    0xF0, 0x00, 0x01, 0xF0, 0x00, 0x01, 0xF0, 0x00, 0x01, 0xF0, 0x00, 0x01, 0xF0, 0x00, 0x01, 0xF0,
    0x00, 0x01, 0xF0, 0x00, 0x01, 0xF0, 0x00, 0xF8, 0x00, 0x00, 0xF8, 0x00, 0x00, 0xF8, 0x00, 0x00,
    0xFF, 0xF8, 0x00, 0xFF, 0xFE, 0x00, 0xFF, 0xFF, 0x00, 0xFF, 0xFF, 0x80, 0xF8, 0x1F, 0x80, 0xF8,
    0x0F, 0xC0, 0xF8, 0x07, 0xC0, 0xF8, 0x07, 0xC0, 0xF8, 0x07, 0xC0, 0xF8, 0x07, 0xC0, 0xF8, 0x0F,
    0xC0, 0xF8, 0x1F, 0x80, 0xFF, 0xFF, 0x80, 0xFF, 0xFF, 0x00, 0xFF, 0xFE, 0x00, 0xFF, 0xFC, 0x00,
    0xF8, 0x00, 0x00, 0xF8, 0x00, 0x00, 0xF8, 0x00, 0x00, 0xF8, 0x00, 0x00, 0xF8, 0x00, 0x00, 0xF8,
    0x00, 0x00, 0x0F, 0xC0, 0x00, 0x3F, 0xF0, 0x00, 0x7F, 0xFC, 0x00, 0xFF, 0xFC, 0x00, 0xF8, 0x7E,
    0x00, 0xF8, 0x3E, 0x00, 0xF0, 0x3E, 0x00, 0xF0, 0x3E, 0x00, 0xF0, 0x7C, 0x00, 0xF0, 0xFC, 0x00,
    0xF1, 0xF8, 0x00, 0xF1, 0xFC, 0x00, 0xF1, 0xFE, 0x00, 0xF0, 0x7F, 0x00, 0xF0, 0x1F, 0x00, 0xF0,
    0x1F, 0x80, 0xF0, 0x0F, 0x80, 0xF0, 0x0F, 0x80, 0xF0, 0x0F, 0x80, 0xF0, 0x1F, 0x80, 0xF0, 0x3F,
    0x00, 0xF1, 0xFF, 0x00, 0xF1, 0xFE, 0x00, 0xF1, 0xFC, 0x00, 0xF1, 0xF0, 0x00, 0x0F, 0x00, 0x07,
    0x80, 0x03, 0x80, 0x01, 0xC0, 0x00, 0xE0, 0x00, 0x00, 0x00, 0x00, 0x0F, 0xF0, 0x3F, 0xFC, 0x7F,
    0xFC, 0x7C, 0x3E, 0xF8, 0x1E, 0xF8, 0x1E, 0x01, 0xFE, 0x0F, 0xFE, 0x3F, 0xFE, 0x7F, 0x1E, 0xF8,
    0x1E, 0xF0, 0x1E, 0xF0, 0x3E, 0xF8, 0x7E, 0xFF, 0xFE, 0xFF, 0xFE, 0x7F, 0xDE, 0x3F, 0x1E, 0x00,
    0x78, 0x00, 0xF0, 0x00, 0xE0, 0x01, 0xC0, 0x03, 0x80, 0x00, 0x00, 0x00, 0x00, 0x0F, 0xF0, 0x3F,
    0xFC, 0x7F, 0xFC, 0x7C, 0x3E, 0xF8, 0x1E, 0xF8, 0x1E, 0x01, 0xFE, 0x0F, 0xFE, 0x3F, 0xFE, 0x7F,
    0x1E, 0xF8, 0x1E, 0xF0, 0x1E, 0xF0, 0x3E, 0xF8, 0x7E, 0xFF, 0xFE, 0xFF, 0xFE, 0x7F, 0xDE, 0x3F,
    0x1E, 0x01, 0x80, 0x03, 0xC0, 0x07, 0xE0, 0x0E, 0x70, 0x1C, 0x38, 0x00, 0x00, 0x00, 0x00, 0x0F,
    0xF0, 0x3F, 0xFC, 0x7F, 0xFC, 0x7C, 0x3E, 0xF8, 0x1E, 0xF8, 0x1E, 0x01, 0xFE, 0x0F, 0xFE, 0x3F,
    0xFE, 0x7F, 0x1E, 0xF8, 0x1E, 0xF0, 0x1E, 0xF0, 0x3E, 0xF8, 0x7E, 0xFF, 0xFE, 0xFF, 0xFE, 0x7F,
    0xDE, 0x3F, 0x1E, 0x07, 0x8C, 0x0F, 0xFC, 0x1F, 0xF8, 0x18, 0xF0, 0x00, 0x00, 0x00, 0x00, 0x0F,
    0xF0, 0x3F, 0xFC, 0x7F, 0xFC, 0x7C, 0x3E, 0xF8, 0x1E, 0xF8, 0x1E, 0x01, 0xFE, 0x0F, 0xFE, 0x3F,
    0xFE, 0x7F, 0x1E, 0xF8, 0x1E, 0xF0, 0x1E, 0xF0, 0x3E, 0xF8, 0x7E, 0xFF, 0xFE, 0xFF, 0xFE, 0x7F,
    0xDE, 0x3F, 0x1E, 0x1E, 0x78, 0x1E, 0x78, 0x1E, 0x78, 0x1E, 0x78, 0x00, 0x00, 0x00, 0x00, 0x0F,
    0xF0, 0x3F, 0xFC, 0x7F, 0xFC, 0x7C, 0x3E, 0xF8, 0x1E, 0xF8, 0x1E, 0x01, 0xFE, 0x0F, 0xFE, 0x3F,
    0xFE, 0x7F, 0x1E, 0xF8, 0x1E, 0xF0, 0x1E, 0xF0, 0x3E, 0xF8, 0x7E, 0xFF, 0xFE, 0xFF, 0xFE, 0x7F,
    0xDE, 0x3F, 0x1E, 0x03, 0xC0, 0x06, 0x60, 0x04, 0x20, 0x04, 0x20, 0x06, 0x60, 0x03, 0xC0, 0x00,
    0x00, 0x0F, 0xF0, 0x3F, 0xFC, 0x7F, 0xFC, 0x7C, 0x3E, 0xF8, 0x1E, 0xF8, 0x1E, 0x01, 0xFE, 0x0F,
    0xFE, 0x3F, 0xFE, 0x7F, 0x1E, 0xF8, 0x1E, 0xF8, 0x1E, 0xF0, 0x3E, 0xF8, 0x7E, 0xFF, 0xFE, 0xFF,
    0xFE, 0x7F, 0xDE, 0x3F, 0x1E, 0x07, 0xE0, 0xF8, 0x00, 0x1F, 0xFB, 0xFE, 0x00, 0x3F, 0xFF, 0xFF,
    0x00, 0x3F, 0xFF, 0xFF, 0x00, 0x7C, 0x3F, 0x0F, 0x80, 0x78, 0x1E, 0x07, 0x80, 0x78, 0x1E, 0x07,
    0xC0, 0x00, 0x3E, 0x07, 0xC0, 0x07, 0xFF, 0xFF, 0xC0, 0x3F, 0xFF, 0xFF, 0xC0, 0x7F, 0xFF, 0xFF,
    0xC0, 0x7C, 0x1E, 0x00, 0x00, 0xF8, 0x1E, 0x00, 0x00, 0xF8, 0x1E, 0x07, 0xC0, 0xFC, 0x3F, 0x0F,
    0xC0, 0xFF, 0xFF, 0xFF, 0x80, 0x7F, 0xF7, 0xFF, 0x00, 0x3F, 0xE3, 0xFE, 0x00, 0x0F, 0x81, 0xF8,
    0x00, 0x07, 0xE0, 0x1F, 0xF8, 0x3F, 0xFC, 0x3F, 0xFC, 0x7C, 0x3E, 0x78, 0x1E, 0xF8, 0x1E, 0xF0,
    0x00, 0xF0, 0x00, 0xF0, 0x00, 0xF0, 0x00, 0xF8, 0x1E, 0xF8, 0x1E, 0x7C, 0x3E, 0x7F, 0xFC, 0x3F,
    0xF8, 0x1F, 0xF8, 0x07, 0xE0, 0x03, 0x00, 0x03, 0x00, 0x07, 0xC0, 0x00, 0xE0, 0x00, 0xE0, 0x0F,
    0xC0, 0x0F, 0x80, 0x0F, 0x00, 0x07, 0x80, 0x03, 0x80, 0x01, 0xC0, 0x00, 0xE0, 0x00, 0x00, 0x00,
    0x00, 0x07, 0xE0, 0x1F, 0xF8, 0x3F, 0xFC, 0x7F, 0xFE, 0x7C, 0x3E, 0xF8, 0x1E, 0xF0, 0x1F, 0xFF,
    0xFF, 0xFF, 0xFF, 0xFF, 0xFF, 0xF0, 0x00, 0xF0, 0x00, 0xF8, 0x1E, 0x7C, 0x3E, 0x7F, 0xFE, 0x3F,
    0xFC, 0x1F, 0xF0, 0x07, 0xC0, 0x00, 0x78, 0x00, 0xF0, 0x00, 0xE0, 0x01, 0xC0, 0x03, 0x80, 0x00,
    0x00, 0x00, 0x00, 0x07, 0xE0, 0x1F, 0xF8, 0x3F, 0xFC, 0x7F, 0xFE, 0x7C, 0x3E, 0xF8, 0x1E, 0xF0,
    0x1F, 0xFF, 0xFF, 0xFF, 0xFF, 0xFF, 0xFF, 0xF0, 0x00, 0xF0, 0x00, 0xF8, 0x1E, 0x7C, 0x3E, 0x7F,
    0xFE, 0x3F, 0xFC, 0x1F, 0xF0, 0x07, 0xC0, 0x01, 0x80, 0x03, 0xC0, 0x07, 0xE0, 0x0E, 0x70, 0x1C,
    0x38, 0x00, 0x00, 0x00, 0x00, 0x07, 0xE0, 0x1F, 0xF8, 0x3F, 0xFC, 0x7F, 0xFE, 0x7C, 0x3E, 0xF8,
    0x1E, 0xF0, 0x1F, 0xFF, 0xFF, 0xFF, 0xFF, 0xFF, 0xFF, 0xF0, 0x00, 0xF0, 0x00, 0xF8, 0x1E, 0x7C,
    0x3E, 0x7F, 0xFE, 0x3F, 0xFC, 0x1F, 0xF0, 0x07, 0xC0, 0x1E, 0x78, 0x1E, 0x78, 0x1E, 0x78, 0x1E,
    0x78, 0x00, 0x00, 0x00, 0x00, 0x07, 0xE0, 0x1F, 0xF8, 0x3F, 0xFC, 0x7F, 0xFE, 0x7C, 0x3E, 0xF8,
    0x1E, 0xF0, 0x1F, 0xFF, 0xFF, 0xFF, 0xFF, 0xFF, 0xFF, 0xF0, 0x00, 0xF0, 0x00, 0xF8, 0x1E, 0x7C,
    0x3E, 0x7F, 0xFE, 0x3F, 0xFC, 0x1F, 0xF0, 0x07, 0xC0, 0xF0, 0x78, 0x38, 0x1C, 0x0E, 0x00, 0x00,
    0x1E, 0x1E, 0x1E, 0x1E, 0x1E, 0x1E, 0x1E, 0x1E, 0x1E, 0x1E, 0x1E, 0x1E, 0x1E, 0x1E, 0x1E, 0x1E,
    0x1E, 0x1E, 0x3C, 0x38, 0x70, 0x70, 0xE0, 0x00, 0x00, 0xF0, 0xF0, 0xF0, 0xF0, 0xF0, 0xF0, 0xF0,
    0xF0, 0xF0, 0xF0, 0xF0, 0xF0, 0xF0, 0xF0, 0xF0, 0xF0, 0xF0, 0xF0, 0x0C, 0x00, 0x1E, 0x00, 0x3F,
    0x00, 0x73, 0x80, 0xE1, 0xC0, 0x00, 0x00, 0x00, 0x00, 0x1E, 0x00, 0x1E, 0x00, 0x1E, 0x00, 0x1E,
    0x00, 0x1E, 0x00, 0x1E, 0x00, 0x1E, 0x00, 0x1E, 0x00, 0x1E, 0x00, 0x1E, 0x00, 0x1E, 0x00, 0x1E,
    0x00, 0x1E, 0x00, 0x1E, 0x00, 0x1E, 0x00, 0x1E, 0x00, 0x1E, 0x00, 0x1E, 0x00, 0xF3, 0xC0, 0xF3,
    0xC0, 0xF3, 0xC0, 0xF3, 0xC0, 0x00, 0x00, 0x00, 0x00, 0x1E, 0x00, 0x1E, 0x00, 0x1E, 0x00, 0x1E,
    0x00, 0x1E, 0x00, 0x1E, 0x00, 0x1E, 0x00, 0x1E, 0x00, 0x1E, 0x00, 0x1E, 0x00, 0x1E, 0x00, 0x1E,
    0x00, 0x1E, 0x00, 0x1E, 0x00, 0x1E, 0x00, 0x1E, 0x00, 0x1E, 0x00, 0x1E, 0x00, 0x30, 0x00, 0x00,
    0x78, 0x20, 0x00, 0x7C, 0xF0, 0x00, 0x3F, 0xE0, 0x00, 0x1F, 0xC0, 0x00, 0x3F, 0xE0, 0x00, 0x73,
    0xF0, 0x00, 0x21, 0xF8, 0x00, 0x07, 0xFC, 0x00, 0x1F, 0xFE, 0x00, 0x3F, 0xFE, 0x00, 0x7F, 0xFF,
    0x00, 0x7C, 0x1F, 0x00, 0xF8, 0x0F, 0x80, 0xF8, 0x0F, 0x80, 0xF0, 0x07, 0x80, 0xF0, 0x07, 0x80,
    0xF0, 0x07, 0x80, 0xF8, 0x0F, 0x80, 0xF8, 0x0F, 0x80, 0xFC, 0x1F, 0x80, 0x7E, 0x3F, 0x00, 0x7F,
    0xFF, 0x00, 0x3F, 0xFE, 0x00, 0x1F, 0xFC, 0x00, 0x07, 0xF0, 0x00, 0x0F, 0x18, 0x1F, 0xF8, 0x3F,
    0xF0, 0x31, 0xE0, 0x00, 0x00, 0x00, 0x00, 0xF3, 0xF0, 0xF7, 0xF8, 0xFF, 0xFC, 0xFF, 0xFE, 0xFC,
    0x3E, 0xF8, 0x3E, 0xF0, 0x1E, 0xF0, 0x1E, 0xF0, 0x1E, 0xF0, 0x1E, 0xF0, 0x1E, 0xF0, 0x1E, 0xF0,
    0x1E, 0xF0, 0x1E, 0xF0, 0x1E, 0xF0, 0x1E, 0xF0, 0x1E, 0xF0, 0x1E, 0x07, 0x80, 0x00, 0x03, 0xC0,
    0x00, 0x01, 0xC0, 0x00, 0x01, 0xE0, 0x00, 0x00, 0xF0, 0x00, 0x00, 0x00, 0x00, 0x00, 0x00, 0x00,
    0x07, 0xF0, 0x00, 0x1F, 0xFC, 0x00, 0x3F, 0xFE, 0x00, 0x7F, 0xFF, 0x00, 0x7C, 0x1F, 0x00, 0xF8,
    0x0F, 0x80, 0xF8, 0x0F, 0x80, 0xF0, 0x07, 0x80, 0xF0, 0x07, 0x80, 0xF0, 0x07, 0x80, 0xF0, 0x07,
    0x80, 0xF8, 0x0F, 0x80, 0xF8, 0x0F, 0x80, 0x7C, 0x1F, 0x00, 0x7F, 0xFF, 0x00, 0x3F, 0xFE, 0x00,
    0x1F, 0xFC, 0x00, 0x07, 0xF0, 0x00, 0x00, 0x78, 0x00, 0x00, 0xF0, 0x00, 0x00, 0xE0, 0x00, 0x01,
    0xC0, 0x00, 0x03, 0xC0, 0x00, 0x00, 0x00, 0x00, 0x00, 0x00, 0x00, 0x07, 0xF0, 0x00, 0x1F, 0xFC,
    0x00, 0x3F, 0xFE, 0x00, 0x7F, 0xFF, 0x00, 0x7C, 0x1F, 0x00, 0xF8, 0x0F, 0x80, 0xF8, 0x0F, 0x80,
    0xF0, 0x07, 0x80, 0xF0, 0x07, 0x80, 0xF0, 0x07, 0x80, 0xF0, 0x07, 0x80, 0xF8, 0x0F, 0x80, 0xF8,
    0x0F, 0x80, 0x7C, 0x1F, 0x00, 0x7F, 0xFF, 0x00, 0x3F, 0xFE, 0x00, 0x1F, 0xFC, 0x00, 0x07, 0xF0,
    0x00, 0x00, 0xC0, 0x00, 0x01, 0xE0, 0x00, 0x03, 0xF0, 0x00, 0x07, 0x38, 0x00, 0x0E, 0x1C, 0x00,
    0x00, 0x00, 0x00, 0x00, 0x00, 0x00, 0x07, 0xF0, 0x00, 0x1F, 0xFC, 0x00, 0x3F, 0xFE, 0x00, 0x7F,
    0xFF, 0x00, 0x7C, 0x1F, 0x00, 0xF8, 0x0F, 0x80, 0xF8, 0x0F, 0x80, 0xF0, 0x07, 0x80, 0xF0, 0x07,
    0x80, 0xF0, 0x07, 0x80, 0xF0, 0x07, 0x80, 0xF8, 0x0F, 0x80, 0xF8, 0x0F, 0x80, 0x7C, 0x1F, 0x00,
    0x7F, 0xFF, 0x00, 0x3F, 0xFE, 0x00, 0x1F, 0xFC, 0x00, 0x07, 0xF0, 0x00, 0x07, 0x8C, 0x00, 0x0F,
    0xFC, 0x00, 0x1F, 0xF8, 0x00, 0x18, 0xF0, 0x00, 0x00, 0x00, 0x00, 0x00, 0x00, 0x00, 0x07, 0xF0,
    0x00, 0x1F, 0xFC, 0x00, 0x3F, 0xFE, 0x00, 0x7F, 0xFF, 0x00, 0x7C, 0x1F, 0x00, 0xF8, 0x0F, 0x80,
    0xF8, 0x0F, 0x80, 0xF0, 0x07, 0x80, 0xF0, 0x07, 0x80, 0xF0, 0x07, 0x80, 0xF0, 0x07, 0x80, 0xF8,
    0x0F, 0x80, 0xF8, 0x0F, 0x80, 0x7C, 0x1F, 0x00, 0x7F, 0xFF, 0x00, 0x3F, 0xFE, 0x00, 0x1F, 0xFC,
    0x00, 0x07, 0xF0, 0x00, 0x1E, 0x3C, 0x00, 0x1E, 0x3C, 0x00, 0x1E, 0x3C, 0x00, 0x1E, 0x3C, 0x00,
    0x00, 0x00, 0x00, 0x00, 0x00, 0x00, 0x07, 0xF0, 0x00, 0x1F, 0xFC, 0x00, 0x3F, 0xFE, 0x00, 0x7F,
    0xFF, 0x00, 0x7C, 0x1F, 0x00, 0xF8, 0x0F, 0x80, 0xF8, 0x0F, 0x80, 0xF0, 0x07, 0x80, 0xF0, 0x07,
    0x80, 0xF0, 0x07, 0x80, 0xF0, 0x07, 0x80, 0xF8, 0x0F, 0x80, 0xF8, 0x0F, 0x80, 0x7C, 0x1F, 0x00,
    0x7F, 0xFF, 0x00, 0x3F, 0xFE, 0x00, 0x1F, 0xFC, 0x00, 0x07, 0xF0, 0x00, 0x03, 0xC0, 0x03, 0xC0,
    0x03, 0xC0, 0x03, 0xC0, 0x00, 0x00, 0x00, 0x00, 0xFF, 0xFF, 0xFF, 0xFF, 0xFF, 0xFF, 0xFF, 0xFF,
    0x00, 0x00, 0x00, 0x00, 0x03, 0xC0, 0x03, 0xC0, 0x03, 0xC0, 0x03, 0xC0, 0x01, 0xFC, 0x38, 0x07,
    0xFF, 0x70, 0x0F, 0xFF, 0xE0, 0x1F, 0xFF, 0xC0, 0x1F, 0x8F, 0xC0, 0x3E, 0x07, 0xE0, 0x3E, 0x0F,
    0xE0, 0x3C, 0x1D, 0xE0, 0x3C, 0x39, 0xE0, 0x3C, 0x71, 0xE0, 0x3E, 0xE3, 0xE0, 0x3F, 0x83, 0xE0,
    0x3F, 0x07, 0xE0, 0x1F, 0x8F, 0xC0, 0x1F, 0xFF, 0xC0, 0x3F, 0xFF, 0x80, 0x77, 0xFF, 0x00, 0xE1,
    0xFC, 0x00, 0x1E, 0x00, 0x0F, 0x00, 0x07, 0x00, 0x03, 0x80, 0x01, 0xC0, 0x00, 0x00, 0x00, 0x00,
    0xF0, 0x1E, 0xF0, 0x1E, 0xF0, 0x1E, 0xF0, 0x1E, 0xF0, 0x1E, 0xF0, 0x1E, 0xF0, 0x1E, 0xF0, 0x1E,
    0xF0, 0x1E, 0xF0, 0x1E, 0xF0, 0x1E, 0xF0, 0x1E, 0xF8, 0x3E, 0xF8, 0x7E, 0xFF, 0xFE, 0x7F, 0xFE,
    0x7F, 0xDE, 0x1F, 0x1E, 0x00, 0xF0, 0x01, 0xE0, 0x01, 0xC0, 0x03, 0x80, 0x07, 0x00, 0x00, 0x00,
    0x00, 0x00, 0xF0, 0x1E, 0xF0, 0x1E, 0xF0, 0x1E, 0xF0, 0x1E, 0xF0, 0x1E, 0xF0, 0x1E, 0xF0, 0x1E,
    0xF0, 0x1E, 0xF0, 0x1E, 0xF0, 0x1E, 0xF0, 0x1E, 0xF0, 0x1E, 0xF8, 0x3E, 0xF8, 0x7E, 0xFF, 0xFE,
    0x7F, 0xFE, 0x7F, 0xDE, 0x1F, 0x1E, 0x03, 0x00, 0x07, 0x80, 0x0F, 0xC0, 0x1C, 0xE0, 0x38, 0x70,
    0x00, 0x00, 0x00, 0x00, 0xF0, 0x1E, 0xF0, 0x1E, 0xF0, 0x1E, 0xF0, 0x1E, 0xF0, 0x1E, 0xF0, 0x1E,
    0xF0, 0x1E, 0xF0, 0x1E, 0xF0, 0x1E, 0xF0, 0x1E, 0xF0, 0x1E, 0xF0, 0x1E, 0xF8, 0x3E, 0xF8, 0x7E,
    0xFF, 0xFE, 0x7F, 0xFE, 0x7F, 0xDE, 0x1F, 0x1E, 0x3C, 0x78, 0x3C, 0x78, 0x3C, 0x78, 0x3C, 0x78,
    0x00, 0x00, 0x00, 0x00, 0x00, 0x00, 0xF0, 0x1E, 0xF0, 0x1E, 0xF0, 0x1E, 0xF0, 0x1E, 0xF0, 0x1E,
    0xF0, 0x1E, 0xF0, 0x1E, 0xF0, 0x1E, 0xF0, 0x1E, 0xF0, 0x1E, 0xF0, 0x1E, 0xF0, 0x1E, 0xF8, 0x3E,
    0xF8, 0x7E, 0xFF, 0xFE, 0x7F, 0xFE, 0x7F, 0xDE, 0x1F, 0x1E, 0x00, 0x78, 0x00, 0xF0, 0x01, 0xE0,
    0x01, 0xC0, 0x03, 0x80, 0x00, 0x00, 0x00, 0x00, 0xF8, 0x1F, 0xF8, 0x1F, 0xF8, 0x1F, 0x78, 0x1E,
    0x7C, 0x3E, 0x7C, 0x3C, 0x3C, 0x3C, 0x3C, 0x3C, 0x3E, 0x78, 0x3E, 0x78, 0x1E, 0x78, 0x1F, 0xF0,
    0x1F, 0xF0, 0x0F, 0xF0, 0x0F, 0xE0, 0x07, 0xE0, 0x07, 0xE0, 0x07, 0xC0, 0x07, 0xC0, 0x07, 0xC0,
    0x0F, 0x80, 0x3F, 0x80, 0x3F, 0x00, 0x3F, 0x00, 0x3C, 0x00, 0xF0, 0x00, 0xF0, 0x00, 0xF0, 0x00,
    0xF0, 0x00, 0xF0, 0x00, 0xF0, 0x00, 0xF0, 0x00, 0xF3, 0xF0, 0xF7, 0xFC, 0xFF, 0xFE, 0xFF, 0xFE,
    0xFC, 0x3F, 0xF8, 0x1F, 0xF8, 0x1F, 0xF0, 0x0F, 0xF0, 0x0F, 0xF0, 0x0F, 0xF0, 0x0F, 0xF8, 0x1F,
    0xF8, 0x1F, 0xFC, 0x3E, 0xFF, 0xFE, 0xFF, 0xFC, 0xF7, 0xF8, 0xF1, 0xF0, 0xF0, 0x00, 0xF0, 0x00,
    0xF0, 0x00, 0xF0, 0x00, 0xF0, 0x00, 0xF0, 0x00, 0xF0, 0x00, 0x1E, 0x78, 0x1E, 0x78, 0x1E, 0x78,
    0x1E, 0x78, 0x00, 0x00, 0x00, 0x00, 0xF8, 0x1F, 0xF8, 0x1F, 0xF8, 0x1F, 0x78, 0x3E, 0x7C, 0x3E,
    0x7C, 0x3C, 0x7C, 0x3C, 0x3E, 0x7C, 0x3E, 0x78, 0x3E, 0x78, 0x1E, 0x78, 0x1F, 0xF0, 0x1F, 0xF0,
    0x0F, 0xF0, 0x0F, 0xE0, 0x07, 0xE0, 0x07, 0xE0, 0x07, 0xC0, 0x07, 0xC0, 0x07, 0xC0, 0x0F, 0x80,
    0x3F, 0x80, 0x3F, 0x00, 0x3F, 0x00, 0x3C, 0x00, 0xFF, 0xFF, 0xC0, 0xFF, 0xFF, 0xC0, 0xFF, 0xFF,
    0xC0, 0xFF, 0xFF, 0xFF, 0xFF, 0xFF, 0xFF, 0xFF, 0xFF, 0xFF, 0xFF, 0xFF, 0xFF, 0x30, 0x60, 0xC0,
    0xC0, 0xC0, 0xF0, 0xF0, 0xF0, 0xF0, 0xF0, 0xF0, 0xF0, 0xF0, 0x30, 0x30, 0x30, 0x60, 0xC0, 0xF0,
    0xF0, 0xF0, 0xF0, 0x30, 0x30, 0x60, 0xE0, 0x30, 0x70, 0x60, 0xE0, 0xC0, 0xC0, 0xC0, 0xC0, 0xF0,
    0xF0, 0xF0, 0xF0, 0xF0, 0xF0, 0xF0, 0xF0, 0xF0, 0xF0, 0xF0, 0xF0, 0xF0, 0xF0, 0xF0, 0xF0, 0x30,
    0x30, 0x30, 0x30, 0x60, 0x60, 0xE0, 0xC0, 0xF0, 0xF0, 0xF0, 0xF0, 0xF0, 0xF0, 0xF0, 0xF0, 0xF0,
    0xF0, 0x30, 0x30, 0x30, 0x30, 0x30, 0x30, 0xE0, 0xE0, 0xC0, 0xC0, 0x3C, 0x7E, 0xFF, 0xFF, 0xFF,
    0xFF, 0x7E, 0x3C, 0xF8, 0x1F, 0x03, 0xE0, 0xF8, 0x1F, 0x03, 0xE0, 0xF8, 0x1F, 0x03, 0xE0, 0xF8,
    0x1F, 0x03, 0xE0, 0xF8, 0x1F, 0x03, 0xE0, 0x00, 0x3F, 0xC0, 0x00, 0xFF, 0xF0, 0x01, 0xFF, 0xF8,
    0x03, 0xFF, 0xFC, 0x07, 0xF0, 0xFE, 0x07, 0xC0, 0x3E, 0xFF, 0xFE, 0x3F, 0xFF, 0xFE, 0x1F, 0xFF,
    0xFE, 0x1F, 0xFF, 0xFE, 0x00, 0x1F, 0x00, 0x00, 0x1F, 0x00, 0x00, 0x1F, 0x00, 0x00, 0x1F, 0x00,
    0x00, 0xFF, 0xFE, 0x00, 0xFF, 0xFE, 0x00, 0xFF, 0xFE, 0x1F, 0xFF, 0xFE, 0x1F, 0x0F, 0xC0, 0x3F,
    0x07, 0xC0, 0x3E, 0x07, 0xF0, 0xFE, 0x03, 0xFF, 0xFC, 0x01, 0xFF, 0xF8, 0x00, 0xFF, 0xF0, 0x00,
    0x3F, 0xC0,
};
static const FontGlyph font_b24_glyphs[] = {
    {0x0020, 0, 1, 1, 0, 1, 9},
    {0x0021, 1, 5, 25, 3, 25, 11},
    {0x0022, 26, 11, 9, 2, 25, 16},
    {0x0023, 44, 18, 25, 0, 24, 19},
    {0x0024, 119, 16, 28, 1, 25, 18},
    {0x0025, 175, 26, 23, 1, 23, 29},
    {0x0026, 267, 20, 25, 2, 25, 24},
    {0x0027, 342, 4, 9, 2, 25, 8},
    {0x0028, 351, 8, 31, 1, 25, 11},
    {0x0029, 382, 8, 31, 1, 25, 11},
    {0x002A, 413, 10, 11, 1, 24, 13},
    {0x002B, 435, 16, 16, 1, 16, 19},
    {0x002C, 467, 5, 11, 2, 5, 9},
    {0x002D, 478, 9, 5, 1, 12, 11},
    {0x002E, 488, 5, 5, 2, 5, 9},
    {0x002F, 493, 8, 25, 0, 25, 9},
    {0x0030, 518, 15, 24, 1, 24, 18},
    {0x0031, 566, 10, 23, 2, 23, 18},
    {0x0032, 612, 16, 24, 1, 24, 18},
    {0x0033, 660, 16, 24, 1, 24, 18},
    {0x0034, 708, 16, 24, 1, 24, 18},
    {0x0035, 756, 15, 24, 1, 24, 18},
    {0x0036, 804, 15, 24, 1, 24, 18},
    {0x0037, 852, 16, 24, 1, 24, 18},
    {0x0038, 900, 17, 24, 0, 24, 18},
    {0x0039, 972, 15, 24, 1, 24, 18},
    {0x003A, 1020, 5, 17, 3, 17, 11},
    {0x003B, 1037, 5, 23, 3, 17, 11},
    {0x003C, 1060, 16, 16, 1, 16, 19},
    {0x003D, 1092, 15, 12, 2, 14, 19},
    {0x003E, 1116, 16, 16, 1, 16, 19},
    {0x003F, 1148, 16, 25, 2, 25, 20},
    {0x0040, 1198, 29, 30, 1, 25, 33},
    {0x0041, 1318, 22, 25, 0, 25, 23},
    {0x0042, 1393, 19, 25, 3, 25, 24},
    {0x0043, 1468, 21, 25, 1, 25, 24},
    {0x0044, 1543, 21, 25, 2, 25, 24},
    {0x0045, 1618, 18, 25, 2, 25, 22},
    {0x0046, 1693, 16, 25, 2, 25, 20},
    {0x0047, 1743, 22, 25, 1, 25, 25},
    {0x0048, 1818, 19, 25, 2, 25, 23},
    {0x0049, 1893, 5, 25, 2, 25, 9},
    {0x004A, 1918, 15, 25, 1, 25, 18},
    {0x004B, 1968, 20, 25, 2, 25, 24},
    {0x004C, 2043, 16, 25, 2, 25, 20},
    {0x004D, 2093, 23, 25, 2, 25, 27},
    {0x004E, 2168, 19, 25, 2, 25, 24},
    {0x004F, 2243, 23, 25, 1, 25, 25},
    {0x0050, 2318, 18, 25, 2, 25, 22},
    {0x0051, 2393, 23, 26, 1, 25, 26},
    {0x0052, 2471, 19, 25, 2, 25, 24},
    {0x0053, 2546, 19, 25, 1, 25, 22},
    {0x0054, 2621, 19, 25, 0, 25, 20},
    {0x0055, 2696, 19, 25, 2, 25, 24},
    {0x0056, 2771, 20, 25, 1, 25, 22},
    {0x0057, 2846, 29, 25, 1, 25, 31},
    {0x0058, 2946, 20, 25, 1, 25, 22},
    {0x0059, 3021, 20, 25, 1, 25, 22},
    {0x005A, 3096, 17, 25, 1, 25, 20},
    {0x005B, 3171, 8, 31, 2, 25, 11},
    {0x005C, 3202, 9, 25, 0, 25, 9},
    {0x005D, 3252, 8, 31, 0, 25, 11},
    {0x005E, 3283, 14, 14, 2, 23, 19},
    {0x005F, 3311, 18, 2, 0, -4, 18},
    {0x0060, 3317, 5, 5, 2, 25, 11},
    {0x0061, 3322, 15, 18, 1, 18, 18},
    {0x0062, 3358, 16, 25, 2, 25, 20},
    {0x0063, 3408, 15, 18, 1, 18, 18},
    {0x0064, 3444, 16, 25, 1, 25, 20},
    {0x0065, 3494, 16, 18, 1, 18, 18},
    {0x0066, 3530, 10, 25, 0, 25, 11},
    {0x0067, 3580, 16, 25, 1, 18, 20},
    {0x0068, 3630, 15, 25, 2, 25, 20},
    {0x0069, 3680, 4, 25, 2, 25, 9},
    {0x006A, 3705, 6, 32, 0, 25, 9},
    {0x006B, 3737, 15, 25, 2, 25, 19},
    {0x006C, 3787, 4, 25, 2, 25, 9},
    {0x006D, 3812, 24, 18, 2, 18, 30},
    {0x006E, 3866, 15, 18, 2, 18, 20},
    {0x006F, 3902, 17, 18, 1, 18, 20},
    {0x0070, 3956, 16, 25, 2, 18, 20},
    {0x0071, 4006, 16, 25, 1, 18, 20},
    {0x0072, 4056, 10, 18, 2, 18, 13},
    {0x0073, 4092, 16, 18, 1, 18, 19},
    {0x0074, 4128, 9, 22, 1, 22, 11},
    {0x0075, 4172, 15, 18, 2, 18, 20},
    {0x0076, 4208, 17, 18, 0, 18, 19},
    {0x0077, 4262, 25, 18, 0, 18, 26},
    {0x0078, 4334, 16, 18, 1, 18, 19},
    {0x0079, 4370, 16, 25, 1, 18, 19},
    {0x007A, 4420, 14, 18, 1, 18, 17},
    {0x007B, 4456, 9, 32, 2, 25, 13},
    {0x007C, 4520, 3, 31, 3, 25, 9},
    {0x007D, 4551, 9, 32, 2, 25, 13},
    {0x007E, 4615, 14, 6, 2, 11, 19},
    {0x00A0, 4627, 1, 1, 0, 1, 9},
    {0x00A1, 4628, 5, 24, 2, 18, 11},
    {0x00A2, 4652, 15, 24, 1, 21, 18},
    {0x00A3, 4700, 17, 24, 0, 24, 18},
    {0x00A4, 4772, 15, 15, 1, 19, 18},
    {0x00A5, 4802, 18, 24, 0, 24, 18},
    {0x00A6, 4874, 3, 31, 3, 25, 9},
    {0x00A7, 4905, 16, 32, 1, 25, 18},
    {0x00A8, 4969, 10, 4, 0, 25, 11},
    {0x00A9, 4977, 26, 25, 0, 25, 24},
    {0x00AA, 5077, 9, 16, 1, 25, 12},
    {0x00AB, 5109, 12, 13, 3, 15, 18},
    {0x00AC, 5135, 16, 10, 1, 14, 19},
    {0x00AD, 5155, 9, 5, 1, 12, 11},
    {0x00AE, 5165, 26, 25, 0, 25, 24},
    {0x00AF, 5265, 10, 3, 0, 24, 11},
    {0x00B0, 5271, 9, 10, 2, 24, 13},
    {0x00B1, 5291, 16, 22, 1, 22, 19},
    {0x00B2, 5335, 10, 15, 0, 24, 11},
    {0x00B3, 5365, 10, 15, 0, 24, 11},
    {0x00B4, 5395, 6, 5, 4, 25, 11},
    {0x00B5, 5400, 15, 25, 2, 18, 20},
    {0x00B6, 5450, 17, 31, 0, 25, 18},
    {0x00B7, 5543, 4, 5, 2, 16, 9},
    {0x00B8, 5548, 7, 8, 2, 1, 11},
    {0x00B9, 5556, 6, 15, 2, 24, 11},
    {0x00BA, 5571, 10, 16, 1, 25, 12},
    {0x00BB, 5603, 12, 12, 3, 15, 18},
    {0x00BC, 5627, 26, 24, 0, 24, 28},
    {0x00BD, 5723, 25, 24, 1, 24, 28},
    {0x00BE, 5819, 25, 24, 1, 24, 27},
    {0x00BF, 5915, 16, 24, 1, 18, 20},
    {0x00C0, 5963, 22, 31, 0, 31, 23},
    {0x00C1, 6056, 22, 31, 0, 31, 23},
    {0x00C2, 6149, 22, 31, 0, 31, 23},
    {0x00C3, 6242, 22, 30, 0, 30, 23},
    {0x00C4, 6332, 22, 31, 0, 31, 23},
    {0x00C5, 6425, 22, 31, 0, 31, 23},
    {0x00C6, 6518, 31, 25, 0, 25, 32},
    {0x00C7, 6618, 21, 32, 1, 25, 23},
    {0x00C8, 6714, 18, 31, 2, 31, 22},
    {0x00C9, 6807, 18, 31, 2, 31, 22},
    {0x00CA, 6900, 18, 31, 2, 31, 22},
    {0x00CB, 6993, 18, 31, 2, 31, 22},
    {0x00CC, 7086, 8, 31, 0, 31, 9},
    {0x00CD, 7117, 8, 31, 2, 31, 9},
    {0x00CE, 7148, 10, 31, 0, 31, 9},
    {0x00CF, 7210, 10, 31, 0, 31, 9},
    {0x00D0, 7272, 23, 25, -1, 25, 23},
    {0x00D1, 7347, 19, 30, 2, 30, 24},
    {0x00D2, 7437, 23, 31, 1, 31, 25},
    {0x00D3, 7530, 23, 31, 1, 31, 25},
    {0x00D4, 7623, 23, 31, 1, 31, 25},
    {0x00D5, 7716, 23, 30, 1, 30, 25},
    {0x00D6, 7806, 23, 31, 1, 31, 25},
    {0x00D7, 7899, 15, 16, 2, 16, 19},
    {0x00D8, 7931, 24, 25, 1, 25, 25},
    {0x00D9, 8006, 19, 31, 2, 31, 24},
    {0x00DA, 8099, 19, 31, 2, 31, 24},
    {0x00DB, 8192, 19, 31, 2, 31, 24},
    {0x00DC, 8285, 19, 31, 2, 31, 24},
    {0x00DD, 8378, 20, 31, 1, 31, 22},
    {0x00DE, 8471, 18, 25, 2, 25, 22},
    {0x00DF, 8546, 17, 25, 2, 25, 20},
    {0x00E0, 8621, 15, 25, 1, 25, 18},
    {0x00E1, 8671, 15, 25, 1, 25, 18},
    {0x00E2, 8721, 15, 25, 1, 25, 18},
    {0x00E3, 8771, 15, 24, 1, 24, 18},
    {0x00E4, 8819, 15, 24, 1, 24, 18},
    {0x00E5, 8867, 15, 25, 1, 25, 18},
    {0x00E6, 8917, 26, 19, 1, 19, 29},
    {0x00E7, 8993, 15, 25, 1, 18, 18},
    {0x00E8, 9043, 16, 25, 1, 25, 18},
    {0x00E9, 9093, 16, 25, 1, 25, 18},
    {0x00EA, 9143, 16, 25, 1, 25, 18},
    {0x00EB, 9193, 16, 24, 1, 24, 18},
    {0x00EC, 9241, 7, 25, 1, 25, 9},
    {0x00ED, 9266, 6, 25, 2, 25, 9},
    {0x00EE, 9291, 10, 25, -1, 25, 9},
    {0x00EF, 9341, 10, 24, -1, 24, 9},
    {0x00F0, 9389, 17, 26, 1, 26, 20},
    {0x00F1, 9467, 15, 24, 2, 24, 20},
    {0x00F2, 9515, 17, 25, 1, 25, 20},
    {0x00F3, 9590, 17, 25, 1, 25, 20},
    {0x00F4, 9665, 17, 25, 1, 25, 20},
    {0x00F5, 9740, 17, 24, 1, 24, 20},
    {0x00F6, 9812, 17, 24, 1, 24, 20},
    {0x00F7, 9884, 16, 16, 1, 16, 19},
    {0x00F8, 9916, 21, 18, -1, 18, 20},
    {0x00F9, 9970, 15, 25, 2, 25, 20},
    {0x00FA, 10020, 15, 25, 2, 25, 20},
    {0x00FB, 10070, 15, 25, 2, 25, 20},
    {0x00FC, 10120, 15, 25, 2, 25, 20},
    {0x00FD, 10170, 16, 32, 1, 25, 19},
    {0x00FE, 10234, 16, 32, 2, 25, 20},
    {0x00FF, 10298, 16, 31, 1, 24, 19},
    {0x2013, 10360, 18, 3, 0, 10, 18},
    {0x2014, 10369, 32, 3, 0, 10, 32},
    {0x2018, 10381, 4, 9, 2, 25, 9},
    {0x2019, 10390, 4, 9, 2, 25, 9},
    {0x201A, 10399, 4, 8, 2, 4, 9},
    {0x201C, 10407, 12, 8, 2, 24, 16},
    {0x201D, 10423, 12, 8, 2, 25, 16},
    {0x201E, 10439, 12, 10, 2, 5, 16},
    {0x2022, 10459, 8, 8, 2, 14, 12},
    {0x2026, 10467, 27, 5, 3, 5, 33},
    {0x20AC, 10487, 24, 25, -2, 25, 24},
};
const Font FONT_B24 = {font_b24_glyphs, 202, font_b24_bitmap, 28, 7};

static const uint8_t font_r12_bitmap[] = {
    0x00, 0x80, 0x80, 0x80, 0x80, 0x80, 0x80, 0x80, 0x80, 0x80, 0x00, 0x80, 0x80, 0x90, 0x90, 0x90,
    0x90, 0x12, 0x12, 0x12, 0x7F, 0x24, 0x24, 0x24, 0xFE, 0x48, 0x48, 0x48, 0x10, 0x7C, 0x92, 0x92,
    0x90, 0x50, 0x30, 0x18, 0x14, 0x12, 0x92, 0x92, 0x7C, 0x10, 0x10, 0x70, 0x40, 0x88, 0x80, 0x88,
    0x80, 0x89, 0x00, 0x72, 0x00, 0x02, 0x00, 0x04, 0x00, 0x04, 0xE0, 0x09, 0x10, 0x11, 0x10, 0x11,
    0x10, 0x20, 0xE0, 0x18, 0x00, 0x24, 0x00, 0x42, 0x00, 0x42, 0x00, 0x24, 0x00, 0x18, 0x00, 0x29,
    0x00, 0x45, 0x00, 0x82, 0x00, 0x83, 0x00, 0x44, 0x80, 0x38, 0x40, 0xC0, 0xC0, 0x40, 0x40, 0x20,
    0x40, 0x40, 0x40, 0x80, 0x80, 0x80, 0x80, 0x80, 0x80, 0x80, 0x80, 0x40, 0x40, 0x40, 0x20, 0x80,
    0x40, 0x40, 0x40, 0x20, 0x20, 0x20, 0x20, 0x20, 0x20, 0x20, 0x20, 0x40, 0x40, 0x40, 0x80, 0x20,
    0xA8, 0x70, 0x50, 0x88, 0x08, 0x00, 0x08, 0x00, 0x08, 0x00, 0x08, 0x00, 0xFF, 0x80, 0x08, 0x00,
    0x08, 0x00, 0x08, 0x00, 0x08, 0x00, 0x40, 0x40, 0x40, 0x80, 0xF0, 0x80, 0x80, 0x10, 0x10, 0x20,
    0x20, 0x20, 0x20, 0x40, 0x40, 0x40, 0x80, 0x80, 0x80, 0x38, 0x44, 0x44, 0x82, 0x82, 0x82, 0x82,
    0x82, 0x82, 0x44, 0x44, 0x38, 0x20, 0x20, 0x60, 0xA0, 0x20, 0x20, 0x20, 0x20, 0x20, 0x20, 0x20,
    0x20, 0x38, 0x44, 0x82, 0x82, 0x02, 0x04, 0x08, 0x30, 0x40, 0x80, 0x80, 0xFE, 0x38, 0x44, 0x82,
    0x82, 0x04, 0x38, 0x04, 0x02, 0x82, 0x82, 0x44, 0x38, 0x0C, 0x14, 0x14, 0x24, 0x24, 0x44, 0x44,
    0x84, 0xFF, 0x04, 0x04, 0x04, 0x3E, 0x20, 0x20, 0x40, 0x78, 0x44, 0x02, 0x02, 0x02, 0x82, 0x44,
    0x38, 0x3C, 0x42, 0x82, 0x80, 0xB8, 0xC4, 0x82, 0x82, 0x82, 0x82, 0x44, 0x38, 0xFF, 0x01, 0x02,
    0x04, 0x04, 0x08, 0x08, 0x10, 0x10, 0x10, 0x20, 0x20, 0x38, 0x44, 0x82, 0x82, 0x44, 0x38, 0x44,
    0x82, 0x82, 0x82, 0x44, 0x38, 0x38, 0x44, 0x82, 0x82, 0x82, 0x82, 0x46, 0x3A, 0x02, 0x82, 0x84,
    0x78, 0x80, 0x80, 0x00, 0x00, 0x00, 0x00, 0x00, 0x80, 0x80, 0x40, 0x40, 0x00, 0x00, 0x00, 0x00,
    0x00, 0x40, 0x40, 0x40, 0x80, 0x01, 0x80, 0x06, 0x00, 0x18, 0x00, 0x60, 0x00, 0x80, 0x00, 0x60,
    0x00, 0x18, 0x00, 0x06, 0x00, 0x01, 0x80, 0xFF, 0x00, 0x00, 0xFF, 0xC0, 0x00, 0x30, 0x00, 0x0C,
    0x00, 0x03, 0x00, 0x00, 0x80, 0x03, 0x00, 0x0C, 0x00, 0x30, 0x00, 0xC0, 0x00, 0x38, 0x44, 0x82,
    0x82, 0x02, 0x04, 0x08, 0x10, 0x10, 0x00, 0x10, 0x10, 0x07, 0x80, 0x18, 0x60, 0x20, 0x10, 0x43,
    0xD0, 0x4C, 0x48, 0x88, 0x48, 0x90, 0x88, 0x90, 0x88, 0x90, 0x90, 0x99, 0x90, 0x4E, 0x60, 0x40,
    0x00, 0x30, 0x60, 0x0F, 0x80, 0x0C, 0x00, 0x0C, 0x00, 0x12, 0x00, 0x12, 0x00, 0x12, 0x00, 0x21,
    0x00, 0x21, 0x00, 0x7F, 0x80, 0x40, 0x80, 0x40, 0x80, 0x80, 0x40, 0x80, 0x40, 0xFC, 0x00, 0x82,
    0x00, 0x81, 0x00, 0x81, 0x00, 0x82, 0x00, 0xFE, 0x00, 0x81, 0x00, 0x80, 0x80, 0x80, 0x80, 0x80,
    0x80, 0x81, 0x00, 0xFE, 0x00, 0x0F, 0x00, 0x30, 0x80, 0x40, 0x40, 0x40, 0x00, 0x80, 0x00, 0x80,
    0x00, 0x80, 0x00, 0x80, 0x00, 0x40, 0x00, 0x40, 0x40, 0x30, 0x80, 0x0F, 0x00, 0xFC, 0x00, 0x83,
    0x00, 0x80, 0x80, 0x80, 0x80, 0x80, 0x40, 0x80, 0x40, 0x80, 0x40, 0x80, 0x40, 0x80, 0x80, 0x80,
    0x80, 0x83, 0x00, 0xFC, 0x00, 0xFF, 0x80, 0x80, 0x80, 0x80, 0xFF, 0x80, 0x80, 0x80, 0x80, 0x80,
    0xFF, 0xFE, 0x80, 0x80, 0x80, 0x80, 0xFE, 0x80, 0x80, 0x80, 0x80, 0x80, 0x80, 0x0E, 0x00, 0x31,
    0x80, 0x40, 0x40, 0x40, 0x00, 0x80, 0x00, 0x80, 0x00, 0x87, 0xC0, 0x80, 0x40, 0x40, 0x40, 0x40,
    0xC0, 0x31, 0x40, 0x0E, 0x40, 0x80, 0x80, 0x80, 0x80, 0x80, 0x80, 0x80, 0x80, 0x80, 0x80, 0xFF,
    0x80, 0x80, 0x80, 0x80, 0x80, 0x80, 0x80, 0x80, 0x80, 0x80, 0x80, 0x80, 0x80, 0x80, 0x80, 0x80,
    0x80, 0x80, 0x80, 0x80, 0x80, 0x80, 0x80, 0x80, 0x80, 0x04, 0x04, 0x04, 0x04, 0x04, 0x04, 0x04,
    0x04, 0x84, 0x84, 0x84, 0x78, 0x81, 0x82, 0x84, 0x88, 0x90, 0xB0, 0xC8, 0x88, 0x84, 0x82, 0x82,
    0x81, 0x80, 0x80, 0x80, 0x80, 0x80, 0x80, 0x80, 0x80, 0x80, 0x80, 0x80, 0xFE, 0x80, 0x20, 0xC0,
    0x60, 0xC0, 0x60, 0xA0, 0xA0, 0xA0, 0xA0, 0xA0, 0xA0, 0x91, 0x20, 0x91, 0x20, 0x91, 0x20, 0x8A,
    0x20, 0x8A, 0x20, 0x84, 0x20, 0x80, 0x80, 0xC0, 0x80, 0xA0, 0x80, 0xA0, 0x80, 0x90, 0x80, 0x88,
    0x80, 0x88, 0x80, 0x84, 0x80, 0x82, 0x80, 0x82, 0x80, 0x81, 0x80, 0x80, 0x80, 0x0E, 0x00, 0x31,
    0x80, 0x40, 0x40, 0x40, 0x40, 0x80, 0x20, 0x80, 0x20, 0x80, 0x20, 0x80, 0x20, 0x40, 0x40, 0x40,
    0x40, 0x31, 0x80, 0x0E, 0x00, 0xFC, 0x82, 0x81, 0x81, 0x82, 0xFC, 0x80, 0x80, 0x80, 0x80, 0x80,
    0x80, 0x0E, 0x00, 0x31, 0x80, 0x40, 0x40, 0x40, 0x40, 0x80, 0x20, 0x80, 0x20, 0x80, 0x20, 0x80,
    0x20, 0x40, 0x40, 0x42, 0x40, 0x31, 0x80, 0x0E, 0x80, 0x00, 0x40, 0xFC, 0x00, 0x82, 0x00, 0x81,
    0x00, 0x81, 0x00, 0x82, 0x00, 0xFC, 0x00, 0x82, 0x00, 0x81, 0x00, 0x81, 0x00, 0x81, 0x00, 0x81,
    0x00, 0x80, 0x80, 0x3E, 0x00, 0x41, 0x00, 0x80, 0x80, 0x80, 0x80, 0x40, 0x00, 0x30, 0x00, 0x0E,
    0x00, 0x01, 0x00, 0x80, 0x80, 0x80, 0x80, 0x41, 0x00, 0x3E, 0x00, 0xFF, 0x80, 0x08, 0x00, 0x08,
    0x00, 0x08, 0x00, 0x08, 0x00, 0x08, 0x00, 0x08, 0x00, 0x08, 0x00, 0x08, 0x00, 0x08, 0x00, 0x08,
    0x00, 0x08, 0x00, 0x80, 0x80, 0x80, 0x80, 0x80, 0x80, 0x80, 0x80, 0x80, 0x80, 0x80, 0x80, 0x80,
    0x80, 0x80, 0x80, 0x80, 0x80, 0x80, 0x80, 0x41, 0x00, 0x3E, 0x00, 0x80, 0x40, 0x80, 0x40, 0x40,
    0x80, 0x40, 0x80, 0x40, 0x80, 0x21, 0x00, 0x21, 0x00, 0x12, 0x00, 0x12, 0x00, 0x12, 0x00, 0x0C,
    0x00, 0x0C, 0x00, 0x82, 0x08, 0x82, 0x08, 0x82, 0x08, 0x45, 0x10, 0x45, 0x10, 0x45, 0x10, 0x28,
    0xA0, 0x28, 0xA0, 0x28, 0xA0, 0x10, 0x40, 0x10, 0x40, 0x10, 0x40, 0x81, 0x42, 0x42, 0x24, 0x24,
    0x18, 0x18, 0x24, 0x24, 0x42, 0x42, 0x81, 0x80, 0x80, 0x41, 0x00, 0x41, 0x00, 0x22, 0x00, 0x22,
    0x00, 0x14, 0x00, 0x1C, 0x00, 0x08, 0x00, 0x08, 0x00, 0x08, 0x00, 0x08, 0x00, 0x08, 0x00, 0x7F,
    0x80, 0x01, 0x00, 0x03, 0x00, 0x02, 0x00, 0x04, 0x00, 0x0C, 0x00, 0x08, 0x00, 0x10, 0x00, 0x30,
    0x00, 0x20, 0x00, 0x40, 0x00, 0xFF, 0x80, 0xE0, 0x80, 0x80, 0x80, 0x80, 0x80, 0x80, 0x80, 0x80,
    0x80, 0x80, 0x80, 0x80, 0x80, 0xE0, 0x80, 0x80, 0x40, 0x40, 0x40, 0x40, 0x20, 0x20, 0x20, 0x10,
    0x10, 0x10, 0xE0, 0x20, 0x20, 0x20, 0x20, 0x20, 0x20, 0x20, 0x20, 0x20, 0x20, 0x20, 0x20, 0x20,
    0xE0, 0x10, 0x28, 0x28, 0x44, 0x44, 0x82, 0x82, 0xFF, 0x80, 0x80, 0xC0, 0x20, 0x7C, 0x82, 0x02,
    0x06, 0x7A, 0x82, 0x82, 0x86, 0x7B, 0x80, 0x80, 0x80, 0xB8, 0xC4, 0x82, 0x82, 0x82, 0x82, 0x82,
    0xC4, 0xB8, 0x38, 0x44, 0x82, 0x80, 0x80, 0x80, 0x82, 0x44, 0x38, 0x02, 0x02, 0x02, 0x3A, 0x46,
    0x82, 0x82, 0x82, 0x82, 0x82, 0x46, 0x3A, 0x38, 0x44, 0x82, 0x82, 0xFE, 0x80, 0x82, 0x44, 0x38,
    0x30, 0x40, 0x40, 0xF0, 0x40, 0x40, 0x40, 0x40, 0x40, 0x40, 0x40, 0x40, 0x3A, 0x46, 0x82, 0x82,
    0x82, 0x82, 0x82, 0x46, 0x3A, 0x02, 0x82, 0x84, 0x78, 0x80, 0x80, 0x80, 0xBC, 0xC2, 0x82, 0x82,
    0x82, 0x82, 0x82, 0x82, 0x82, 0x80, 0x80, 0x00, 0x80, 0x80, 0x80, 0x80, 0x80, 0x80, 0x80, 0x80,
    0x80, 0x20, 0x20, 0x00, 0x20, 0x20, 0x20, 0x20, 0x20, 0x20, 0x20, 0x20, 0x20, 0x20, 0x20, 0x20,
    0xC0, 0x80, 0x80, 0x80, 0x84, 0x88, 0x90, 0xA0, 0xE0, 0x90, 0x88, 0x84, 0x82, 0x80, 0x80, 0x80,
    0x80, 0x80, 0x80, 0x80, 0x80, 0x80, 0x80, 0x80, 0x80, 0xB9, 0xC0, 0xC6, 0x20, 0x84, 0x20, 0x84,
    0x20, 0x84, 0x20, 0x84, 0x20, 0x84, 0x20, 0x84, 0x20, 0x84, 0x20, 0xBC, 0xC2, 0x82, 0x82, 0x82,
    0x82, 0x82, 0x82, 0x82, 0x38, 0x44, 0x82, 0x82, 0x82, 0x82, 0x82, 0x44, 0x38, 0xB8, 0xC4, 0x82,
    0x82, 0x82, 0x82, 0x82, 0xC4, 0xB8, 0x80, 0x80, 0x80, 0x80, 0x3A, 0x46, 0x82, 0x82, 0x82, 0x82,
    0x82, 0x46, 0x3A, 0x02, 0x02, 0x02, 0x02, 0xB0, 0xC0, 0x80, 0x80, 0x80, 0x80, 0x80, 0x80, 0x80,
    0x78, 0x84, 0x84, 0xC0, 0x30, 0x0C, 0x84, 0x84, 0x78, 0x40, 0x40, 0xF0, 0x40, 0x40, 0x40, 0x40,
    0x40, 0x40, 0x40, 0x30, 0x82, 0x82, 0x82, 0x82, 0x82, 0x82, 0x82, 0x86, 0x7A, 0x82, 0x82, 0x44,
    0x44, 0x44, 0x28, 0x28, 0x38, 0x10, 0x84, 0x20, 0x84, 0x20, 0x44, 0x40, 0x4E, 0x40, 0x4A, 0x40,
    0x2A, 0x80, 0x2A, 0x80, 0x11, 0x00, 0x11, 0x00, 0x82, 0x44, 0x44, 0x28, 0x10, 0x28, 0x44, 0x44,
    0x82, 0x82, 0x82, 0x44, 0x44, 0x28, 0x28, 0x38, 0x10, 0x10, 0x20, 0x20, 0xC0, 0xFC, 0x04, 0x08,
    0x10, 0x20, 0x20, 0x40, 0x80, 0xFC, 0x20, 0x40, 0x40, 0x40, 0x40, 0x40, 0x40, 0x80, 0x40, 0x40,
    0x40, 0x40, 0x40, 0x40, 0x40, 0x20, 0x80, 0x80, 0x80, 0x80, 0x80, 0x80, 0x80, 0x80, 0x80, 0x80,
    0x80, 0x80, 0x80, 0x80, 0x80, 0x80, 0x80, 0x40, 0x40, 0x40, 0x40, 0x40, 0x40, 0x20, 0x40, 0x40,
    0x40, 0x40, 0x40, 0x40, 0x40, 0x80, 0x71, 0x8E, 0x00, 0x80, 0x80, 0x00, 0x80, 0x80, 0x80, 0x80,
    0x80, 0x80, 0x80, 0x80, 0x80, 0x04, 0x04, 0x38, 0x4C, 0x8A, 0x90, 0x90, 0x90, 0xA2, 0x64, 0x38,
    0x40, 0x40, 0x0E, 0x11, 0x21, 0x20, 0x20, 0x10, 0x7E, 0x08, 0x10, 0x20, 0x79, 0x86, 0xBD, 0x66,
    0x42, 0x42, 0x42, 0x66, 0xBD, 0x80, 0x80, 0x41, 0x00, 0x41, 0x00, 0x22, 0x00, 0x22, 0x00, 0x14,
    0x00, 0x7F, 0x00, 0x08, 0x00, 0x7F, 0x00, 0x08, 0x00, 0x08, 0x00, 0x08, 0x00, 0x80, 0x80, 0x80,
    0x80, 0x80, 0x80, 0x00, 0x00, 0x00, 0x00, 0x80, 0x80, 0x80, 0x80, 0x80, 0x80, 0x38, 0x44, 0x46,
    0x60, 0x98, 0x8C, 0x86, 0xC2, 0x62, 0x32, 0x1C, 0x04, 0xC4, 0x44, 0x38, 0xA0, 0xA0, 0x0F, 0x00,
    0x30, 0xC0, 0x47, 0x20, 0x48, 0xA0, 0x90, 0x10, 0x90, 0x10, 0x90, 0x10, 0x90, 0x10, 0x48, 0xA0,
    0x47, 0x20, 0x30, 0xC0, 0x0F, 0x00, 0x60, 0x90, 0x70, 0x90, 0x78, 0x00, 0xF8, 0x24, 0x48, 0x90,
    0x90, 0x48, 0x24, 0xFF, 0x01, 0x01, 0x01, 0x01, 0xF0, 0x0F, 0x00, 0x30, 0xC0, 0x40, 0x20, 0x4F,
    0x20, 0x88, 0x90, 0x88, 0x90, 0x8F, 0x10, 0x8A, 0x10, 0x49, 0x20, 0x48, 0xA0, 0x30, 0xC0, 0x0F,
    0x00, 0xF8, 0x70, 0x88, 0x88, 0x88, 0x70, 0x08, 0x00, 0x08, 0x00, 0x08, 0x00, 0x08, 0x00, 0xFF,
    0x80, 0x08, 0x00, 0x08, 0x00, 0x08, 0x00, 0x08, 0x00, 0x00, 0x00, 0xFF, 0x80, 0x70, 0x88, 0x88,
    0x10, 0x60, 0x80, 0xF8, 0x70, 0x88, 0x08, 0x30, 0x08, 0x88, 0x70, 0x20, 0x60, 0x80, 0x82, 0x82,
    0x82, 0x82, 0x82, 0x82, 0x82, 0x86, 0xFA, 0x80, 0x80, 0x80, 0x80, 0x3E, 0x74, 0xF4, 0xF4, 0xF4,
    0xF4, 0x74, 0x34, 0x14, 0x14, 0x14, 0x14, 0x14, 0x14, 0x14, 0x80, 0x80, 0x20, 0x20, 0x90, 0x60,
    0x20, 0xE0, 0x20, 0x20, 0x20, 0x20, 0x20, 0x60, 0x90, 0x90, 0x90, 0x60, 0x00, 0xF0, 0x90, 0x48,
    0x24, 0x24, 0x48, 0x90, 0x20, 0x40, 0xE0, 0x80, 0x20, 0x80, 0x21, 0x00, 0x22, 0x00, 0x22, 0x20,
    0x24, 0x60, 0x04, 0xA0, 0x09, 0x20, 0x11, 0xF0, 0x10, 0x20, 0x20, 0x20, 0x00, 0x40, 0x20, 0x80,
    0xE0, 0x80, 0x21, 0x00, 0x22, 0x00, 0x22, 0x00, 0x24, 0xE0, 0x25, 0x10, 0x09, 0x10, 0x08, 0x20,
    0x10, 0xC0, 0x21, 0x00, 0x21, 0xF0, 0x70, 0x40, 0x88, 0x40, 0x08, 0x80, 0x30, 0x80, 0x09, 0x00,
    0x89, 0x10, 0x72, 0x30, 0x02, 0x50, 0x04, 0x90, 0x04, 0xF8, 0x08, 0x10, 0x08, 0x10, 0x10, 0x10,
    0x00, 0x10, 0x10, 0x20, 0x40, 0x80, 0x82, 0x82, 0x44, 0x38, 0x10, 0x00, 0x18, 0x00, 0x04, 0x00,
    0x00, 0x00, 0x0C, 0x00, 0x0C, 0x00, 0x12, 0x00, 0x12, 0x00, 0x12, 0x00, 0x21, 0x00, 0x21, 0x00,
    0x7F, 0x80, 0x40, 0x80, 0x40, 0x80, 0x80, 0x40, 0x80, 0x40, 0x02, 0x00, 0x06, 0x00, 0x08, 0x00,
    0x00, 0x00, 0x0C, 0x00, 0x0C, 0x00, 0x12, 0x00, 0x12, 0x00, 0x12, 0x00, 0x21, 0x00, 0x21, 0x00,
    0x7F, 0x80, 0x40, 0x80, 0x40, 0x80, 0x80, 0x40, 0x80, 0x40, 0x04, 0x00, 0x0E, 0x00, 0x11, 0x00,
    0x00, 0x00, 0x0C, 0x00, 0x0C, 0x00, 0x12, 0x00, 0x12, 0x00, 0x12, 0x00, 0x21, 0x00, 0x21, 0x00,
    0x7F, 0x80, 0x40, 0x80, 0x40, 0x80, 0x80, 0x40, 0x80, 0x40, 0x1A, 0x00, 0x2C, 0x00, 0x00, 0x00,
    0x0C, 0x00, 0x0C, 0x00, 0x12, 0x00, 0x12, 0x00, 0x12, 0x00, 0x21, 0x00, 0x21, 0x00, 0x7F, 0x80,
    0x40, 0x80, 0x40, 0x80, 0x80, 0x40, 0x80, 0x40, 0x12, 0x00, 0x12, 0x00, 0x00, 0x00, 0x0C, 0x00,
    0x0C, 0x00, 0x12, 0x00, 0x12, 0x00, 0x12, 0x00, 0x21, 0x00, 0x21, 0x00, 0x7F, 0x80, 0x40, 0x80,
    0x40, 0x80, 0x80, 0x40, 0x80, 0x40, 0x0C, 0x00, 0x12, 0x00, 0x12, 0x00, 0x0C, 0x00, 0x0C, 0x00,
    0x12, 0x00, 0x12, 0x00, 0x12, 0x00, 0x21, 0x00, 0x21, 0x00, 0x7F, 0x80, 0x40, 0x80, 0x40, 0x80,
    0x80, 0x40, 0x80, 0x40, 0x07, 0xFC, 0x09, 0x00, 0x09, 0x00, 0x11, 0x00, 0x11, 0x00, 0x21, 0xFC,
    0x21, 0x00, 0x7F, 0x00, 0x41, 0x00, 0x41, 0x00, 0x81, 0x00, 0x81, 0xFC, 0x0F, 0x00, 0x30, 0x80,
    0x40, 0x40, 0x40, 0x00, 0x80, 0x00, 0x80, 0x00, 0x80, 0x00, 0x80, 0x00, 0x40, 0x00, 0x40, 0x40,
    0x30, 0x80, 0x0F, 0x00, 0x04, 0x00, 0x04, 0x00, 0x12, 0x00, 0x0C, 0x00, 0x20, 0x30, 0x08, 0x00,
    0xFF, 0x80, 0x80, 0x80, 0x80, 0xFF, 0x80, 0x80, 0x80, 0x80, 0x80, 0xFF, 0x04, 0x0C, 0x10, 0x00,
    0xFF, 0x80, 0x80, 0x80, 0x80, 0xFF, 0x80, 0x80, 0x80, 0x80, 0x80, 0xFF, 0x10, 0x38, 0x44, 0x00,
    0xFF, 0x80, 0x80, 0x80, 0x80, 0xFF, 0x80, 0x80, 0x80, 0x80, 0x80, 0xFF, 0x24, 0x24, 0x00, 0xFF,
    0x80, 0x80, 0x80, 0x80, 0xFF, 0x80, 0x80, 0x80, 0x80, 0x80, 0xFF, 0x80, 0xC0, 0x20, 0x00, 0x40,
    0x40, 0x40, 0x40, 0x40, 0x40, 0x40, 0x40, 0x40, 0x40, 0x40, 0x40, 0x20, 0x60, 0x80, 0x00, 0x40,
    0x40, 0x40, 0x40, 0x40, 0x40, 0x40, 0x40, 0x40, 0x40, 0x40, 0x40, 0x20, 0x70, 0x88, 0x00, 0x20,
    0x20, 0x20, 0x20, 0x20, 0x20, 0x20, 0x20, 0x20, 0x20, 0x20, 0x20, 0xA0, 0xA0, 0x00, 0x40, 0x40,
    0x40, 0x40, 0x40, 0x40, 0x40, 0x40, 0x40, 0x40, 0x40, 0x40, 0x3F, 0x00, 0x20, 0xC0, 0x20, 0x20,
    0x20, 0x20, 0x20, 0x10, 0xF8, 0x10, 0x20, 0x10, 0x20, 0x10, 0x20, 0x20, 0x20, 0x20, 0x20, 0xC0,
    0x3F, 0x00, 0x1A, 0x00, 0x2C, 0x00, 0x00, 0x00, 0x80, 0x80, 0xC0, 0x80, 0xA0, 0x80, 0xA0, 0x80,
    0x90, 0x80, 0x88, 0x80, 0x88, 0x80, 0x84, 0x80, 0x82, 0x80, 0x82, 0x80, 0x81, 0x80, 0x80, 0x80,
    0x08, 0x00, 0x0C, 0x00, 0x02, 0x00, 0x00, 0x00, 0x0E, 0x00, 0x31, 0x80, 0x40, 0x40, 0x40, 0x40,
    0x80, 0x20, 0x80, 0x20, 0x80, 0x20, 0x80, 0x20, 0x40, 0x40, 0x40, 0x40, 0x31, 0x80, 0x0E, 0x00,
    0x01, 0x00, 0x03, 0x00, 0x04, 0x00, 0x00, 0x00, 0x0E, 0x00, 0x31, 0x80, 0x40, 0x40, 0x40, 0x40,
    0x80, 0x20, 0x80, 0x20, 0x80, 0x20, 0x80, 0x20, 0x40, 0x40, 0x40, 0x40, 0x31, 0x80, 0x0E, 0x00,
    0x04, 0x00, 0x0E, 0x00, 0x11, 0x00, 0x00, 0x00, 0x0E, 0x00, 0x31, 0x80, 0x40, 0x40, 0x40, 0x40,
    0x80, 0x20, 0x80, 0x20, 0x80, 0x20, 0x80, 0x20, 0x40, 0x40, 0x40, 0x40, 0x31, 0x80, 0x0E, 0x00,
    0x0D, 0x00, 0x16, 0x00, 0x00, 0x00, 0x0E, 0x00, 0x31, 0x80, 0x40, 0x40, 0x40, 0x40, 0x80, 0x20,
    0x80, 0x20, 0x80, 0x20, 0x80, 0x20, 0x40, 0x40, 0x40, 0x40, 0x31, 0x80, 0x0E, 0x00, 0x11, 0x00,
    0x11, 0x00, 0x00, 0x00, 0x0E, 0x00, 0x31, 0x80, 0x40, 0x40, 0x40, 0x40, 0x80, 0x20, 0x80, 0x20,
    0x80, 0x20, 0x80, 0x20, 0x40, 0x40, 0x40, 0x40, 0x31, 0x80, 0x0E, 0x00, 0x81, 0x42, 0x24, 0x18,
    0x18, 0x24, 0x42, 0x81, 0x00, 0x40, 0x0E, 0x80, 0x31, 0x80, 0x41, 0x40, 0x42, 0x40, 0x82, 0x20,
    0x84, 0x20, 0x84, 0x20, 0x88, 0x20, 0x48, 0x40, 0x50, 0x40, 0x31, 0x80, 0x2E, 0x00, 0x40, 0x00,
    0x20, 0x00, 0x30, 0x00, 0x08, 0x00, 0x00, 0x00, 0x80, 0x80, 0x80, 0x80, 0x80, 0x80, 0x80, 0x80,
    0x80, 0x80, 0x80, 0x80, 0x80, 0x80, 0x80, 0x80, 0x80, 0x80, 0x80, 0x80, 0x41, 0x00, 0x3E, 0x00,
    0x02, 0x00, 0x06, 0x00, 0x08, 0x00, 0x00, 0x00, 0x80, 0x80, 0x80, 0x80, 0x80, 0x80, 0x80, 0x80,
    0x80, 0x80, 0x80, 0x80, 0x80, 0x80, 0x80, 0x80, 0x80, 0x80, 0x80, 0x80, 0x41, 0x00, 0x3E, 0x00,
    0x08, 0x00, 0x1C, 0x00, 0x22, 0x00, 0x00, 0x00, 0x80, 0x80, 0x80, 0x80, 0x80, 0x80, 0x80, 0x80,
    0x80, 0x80, 0x80, 0x80, 0x80, 0x80, 0x80, 0x80, 0x80, 0x80, 0x80, 0x80, 0x41, 0x00, 0x3E, 0x00,
    0x22, 0x00, 0x22, 0x00, 0x00, 0x00, 0x80, 0x80, 0x80, 0x80, 0x80, 0x80, 0x80, 0x80, 0x80, 0x80,
    0x80, 0x80, 0x80, 0x80, 0x80, 0x80, 0x80, 0x80, 0x80, 0x80, 0x41, 0x00, 0x3E, 0x00, 0x02, 0x00,
    0x06, 0x00, 0x08, 0x00, 0x00, 0x00, 0x80, 0x80, 0x41, 0x00, 0x41, 0x00, 0x22, 0x00, 0x22, 0x00,
    0x14, 0x00, 0x1C, 0x00, 0x08, 0x00, 0x08, 0x00, 0x08, 0x00, 0x08, 0x00, 0x08, 0x00, 0x80, 0x80,
    0xFC, 0x82, 0x81, 0x81, 0x82, 0xFC, 0x80, 0x80, 0x80, 0x80, 0x78, 0x84, 0x82, 0x82, 0x84, 0xBC,
    0x86, 0x82, 0x82, 0x82, 0x84, 0xB8, 0x20, 0x30, 0x08, 0x00, 0x7C, 0x82, 0x02, 0x06, 0x7A, 0x82,
    0x82, 0x86, 0x7B, 0x04, 0x0C, 0x10, 0x00, 0x7C, 0x82, 0x02, 0x06, 0x7A, 0x82, 0x82, 0x86, 0x7B,
    0x10, 0x38, 0x44, 0x00, 0x7C, 0x82, 0x02, 0x06, 0x7A, 0x82, 0x82, 0x86, 0x7B, 0x34, 0x58, 0x00,
    0x7C, 0x82, 0x02, 0x06, 0x7A, 0x82, 0x82, 0x86, 0x7B, 0x28, 0x28, 0x00, 0x7C, 0x82, 0x02, 0x06,
    0x7A, 0x82, 0x82, 0x86, 0x7B, 0x10, 0x28, 0x10, 0x00, 0x7C, 0x82, 0x02, 0x06, 0x7A, 0x82, 0x82,
    0x86, 0x7B, 0x7C, 0xE0, 0x83, 0x10, 0x02, 0x08, 0x06, 0x08, 0x7B, 0xF8, 0x82, 0x00, 0x82, 0x08,
    0x87, 0x10, 0x78, 0xE0, 0x38, 0x44, 0x82, 0x80, 0x80, 0x80, 0x82, 0x44, 0x38, 0x10, 0x10, 0x48,
    0x30, 0x40, 0x60, 0x10, 0x00, 0x38, 0x44, 0x82, 0x82, 0xFE, 0x80, 0x82, 0x44, 0x38, 0x08, 0x18,
    0x20, 0x00, 0x38, 0x44, 0x82, 0x82, 0xFE, 0x80, 0x82, 0x44, 0x38, 0x10, 0x38, 0x44, 0x00, 0x38,
    0x44, 0x82, 0x82, 0xFE, 0x80, 0x82, 0x44, 0x38, 0x28, 0x28, 0x00, 0x38, 0x44, 0x82, 0x82, 0xFE,
    0x80, 0x82, 0x44, 0x38, 0x80, 0xC0, 0x20, 0x00, 0x40, 0x40, 0x40, 0x40, 0x40, 0x40, 0x40, 0x40,
    0x40, 0x20, 0x60, 0x80, 0x00, 0x40, 0x40, 0x40, 0x40, 0x40, 0x40, 0x40, 0x40, 0x40, 0x20, 0x70,
    0x88, 0x00, 0x20, 0x20, 0x20, 0x20, 0x20, 0x20, 0x20, 0x20, 0x20, 0xA0, 0xA0, 0x00, 0x40, 0x40,
    0x40, 0x40, 0x40, 0x40, 0x40, 0x40, 0x40, 0x48, 0x30, 0x58, 0x3C, 0x44, 0x82, 0x82, 0x82, 0x82,
    0x82, 0x44, 0x38, 0x34, 0x58, 0x00, 0xBC, 0xC2, 0x82, 0x82, 0x82, 0x82, 0x82, 0x82, 0x82, 0x20,
    0x30, 0x08, 0x00, 0x38, 0x44, 0x82, 0x82, 0x82, 0x82, 0x82, 0x44, 0x38, 0x08, 0x18, 0x20, 0x00,
    0x38, 0x44, 0x82, 0x82, 0x82, 0x82, 0x82, 0x44, 0x38, 0x10, 0x38, 0x44, 0x00, 0x38, 0x44, 0x82,
    0x82, 0x82, 0x82, 0x82, 0x44, 0x38, 0x34, 0x58, 0x00, 0x38, 0x44, 0x82, 0x82, 0x82, 0x82, 0x82,
    0x44, 0x38, 0x28, 0x28, 0x00, 0x38, 0x44, 0x82, 0x82, 0x82, 0x82, 0x82, 0x44, 0x38, 0x10, 0x10,
    0x00, 0x00, 0xFE, 0x00, 0x00, 0x10, 0x10, 0x02, 0x3C, 0x44, 0x8A, 0x92, 0x92, 0xA2, 0xA2, 0x44,
    0xB8, 0x20, 0x30, 0x08, 0x00, 0x82, 0x82, 0x82, 0x82, 0x82, 0x82, 0x82, 0x86, 0x7A, 0x04, 0x0C,
    0x10, 0x00, 0x82, 0x82, 0x82, 0x82, 0x82, 0x82, 0x82, 0x86, 0x7A, 0x10, 0x38, 0x44, 0x00, 0x82,
    0x82, 0x82, 0x82, 0x82, 0x82, 0x82, 0x86, 0x7A, 0x28, 0x28, 0x00, 0x82, 0x82, 0x82, 0x82, 0x82,
    0x82, 0x82, 0x86, 0x7A, 0x08, 0x18, 0x20, 0x00, 0x82, 0x82, 0x44, 0x44, 0x28, 0x28, 0x38, 0x10,
    0x10, 0x20, 0x20, 0xC0, 0x80, 0x80, 0x80, 0xB8, 0xC4, 0x82, 0x82, 0x82, 0x82, 0x82, 0xC4, 0xB8,
    0x80, 0x80, 0x80, 0x80, 0x28, 0x28, 0x00, 0x82, 0x82, 0x44, 0x44, 0x28, 0x28, 0x38, 0x10, 0x10,
    0x20, 0x20, 0xC0, 0xFF, 0x80, 0xFF, 0xFF, 0x40, 0x80, 0x80, 0x80, 0x40, 0x40, 0x40, 0x80, 0x40,
    0x40, 0x40, 0x80, 0x50, 0xA0, 0xA0, 0xA0, 0x50, 0x50, 0x50, 0xA0, 0x50, 0x50, 0x50, 0xA0, 0x60,
    0xF0, 0xF0, 0x60, 0x84, 0x20, 0x84, 0x20, 0x03, 0xC0, 0x0C, 0x20, 0x10, 0x10, 0x10, 0x00, 0xFF,
    0x00, 0x20, 0x00, 0x20, 0x00, 0xFF, 0x00, 0x10, 0x00, 0x10, 0x10, 0x0C, 0x20, 0x03, 0xC0,
};
static const FontGlyph font_r12_glyphs[] = {
    {0x0020, 0, 1, 1, 0, 1, 5},
    {0x0021, 1, 1, 12, 2, 12, 5},
    {0x0022, 13, 4, 4, 1, 12, 6},
    {0x0023, 17, 8, 11, 0, 11, 9},
    {0x0024, 28, 7, 15, 1, 13, 9},
    {0x0025, 43, 12, 12, 0, 12, 14},
    {0x0026, 67, 10, 12, 0, 12, 11},
    {0x0027, 91, 2, 4, 0, 12, 3},
    {0x0028, 95, 3, 16, 1, 12, 6},
    {0x0029, 111, 3, 16, 1, 12, 6},
    {0x002A, 127, 5, 5, 0, 12, 6},
    {0x002B, 132, 9, 9, 0, 9, 10},
    {0x002C, 150, 2, 4, 1, 2, 4},
    {0x002D, 154, 4, 1, 0, 5, 5},
    {0x002E, 155, 1, 2, 2, 2, 4},
    {0x002F, 157, 4, 12, 0, 12, 5},
    {0x0030, 169, 7, 12, 1, 12, 9},
    {0x0031, 181, 3, 12, 3, 12, 9},
    {0x0032, 193, 7, 12, 1, 12, 9},
    {0x0033, 205, 7, 12, 1, 12, 9},
    {0x0034, 217, 8, 12, 0, 12, 9},
    {0x0035, 229, 7, 12, 1, 12, 9},
    {0x0036, 241, 7, 12, 1, 12, 9},
    {0x0037, 253, 8, 12, 0, 12, 9},
    {0x0038, 265, 7, 12, 1, 12, 9},
    {0x0039, 277, 7, 12, 1, 12, 9},
    {0x003A, 289, 1, 9, 2, 9, 4},
    {0x003B, 298, 2, 11, 1, 9, 4},
    {0x003C, 309, 9, 9, 0, 9, 10},
    {0x003D, 327, 8, 4, 0, 6, 10},
    {0x003E, 331, 9, 9, 1, 9, 10},
    {0x003F, 349, 7, 12, 1, 12, 9},
    {0x0040, 361, 13, 14, 1, 12, 17},
    {0x0041, 389, 10, 12, 0, 12, 11},
    {0x0042, 413, 9, 12, 1, 12, 11},
    {0x0043, 437, 10, 12, 1, 12, 12},
    {0x0044, 461, 10, 12, 1, 12, 12},
    {0x0045, 485, 8, 12, 1, 12, 11},
    {0x0046, 497, 7, 12, 1, 12, 10},
    {0x0047, 509, 10, 12, 1, 12, 13},
    {0x0048, 533, 9, 12, 1, 12, 12},
    {0x0049, 557, 1, 12, 1, 12, 4},
    {0x004A, 569, 6, 12, 0, 12, 8},
    {0x004B, 581, 8, 12, 1, 12, 11},
    {0x004C, 593, 7, 12, 1, 12, 9},
    {0x004D, 605, 11, 12, 1, 12, 13},
    {0x004E, 629, 9, 12, 1, 12, 12},
    {0x004F, 653, 11, 12, 1, 12, 13},
    {0x0050, 677, 8, 12, 2, 12, 11},
    {0x0051, 689, 11, 13, 1, 12, 13},
    {0x0052, 715, 9, 12, 2, 12, 12},
    {0x0053, 739, 9, 12, 1, 12, 11},
    {0x0054, 763, 9, 12, 0, 12, 10},
    {0x0055, 787, 9, 12, 1, 12, 12},
    {0x0056, 811, 10, 12, 0, 12, 11},
    {0x0057, 835, 13, 12, 1, 12, 15},
    {0x0058, 859, 8, 12, 1, 12, 11},
    {0x0059, 871, 9, 12, 1, 12, 11},
    {0x005A, 895, 9, 12, 0, 12, 10},
    {0x005B, 919, 3, 15, 1, 12, 5},
    {0x005C, 934, 4, 12, 0, 12, 5},
    {0x005D, 946, 3, 15, 0, 12, 5},
    {0x005E, 961, 7, 7, 0, 12, 8},
    {0x005F, 968, 9, 1, 0, -2, 9},
    {0x0060, 970, 3, 3, 0, 13, 6},
    {0x0061, 973, 8, 9, 1, 9, 9},
    {0x0062, 982, 7, 12, 1, 12, 9},
    {0x0063, 994, 7, 9, 1, 9, 8},
    {0x0064, 1003, 7, 12, 1, 12, 9},
    {0x0065, 1015, 7, 9, 1, 9, 9},
    {0x0066, 1024, 4, 12, 1, 12, 5},
    {0x0067, 1036, 7, 13, 1, 9, 9},
    {0x0068, 1049, 7, 12, 1, 12, 9},
    {0x0069, 1061, 1, 12, 1, 12, 3},
    {0x006A, 1073, 3, 16, -1, 12, 4},
    {0x006B, 1089, 7, 12, 0, 12, 8},
    {0x006C, 1101, 1, 12, 1, 12, 3},
    {0x006D, 1113, 11, 9, 2, 9, 14},
    {0x006E, 1131, 7, 9, 1, 9, 9},
    {0x006F, 1140, 7, 9, 1, 9, 9},
    {0x0070, 1149, 7, 13, 1, 9, 9},
    {0x0071, 1162, 7, 13, 1, 9, 9},
    {0x0072, 1175, 4, 9, 1, 9, 5},
    {0x0073, 1184, 6, 9, 1, 9, 8},
    {0x0074, 1193, 4, 11, 1, 11, 5},
    {0x0075, 1204, 7, 9, 1, 9, 9},
    {0x0076, 1213, 7, 9, 0, 9, 8},
    {0x0077, 1222, 11, 9, 0, 9, 12},
    {0x0078, 1240, 7, 9, 0, 9, 8},
    {0x0079, 1249, 7, 12, 0, 9, 8},
    {0x007A, 1261, 6, 9, 1, 9, 8},
    {0x007B, 1270, 3, 16, 1, 12, 6},
    {0x007C, 1286, 1, 16, 1, 12, 4},
    {0x007D, 1302, 3, 16, 1, 12, 6},
    {0x007E, 1318, 8, 2, 1, 6, 10},
    {0x00A0, 1320, 1, 1, 0, 1, 5},
    {0x00A1, 1321, 1, 12, 2, 9, 6},
    {0x00A2, 1333, 7, 13, 1, 11, 9},
    {0x00A3, 1346, 8, 12, 0, 12, 9},
    {0x00A4, 1358, 8, 7, 0, 10, 9},
    {0x00A5, 1365, 9, 12, 0, 12, 9},
    {0x00A6, 1389, 1, 16, 1, 12, 4},
    {0x00A7, 1405, 7, 15, 1, 12, 9},
    {0x00A8, 1420, 3, 2, 1, 12, 5},
    {0x00A9, 1422, 12, 12, 0, 12, 12},
    {0x00AA, 1446, 5, 7, 1, 12, 6},
    {0x00AB, 1453, 6, 6, 1, 8, 9},
    {0x00AC, 1459, 8, 5, 0, 6, 10},
    {0x00AD, 1464, 4, 1, 0, 5, 5},
    {0x00AE, 1465, 12, 12, 0, 12, 12},
    {0x00AF, 1489, 5, 1, 0, 11, 6},
    {0x00B0, 1490, 5, 5, 1, 12, 7},
    {0x00B1, 1495, 9, 11, 0, 11, 10},
    {0x00B2, 1517, 5, 7, 0, 12, 6},
    {0x00B3, 1524, 5, 7, 0, 12, 6},
    {0x00B4, 1531, 3, 3, 1, 13, 6},
    {0x00B5, 1534, 7, 13, 1, 9, 9},
    {0x00B6, 1547, 7, 15, 1, 12, 9},
    {0x00B7, 1562, 1, 2, 2, 6, 5},
    {0x00B8, 1564, 4, 4, 0, 0, 6},
    {0x00B9, 1568, 3, 7, 0, 12, 6},
    {0x00BA, 1575, 4, 7, 1, 12, 6},
    {0x00BB, 1582, 6, 6, 1, 8, 9},
    {0x00BC, 1588, 12, 12, 0, 12, 14},
    {0x00BD, 1612, 12, 13, 0, 13, 14},
    {0x00BE, 1638, 13, 12, 0, 12, 14},
    {0x00BF, 1662, 7, 12, 1, 9, 10},
    {0x00C0, 1674, 10, 16, 0, 16, 11},
    {0x00C1, 1706, 10, 16, 0, 16, 11},
    {0x00C2, 1738, 10, 16, 0, 16, 11},
    {0x00C3, 1770, 10, 15, 0, 15, 11},
    {0x00C4, 1800, 10, 15, 0, 15, 11},
    {0x00C5, 1830, 10, 15, 0, 15, 11},
    {0x00C6, 1860, 14, 12, 0, 12, 16},
    {0x00C7, 1884, 10, 16, 1, 12, 12},
    {0x00C8, 1916, 8, 16, 1, 16, 11},
    {0x00C9, 1932, 8, 16, 1, 16, 11},
    {0x00CA, 1948, 8, 16, 1, 16, 11},
    {0x00CB, 1964, 8, 15, 1, 15, 11},
    {0x00CC, 1979, 3, 16, 0, 16, 4},
    {0x00CD, 1995, 3, 16, 0, 16, 4},
    {0x00CE, 2011, 5, 16, -1, 16, 4},
    {0x00CF, 2027, 3, 15, 0, 15, 4},
    {0x00D0, 2042, 12, 12, 0, 12, 12},
    {0x00D1, 2066, 9, 15, 1, 15, 12},
    {0x00D2, 2096, 11, 16, 1, 16, 13},
    {0x00D3, 2128, 11, 16, 1, 16, 13},
    {0x00D4, 2160, 11, 16, 1, 16, 13},
    {0x00D5, 2192, 11, 15, 1, 15, 13},
    {0x00D6, 2222, 11, 15, 1, 15, 13},
    {0x00D7, 2252, 8, 8, 1, 8, 10},
    {0x00D8, 2260, 11, 14, 1, 13, 13},
    {0x00D9, 2288, 9, 16, 1, 16, 12},
    {0x00DA, 2320, 9, 16, 1, 16, 12},
    {0x00DB, 2352, 9, 16, 1, 16, 12},
    {0x00DC, 2384, 9, 15, 1, 15, 12},
    {0x00DD, 2414, 9, 16, 1, 16, 11},
    {0x00DE, 2446, 8, 12, 2, 12, 11},
    {0x00DF, 2458, 7, 12, 2, 12, 10},
    {0x00E0, 2470, 8, 13, 1, 13, 9},
    {0x00E1, 2483, 8, 13, 1, 13, 9},
    {0x00E2, 2496, 8, 13, 1, 13, 9},
    {0x00E3, 2509, 8, 12, 1, 12, 9},
    {0x00E4, 2521, 8, 12, 1, 12, 9},
    {0x00E5, 2533, 8, 13, 1, 13, 9},
    {0x00E6, 2546, 13, 9, 1, 9, 15},
    {0x00E7, 2564, 7, 13, 1, 9, 8},
    {0x00E8, 2577, 7, 13, 1, 13, 9},
    {0x00E9, 2590, 7, 13, 1, 13, 9},
    {0x00EA, 2603, 7, 13, 1, 13, 9},
    {0x00EB, 2616, 7, 12, 1, 12, 9},
    {0x00EC, 2628, 3, 13, 1, 13, 4},
    {0x00ED, 2641, 3, 13, 1, 13, 4},
    {0x00EE, 2654, 5, 13, 0, 13, 4},
    {0x00EF, 2667, 3, 12, 1, 12, 4},
    {0x00F0, 2679, 7, 12, 1, 12, 9},
    {0x00F1, 2691, 7, 12, 1, 12, 9},
    {0x00F2, 2703, 7, 13, 1, 13, 9},
    {0x00F3, 2716, 7, 13, 1, 13, 9},
    {0x00F4, 2729, 7, 13, 1, 13, 9},
    {0x00F5, 2742, 7, 12, 1, 12, 9},
    {0x00F6, 2754, 7, 12, 1, 12, 9},
    {0x00F7, 2766, 7, 9, 1, 9, 10},
    {0x00F8, 2775, 7, 10, 1, 10, 10},
    {0x00F9, 2785, 7, 13, 1, 13, 9},
    {0x00FA, 2798, 7, 13, 1, 13, 9},
    {0x00FB, 2811, 7, 13, 1, 13, 9},
    {0x00FC, 2824, 7, 12, 1, 12, 9},
    {0x00FD, 2836, 7, 16, 0, 13, 8},
    {0x00FE, 2852, 7, 16, 1, 12, 9},
    {0x00FF, 2868, 7, 15, 0, 12, 8},
    {0x2013, 2883, 9, 1, 0, 5, 9},
    {0x2014, 2885, 16, 1, 0, 5, 16},
    {0x2018, 2887, 2, 4, 1, 12, 4},
    {0x2019, 2891, 2, 4, 0, 12, 4},
    {0x201A, 2895, 2, 4, 0, 2, 4},
    {0x201C, 2899, 4, 4, 1, 12, 6},
    {0x201D, 2903, 4, 4, 0, 12, 6},
    {0x201E, 2907, 4, 4, 0, 2, 6},
    {0x2022, 2911, 4, 4, 0, 8, 6},
    {0x2026, 2915, 11, 2, 2, 2, 15},
    {0x20AC, 2919, 12, 12, -1, 12, 12},
};
const Font FONT_R12 = {font_r12_glyphs, 202, font_r12_bitmap, 14, 4};

static const uint8_t font_digits_bitmap[] = {
    0x00, 0x00, 0xFF, 0x80, 0x00, 0x00, 0x00, 0xFF, 0x80, 0x00, 0x00, 0x00, 0xFF, 0x80, 0x00, 0x00,
    0x00, 0xFF, 0x80, 0x00, 0x00, 0x00, 0xFF, 0x80, 0x00, 0x00, 0x00, 0xFF, 0x80, 0x00, 0x00, 0x00,
    0xFF, 0x80, 0x00, 0x00, 0x00, 0xFF, 0x80, 0x00, 0x00, 0x00, 0xFF, 0x80, 0x00, 0x00, 0x00, 0xFF,
    0x80, 0x00, 0x00, 0x00, 0xFF, 0x80, 0x00, 0x00, 0x00, 0xFF, 0x80, 0x00, 0x00, 0x00, 0xFF, 0x80,
    0x00, 0x00, 0x00, 0xFF, 0x80, 0x00, 0x00, 0x00, 0xFF, 0x80, 0x00, 0x00, 0x00, 0xFF, 0x80, 0x00,
    0xFF, 0xFF, 0xFF, 0xFF, 0xFF, 0xFF, 0xFF, 0xFF, 0xFF, 0xFF, 0xFF, 0xFF, 0xFF, 0xFF, 0xFF, 0xFF,
    0xFF, 0xFF, 0xFF, 0xFF, 0xFF, 0xFF, 0xFF, 0xFF, 0xFF, 0xFF, 0xFF, 0xFF, 0xFF, 0xFF, 0xFF, 0xFF,
    0xFF, 0xFF, 0xFF, 0xFF, 0xFF, 0xFF, 0xFF, 0xFF, 0x7F, 0xFF, 0xFF, 0xFF, 0xFF, 0x00, 0x00, 0xFF,
    0x80, 0x00, 0x00, 0x00, 0xFF, 0x80, 0x00, 0x00, 0x00, 0xFF, 0x80, 0x00, 0x00, 0x00, 0xFF, 0x80,
    0x00, 0x00, 0x00, 0xFF, 0x80, 0x00, 0x00, 0x00, 0xFF, 0x80, 0x00, 0x00, 0x00, 0xFF, 0x80, 0x00,
    0x00, 0x00, 0xFF, 0x80, 0x00, 0x00, 0x00, 0xFF, 0x80, 0x00, 0x00, 0x00, 0xFF, 0x80, 0x00, 0x00,
    0x00, 0xFF, 0x80, 0x00, 0x00, 0x00, 0xFF, 0x80, 0x00, 0x00, 0x00, 0xFF, 0x80, 0x00, 0x00, 0x00,
    0xFF, 0x80, 0x00, 0x00, 0x00, 0xFF, 0x80, 0x00, 0x00, 0x00, 0xFF, 0x80, 0x00, 0x00, 0x01, 0xFF,
    0x00, 0x00, 0x00, 0x1F, 0xFF, 0xE0, 0x00, 0x00, 0x7F, 0xFF, 0xF8, 0x00, 0x00, 0xFF, 0xFF, 0xFC,
    0x00, 0x01, 0xFF, 0xFF, 0xFF, 0x00, 0x03, 0xFF, 0xFF, 0xFF, 0x00, 0x07, 0xFF, 0xFF, 0xFF, 0x80,
    0x0F, 0xFF, 0xFF, 0xFF, 0xC0, 0x0F, 0xFF, 0xFF, 0xFF, 0xC0, 0x1F, 0xFF, 0x01, 0xFF, 0xE0, 0x1F,
    0xFC, 0x00, 0xFF, 0xE0, 0x1F, 0xFC, 0x00, 0x7F, 0xF0, 0x3F, 0xF8, 0x00, 0x7F, 0xF0, 0x3F, 0xF8,
    0x00, 0x3F, 0xF0, 0x3F, 0xF0, 0x00, 0x3F, 0xF8, 0x7F, 0xF0, 0x00, 0x3F, 0xF8, 0x7F, 0xF0, 0x00,
    0x3F, 0xF8, 0x7F, 0xF0, 0x00, 0x1F, 0xF8, 0x7F, 0xF0, 0x00, 0x1F, 0xFC, 0x7F, 0xE0, 0x00, 0x1F,
    0xFC, 0x7F, 0xE0, 0x00, 0x1F, 0xFC, 0x7F, 0xE0, 0x00, 0x1F, 0xFC, 0xFF, 0xE0, 0x00, 0x1F, 0xFC,
    0xFF, 0xE0, 0x00, 0x1F, 0xFC, 0xFF, 0xE0, 0x00, 0x1F, 0xFC, 0xFF, 0xE0, 0x00, 0x1F, 0xFC, 0xFF,
    0xE0, 0x00, 0x1F, 0xFC, 0xFF, 0xE0, 0x00, 0x1F, 0xFC, 0xFF, 0xE0, 0x00, 0x1F, 0xFC, 0xFF, 0xE0,
    0x00, 0x1F, 0xFC, 0xFF, 0xE0, 0x00, 0x1F, 0xFC, 0xFF, 0xE0, 0x00, 0x1F, 0xFC, 0xFF, 0xE0, 0x00,
    0x1F, 0xFC, 0xFF, 0xE0, 0x00, 0x1F, 0xFC, 0xFF, 0xE0, 0x00, 0x1F, 0xFC, 0x7F, 0xE0, 0x00, 0x1F,
    0xFC, 0x7F, 0xE0, 0x00, 0x1F, 0xFC, 0x7F, 0xF0, 0x00, 0x1F, 0xFC, 0x7F, 0xF0, 0x00, 0x1F, 0xF8,
    0x7F, 0xF0, 0x00, 0x1F, 0xF8, 0x7F, 0xF0, 0x00, 0x3F, 0xF8, 0x7F, 0xF0, 0x00, 0x3F, 0xF8, 0x3F,
    0xF0, 0x00, 0x3F, 0xF8, 0x3F, 0xF8, 0x00, 0x3F, 0xF0, 0x3F, 0xF8, 0x00, 0x7F, 0xF0, 0x1F, 0xFC,
    0x00, 0x7F, 0xF0, 0x1F, 0xFC, 0x00, 0xFF, 0xE0, 0x0F, 0xFF, 0x01, 0xFF, 0xE0, 0x0F, 0xFF, 0xFF,
    0xFF, 0xC0, 0x07, 0xFF, 0xFF, 0xFF, 0xC0, 0x07, 0xFF, 0xFF, 0xFF, 0x80, 0x03, 0xFF, 0xFF, 0xFF,
    0x00, 0x01, 0xFF, 0xFF, 0xFE, 0x00, 0x00, 0xFF, 0xFF, 0xFC, 0x00, 0x00, 0x3F, 0xFF, 0xF8, 0x00,
    0x00, 0x1F, 0xFF, 0xE0, 0x00, 0x00, 0x03, 0xFF, 0x00, 0x00, 0x00, 0x03, 0xFF, 0x80, 0x00, 0x00,
    0x0F, 0xFF, 0x80, 0x00, 0x00, 0x1F, 0xFF, 0x80, 0x00, 0x00, 0x7F, 0xFF, 0x80, 0x00, 0x00, 0xFF,
    0xFF, 0x80, 0x00, 0x03, 0xFF, 0xFF, 0x80, 0x00, 0x07, 0xFF, 0xFF, 0x80, 0x00, 0x1F, 0xFF, 0xFF,
    0x80, 0x00, 0x3F, 0xFF, 0xFF, 0x80, 0x00, 0x7F, 0xFF, 0xFF, 0x80, 0x00, 0xFF, 0xF3, 0xFF, 0x80,
    0x00, 0xFF, 0xC3, 0xFF, 0x80, 0x00, 0xFF, 0x83, 0xFF, 0x80, 0x00, 0xFE, 0x03, 0xFF, 0x80, 0x00,
    0xFC, 0x03, 0xFF, 0x80, 0x00, 0xF0, 0x03, 0xFF, 0x80, 0x00, 0xE0, 0x03, 0xFF, 0x80, 0x00, 0x00,
    0x03, 0xFF, 0x80, 0x00, 0x00, 0x03, 0xFF, 0x80, 0x00, 0x00, 0x03, 0xFF, 0x80, 0x00, 0x00, 0x03,
    0xFF, 0x80, 0x00, 0x00, 0x03, 0xFF, 0x80, 0x00, 0x00, 0x03, 0xFF, 0x80, 0x00, 0x00, 0x03, 0xFF,
    0x80, 0x00, 0x00, 0x03, 0xFF, 0x80, 0x00, 0x00, 0x03, 0xFF, 0x80, 0x00, 0x00, 0x03, 0xFF, 0x80,
    0x00, 0x00, 0x03, 0xFF, 0x80, 0x00, 0x00, 0x03, 0xFF, 0x80, 0x00, 0x00, 0x03, 0xFF, 0x80, 0x00,
    0x00, 0x03, 0xFF, 0x80, 0x00, 0x00, 0x03, 0xFF, 0x80, 0x00, 0x00, 0x03, 0xFF, 0x80, 0x00, 0x00,
    0x03, 0xFF, 0x80, 0x00, 0x00, 0x03, 0xFF, 0x80, 0x00, 0x00, 0x03, 0xFF, 0x80, 0x00, 0x00, 0x03,
    0xFF, 0x80, 0x00, 0x00, 0x03, 0xFF, 0x80, 0x00, 0x00, 0x03, 0xFF, 0x80, 0x00, 0x00, 0x03, 0xFF,
    0x80, 0x00, 0x00, 0x03, 0xFF, 0x80, 0x00, 0x00, 0x03, 0xFF, 0x80, 0x00, 0x00, 0x03, 0xFF, 0x80,
    0x00, 0x00, 0x03, 0xFF, 0x80, 0x00, 0x00, 0x03, 0xFF, 0x80, 0x00, 0x00, 0x03, 0xFF, 0x80, 0x00,
    0x00, 0x03, 0xFF, 0x80, 0x00, 0xFF, 0xFF, 0xFF, 0xFF, 0xF8, 0xFF, 0xFF, 0xFF, 0xFF, 0xF8, 0xFF,
    0xFF, 0xFF, 0xFF, 0xF8, 0xFF, 0xFF, 0xFF, 0xFF, 0xF8, 0xFF, 0xFF, 0xFF, 0xFF, 0xF8, 0xFF, 0xFF,
    0xFF, 0xFF, 0xF8, 0xFF, 0xFF, 0xFF, 0xFF, 0xF8, 0xFF, 0xFF, 0xFF, 0xFF, 0xF8, 0x00, 0x03, 0xFF,
    0x80, 0x00, 0x00, 0x3F, 0xFF, 0xF0, 0x00, 0x00, 0xFF, 0xFF, 0xFC, 0x00, 0x01, 0xFF, 0xFF, 0xFF,
    0x00, 0x07, 0xFF, 0xFF, 0xFF, 0x80, 0x0F, 0xFF, 0xFF, 0xFF, 0xC0, 0x0F, 0xFF, 0xFF, 0xFF, 0xE0,
    0x1F, 0xFF, 0xFF, 0xFF, 0xF0, 0x3F, 0xFF, 0xFF, 0xFF, 0xF0, 0x3F, 0xFE, 0x01, 0xFF, 0xF0, 0x7F,
    0xFC, 0x00, 0xFF, 0xF8, 0x7F, 0xF8, 0x00, 0x7F, 0xF8, 0x7F, 0xF0, 0x00, 0x3F, 0xF8, 0x7F, 0xF0,
    0x00, 0x3F, 0xF8, 0xFF, 0xF0, 0x00, 0x3F, 0xF8, 0x3F, 0xE0, 0x00, 0x3F, 0xF8, 0x00, 0x00, 0x00,
    0x3F, 0xF8, 0x00, 0x00, 0x00, 0x3F, 0xF8, 0x00, 0x00, 0x00, 0x3F, 0xF8, 0x00, 0x00, 0x00, 0x7F,
    0xF8, 0x00, 0x00, 0x00, 0x7F, 0xF8, 0x00, 0x00, 0x00, 0xFF, 0xF0, 0x00, 0x00, 0x00, 0xFF, 0xF0,
    0x00, 0x00, 0x01, 0xFF, 0xE0, 0x00, 0x00, 0x03, 0xFF, 0xE0, 0x00, 0x00, 0x07, 0xFF, 0xC0, 0x00,
    0x00, 0x0F, 0xFF, 0x80, 0x00, 0x00, 0x1F, 0xFF, 0x80, 0x00, 0x00, 0x7F, 0xFF, 0x00, 0x00, 0x00,
    0xFF, 0xFE, 0x00, 0x00, 0x01, 0xFF, 0xFC, 0x00, 0x00, 0x03, 0xFF, 0xF8, 0x00, 0x00, 0x07, 0xFF,
    0xF0, 0x00, 0x00, 0x0F, 0xFF, 0xC0, 0x00, 0x00, 0x3F, 0xFF, 0x80, 0x00, 0x00, 0x7F, 0xFF, 0x00,
    0x00, 0x00, 0xFF, 0xFE, 0x00, 0x00, 0x01, 0xFF, 0xF8, 0x00, 0x00, 0x03, 0xFF, 0xF0, 0x00, 0x00,
    0x03, 0xFF, 0xE0, 0x00, 0x00, 0x07, 0xFF, 0xC0, 0x00, 0x00, 0x0F, 0xFF, 0x80, 0x00, 0x00, 0x1F,
    0xFF, 0x00, 0x00, 0x00, 0x1F, 0xFE, 0x00, 0x00, 0x00, 0x3F, 0xFC, 0x00, 0x00, 0x00, 0x7F, 0xFC,
    0x00, 0x00, 0x00, 0x7F, 0xF8, 0x00, 0x00, 0x00, 0xFF, 0xFF, 0xFF, 0xFF, 0xFC, 0xFF, 0xFF, 0xFF,
    0xFF, 0xFC, 0xFF, 0xFF, 0xFF, 0xFF, 0xFC, 0xFF, 0xFF, 0xFF, 0xFF, 0xFC, 0xFF, 0xFF, 0xFF, 0xFF,
    0xFC, 0xFF, 0xFF, 0xFF, 0xFF, 0xFC, 0xFF, 0xFF, 0xFF, 0xFF, 0xFC, 0xFF, 0xFF, 0xFF, 0xFF, 0xFC,
    0xFF, 0xFF, 0xFF, 0xFF, 0xFC, 0x00, 0x01, 0xFF, 0x80, 0x00, 0x00, 0x1F, 0xFF, 0xF8, 0x00, 0x00,
    0x7F, 0xFF, 0xFE, 0x00, 0x00, 0xFF, 0xFF, 0xFF, 0x80, 0x03, 0xFF, 0xFF, 0xFF, 0xC0, 0x07, 0xFF,
    0xFF, 0xFF, 0xE0, 0x0F, 0xFF, 0xFF, 0xFF, 0xF0, 0x0F, 0xFF, 0xFF, 0xFF, 0xF0, 0x1F, 0xFF, 0xFF,
    0xFF, 0xF8, 0x3F, 0xFF, 0x01, 0xFF, 0xF8, 0x3F, 0xFC, 0x00, 0x7F, 0xFC, 0x3F, 0xF8, 0x00, 0x3F,
    0xFC, 0x7F, 0xF8, 0x00, 0x3F, 0xFC, 0x7F, 0xF0, 0x00, 0x1F, 0xFC, 0x7F, 0xF0, 0x00, 0x1F, 0xFC,
    0x07, 0xF0, 0x00, 0x1F, 0xFC, 0x00, 0x00, 0x00, 0x1F, 0xFC, 0x00, 0x00, 0x00, 0x1F, 0xFC, 0x00,
    0x00, 0x00, 0x1F, 0xFC, 0x00, 0x00, 0x00, 0x3F, 0xF8, 0x00, 0x00, 0x00, 0x3F, 0xF8, 0x00, 0x00,
    0x00, 0x7F, 0xF8, 0x00, 0x00, 0x00, 0xFF, 0xF0, 0x00, 0x00, 0x03, 0xFF, 0xE0, 0x00, 0x03, 0xFF,
    0xFF, 0xC0, 0x00, 0x03, 0xFF, 0xFF, 0x80, 0x00, 0x03, 0xFF, 0xFE, 0x00, 0x00, 0x03, 0xFF, 0xF8,
    0x00, 0x00, 0x03, 0xFF, 0xF0, 0x00, 0x00, 0x03, 0xFF, 0xFF, 0x00, 0x00, 0x03, 0xFF, 0xFF, 0xC0,
    0x00, 0x03, 0xFF, 0xFF, 0xE0, 0x00, 0x03, 0xFF, 0xFF, 0xF0, 0x00, 0x00, 0x01, 0xFF, 0xF8, 0x00,
    0x00, 0x00, 0x7F, 0xFC, 0x00, 0x00, 0x00, 0x3F, 0xFC, 0x00, 0x00, 0x00, 0x1F, 0xFE, 0x00, 0x00,
    0x00, 0x0F, 0xFE, 0x00, 0x00, 0x00, 0x0F, 0xFE, 0x00, 0x00, 0x00, 0x0F, 0xFE, 0x07, 0xE0, 0x00,
    0x0F, 0xFF, 0xFF, 0xE0, 0x00, 0x0F, 0xFF, 0xFF, 0xF0, 0x00, 0x0F, 0xFF, 0xFF, 0xF0, 0x00, 0x0F,
    0xFE, 0x7F, 0xF8, 0x00, 0x1F, 0xFE, 0x7F, 0xF8, 0x00, 0x1F, 0xFE, 0x7F, 0xFC, 0x00, 0x3F, 0xFE,
    0x3F, 0xFF, 0x00, 0xFF, 0xFC, 0x3F, 0xFF, 0xFF, 0xFF, 0xFC, 0x1F, 0xFF, 0xFF, 0xFF, 0xF8, 0x0F,
    0xFF, 0xFF, 0xFF, 0xF8, 0x0F, 0xFF, 0xFF, 0xFF, 0xF0, 0x03, 0xFF, 0xFF, 0xFF, 0xE0, 0x01, 0xFF,
    0xFF, 0xFF, 0xC0, 0x00, 0x7F, 0xFF, 0xFF, 0x00, 0x00, 0x1F, 0xFF, 0xFC, 0x00, 0x00, 0x03, 0xFF,
    0xC0, 0x00, 0x00, 0x00, 0x01, 0xFF, 0xF0, 0x00, 0x00, 0x00, 0x03, 0xFF, 0xF0, 0x00, 0x00, 0x00,
    0x03, 0xFF, 0xF0, 0x00, 0x00, 0x00, 0x07, 0xFF, 0xF0, 0x00, 0x00, 0x00, 0x07, 0xFF, 0xF0, 0x00,
    0x00, 0x00, 0x0F, 0xFF, 0xF0, 0x00, 0x00, 0x00, 0x1F, 0xFF, 0xF0, 0x00, 0x00, 0x00, 0x1F, 0xFF,
    0xF0, 0x00, 0x00, 0x00, 0x3F, 0xFF, 0xF0, 0x00, 0x00, 0x00, 0x7F, 0xFF, 0xF0, 0x00, 0x00, 0x00,
    0x7F, 0xFF, 0xF0, 0x00, 0x00, 0x00, 0xFF, 0xFF, 0xF0, 0x00, 0x00, 0x01, 0xFF, 0x7F, 0xF0, 0x00,
    0x00, 0x01, 0xFF, 0x7F, 0xF0, 0x00, 0x00, 0x03, 0xFE, 0x7F, 0xF0, 0x00, 0x00, 0x07, 0xFC, 0x7F,
    0xF0, 0x00, 0x00, 0x07, 0xFC, 0x7F, 0xF0, 0x00, 0x00, 0x0F, 0xF8, 0x7F, 0xF0, 0x00, 0x00, 0x1F,
    0xF8, 0x7F, 0xF0, 0x00, 0x00, 0x1F, 0xF0, 0x7F, 0xF0, 0x00, 0x00, 0x3F, 0xE0, 0x7F, 0xF0, 0x00,
    0x00, 0x3F, 0xE0, 0x7F, 0xF0, 0x00, 0x00, 0x7F, 0xC0, 0x7F, 0xF0, 0x00, 0x00, 0xFF, 0x80, 0x7F,
    0xF0, 0x00, 0x00, 0xFF, 0x80, 0x7F, 0xF0, 0x00, 0x01, 0xFF, 0x00, 0x7F, 0xF0, 0x00, 0x03, 0xFE,
    0x00, 0x7F, 0xF0, 0x00, 0x03, 0xFE, 0x00, 0x7F, 0xF0, 0x00, 0x07, 0xFC, 0x00, 0x7F, 0xF0, 0x00,
    0x0F, 0xF8, 0x00, 0x7F, 0xF0, 0x00, 0x0F, 0xF8, 0x00, 0x7F, 0xF0, 0x00, 0x1F, 0xF0, 0x00, 0x7F,
    0xF0, 0x00, 0x3F, 0xE0, 0x00, 0x7F, 0xF0, 0x00, 0x3F, 0xE0, 0x00, 0x7F, 0xF0, 0x00, 0x7F, 0xC0,
    0x00, 0x7F, 0xF0, 0x00, 0xFF, 0x80, 0x00, 0x7F, 0xF0, 0x00, 0xFF, 0xFF, 0xFF, 0xFF, 0xFF, 0xE0,
    0xFF, 0xFF, 0xFF, 0xFF, 0xFF, 0xE0, 0xFF, 0xFF, 0xFF, 0xFF, 0xFF, 0xE0, 0xFF, 0xFF, 0xFF, 0xFF,
    0xFF, 0xE0, 0xFF, 0xFF, 0xFF, 0xFF, 0xFF, 0xE0, 0xFF, 0xFF, 0xFF, 0xFF, 0xFF, 0xE0, 0xFF, 0xFF,
    0xFF, 0xFF, 0xFF, 0xE0, 0xFF, 0xFF, 0xFF, 0xFF, 0xFF, 0xE0, 0x00, 0x00, 0x00, 0x7F, 0xF0, 0x00,
    0x00, 0x00, 0x00, 0x7F, 0xF0, 0x00, 0x00, 0x00, 0x00, 0x7F, 0xF0, 0x00, 0x00, 0x00, 0x00, 0x7F,
    0xF0, 0x00, 0x00, 0x00, 0x00, 0x7F, 0xF0, 0x00, 0x00, 0x00, 0x00, 0x7F, 0xF0, 0x00, 0x00, 0x00,
    0x00, 0x7F, 0xF0, 0x00, 0x00, 0x00, 0x00, 0x7F, 0xF0, 0x00, 0x00, 0x00, 0x00, 0x7F, 0xF0, 0x00,
    0x00, 0x00, 0x00, 0x7F, 0xF0, 0x00, 0x00, 0x00, 0x00, 0x7F, 0xF0, 0x00, 0x1F, 0xFF, 0xFF, 0xFF,
    0xF0, 0x1F, 0xFF, 0xFF, 0xFF, 0xF0, 0x1F, 0xFF, 0xFF, 0xFF, 0xF0, 0x1F, 0xFF, 0xFF, 0xFF, 0xF0,
    0x1F, 0xFF, 0xFF, 0xFF, 0xF0, 0x1F, 0xFF, 0xFF, 0xFF, 0xF0, 0x1F, 0xFF, 0xFF, 0xFF, 0xF0, 0x1F,
    0xFF, 0xFF, 0xFF, 0xF0, 0x3F, 0xF8, 0x00, 0x00, 0x00, 0x3F, 0xF8, 0x00, 0x00, 0x00, 0x3F, 0xF8,
    0x00, 0x00, 0x00, 0x3F, 0xF8, 0x00, 0x00, 0x00, 0x3F, 0xF8, 0x00, 0x00, 0x00, 0x3F, 0xF8, 0x00,
    0x00, 0x00, 0x3F, 0xF8, 0x00, 0x00, 0x00, 0x3F, 0xF0, 0x00, 0x00, 0x00, 0x3F, 0xF0, 0x00, 0x00,
    0x00, 0x3F, 0xF0, 0x00, 0x00, 0x00, 0x3F, 0xF0, 0x00, 0x00, 0x00, 0x3F, 0xF0, 0x3F, 0xE0, 0x00,
    0x3F, 0xF1, 0xFF, 0xFC, 0x00, 0x3F, 0xF7, 0xFF, 0xFF, 0x00, 0x3F, 0xFF, 0xFF, 0xFF, 0x80, 0x3F,
    0xFF, 0xFF, 0xFF, 0xC0, 0x7F, 0xFF, 0xFF, 0xFF, 0xE0, 0x7F, 0xFF, 0xFF, 0xFF, 0xF0, 0x7F, 0xFF,
    0xFF, 0xFF, 0xF8, 0x7F, 0xFF, 0xFF, 0xFF, 0xF8, 0x7F, 0xFF, 0x01, 0xFF, 0xFC, 0x7F, 0xFC, 0x00,
    0x7F, 0xFC, 0x7F, 0xF8, 0x00, 0x3F, 0xFC, 0x00, 0x00, 0x00, 0x3F, 0xFE, 0x00, 0x00, 0x00, 0x1F,
    0xFE, 0x00, 0x00, 0x00, 0x1F, 0xFE, 0x00, 0x00, 0x00, 0x0F, 0xFE, 0x00, 0x00, 0x00, 0x0F, 0xFE,
    0x00, 0x00, 0x00, 0x0F, 0xFE, 0x00, 0x00, 0x00, 0x0F, 0xFE, 0x00, 0x00, 0x00, 0x0F, 0xFE, 0x00,
    0x00, 0x00, 0x0F, 0xFE, 0x00, 0x00, 0x00, 0x0F, 0xFE, 0x0F, 0xE0, 0x00, 0x1F, 0xFE, 0xFF, 0xE0,
    0x00, 0x1F, 0xFE, 0xFF, 0xE0, 0x00, 0x3F, 0xFC, 0xFF, 0xF0, 0x00, 0x3F, 0xFC, 0xFF, 0xF8, 0x00,
    0x7F, 0xFC, 0x7F, 0xFE, 0x01, 0xFF, 0xF8, 0x7F, 0xFF, 0xFF, 0xFF, 0xF8, 0x3F, 0xFF, 0xFF, 0xFF,
    0xF0, 0x1F, 0xFF, 0xFF, 0xFF, 0xE0, 0x0F, 0xFF, 0xFF, 0xFF, 0xC0, 0x07, 0xFF, 0xFF, 0xFF, 0x80,
    0x03, 0xFF, 0xFF, 0xFF, 0x00, 0x00, 0xFF, 0xFF, 0xFC, 0x00, 0x00, 0x3F, 0xFF, 0xF0, 0x00, 0x00,
    0x03, 0xFF, 0x00, 0x00, 0x00, 0x00, 0xFF, 0x80, 0x00, 0x00, 0x07, 0xFF, 0xF8, 0x00, 0x00, 0x1F,
    0xFF, 0xFC, 0x00, 0x00, 0x7F, 0xFF, 0xFF, 0x00, 0x00, 0xFF, 0xFF, 0xFF, 0x80, 0x01, 0xFF, 0xFF,
    0xFF, 0xC0, 0x03, 0xFF, 0xFF, 0xFF, 0xE0, 0x07, 0xFF, 0xFF, 0xFF, 0xE0, 0x07, 0xFF, 0xFF, 0xFF,
    0xF0, 0x0F, 0xFF, 0x80, 0xFF, 0xF0, 0x1F, 0xFE, 0x00, 0x7F, 0xF0, 0x1F, 0xFC, 0x00, 0x3F, 0xF8,
    0x1F, 0xFC, 0x00, 0x3F, 0xF8, 0x3F, 0xF8, 0x00, 0x1C, 0x00, 0x3F, 0xF8, 0x00, 0x00, 0x00, 0x3F,
    0xF0, 0x00, 0x00, 0x00, 0x7F, 0xF0, 0x00, 0x00, 0x00, 0x7F, 0xF0, 0x00, 0x00, 0x00, 0x7F, 0xE0,
    0x00, 0x00, 0x00, 0x7F, 0xE0, 0x00, 0x00, 0x00, 0x7F, 0xE0, 0x00, 0x00, 0x00, 0xFF, 0xE0, 0x1F,
    0xE0, 0x00, 0xFF, 0xE0, 0xFF, 0xFC, 0x00, 0xFF, 0xE3, 0xFF, 0xFF, 0x00, 0xFF, 0xE7, 0xFF, 0xFF,
    0x80, 0xFF, 0xEF, 0xFF, 0xFF, 0xC0, 0xFF, 0xFF, 0xFF, 0xFF, 0xE0, 0xFF, 0xFF, 0xFF, 0xFF, 0xF0,
    0xFF, 0xFF, 0xFF, 0xFF, 0xF0, 0xFF, 0xFF, 0x83, 0xFF, 0xF8, 0xFF, 0xFE, 0x00, 0xFF, 0xF8, 0xFF,
    0xFC, 0x00, 0x7F, 0xFC, 0xFF, 0xF8, 0x00, 0x3F, 0xFC, 0xFF, 0xF0, 0x00, 0x1F, 0xFC, 0xFF, 0xF0,
    0x00, 0x1F, 0xFC, 0xFF, 0xF0, 0x00, 0x1F, 0xFC, 0xFF, 0xF0, 0x00, 0x1F, 0xFE, 0xFF, 0xE0, 0x00,
    0x0F, 0xFE, 0x7F, 0xF0, 0x00, 0x0F, 0xFE, 0x7F, 0xF0, 0x00, 0x0F, 0xFE, 0x7F, 0xF0, 0x00, 0x1F,
    0xFE, 0x7F, 0xF0, 0x00, 0x1F, 0xFC, 0x3F, 0xF0, 0x00, 0x1F, 0xFC, 0x3F, 0xF8, 0x00, 0x1F, 0xFC,
    0x3F, 0xF8, 0x00, 0x3F, 0xFC, 0x1F, 0xFC, 0x00, 0x3F, 0xFC, 0x1F, 0xFE, 0x00, 0x7F, 0xF8, 0x1F,
    0xFF, 0x00, 0xFF, 0xF8, 0x0F, 0xFF, 0xFF, 0xFF, 0xF0, 0x07, 0xFF, 0xFF, 0xFF, 0xF0, 0x07, 0xFF,
    0xFF, 0xFF, 0xE0, 0x03, 0xFF, 0xFF, 0xFF, 0xC0, 0x01, 0xFF, 0xFF, 0xFF, 0x80, 0x00, 0x7F, 0xFF,
    0xFF, 0x00, 0x00, 0x3F, 0xFF, 0xFC, 0x00, 0x00, 0x0F, 0xFF, 0xF0, 0x00, 0x00, 0x01, 0xFF, 0x80,
    0x00, 0xFF, 0xFF, 0xFF, 0xFF, 0xFC, 0xFF, 0xFF, 0xFF, 0xFF, 0xFC, 0xFF, 0xFF, 0xFF, 0xFF, 0xFC,
    0xFF, 0xFF, 0xFF, 0xFF, 0xFC, 0xFF, 0xFF, 0xFF, 0xFF, 0xFC, 0xFF, 0xFF, 0xFF, 0xFF, 0xFC, 0xFF,
    0xFF, 0xFF, 0xFF, 0xFC, 0xFF, 0xFF, 0xFF, 0xFF, 0xFC, 0xFF, 0xFF, 0xFF, 0xFF, 0xFC, 0x00, 0x00,
    0x00, 0x1F, 0xF8, 0x00, 0x00, 0x00, 0x1F, 0xF8, 0x00, 0x00, 0x00, 0x3F, 0xF0, 0x00, 0x00, 0x00,
    0x7F, 0xF0, 0x00, 0x00, 0x00, 0x7F, 0xE0, 0x00, 0x00, 0x00, 0xFF, 0xC0, 0x00, 0x00, 0x01, 0xFF,
    0xC0, 0x00, 0x00, 0x01, 0xFF, 0x80, 0x00, 0x00, 0x03, 0xFF, 0x80, 0x00, 0x00, 0x07, 0xFF, 0x00,
    0x00, 0x00, 0x07, 0xFE, 0x00, 0x00, 0x00, 0x0F, 0xFE, 0x00, 0x00, 0x00, 0x0F, 0xFC, 0x00, 0x00,
    0x00, 0x1F, 0xFC, 0x00, 0x00, 0x00, 0x3F, 0xF8, 0x00, 0x00, 0x00, 0x3F, 0xF0, 0x00, 0x00, 0x00,
    0x7F, 0xF0, 0x00, 0x00, 0x00, 0x7F, 0xE0, 0x00, 0x00, 0x00, 0xFF, 0xE0, 0x00, 0x00, 0x00, 0xFF,
    0xC0, 0x00, 0x00, 0x01, 0xFF, 0xC0, 0x00, 0x00, 0x01, 0xFF, 0xC0, 0x00, 0x00, 0x03, 0xFF, 0x80,
    0x00, 0x00, 0x03, 0xFF, 0x80, 0x00, 0x00, 0x07, 0xFF, 0x00, 0x00, 0x00, 0x07, 0xFF, 0x00, 0x00,
    0x00, 0x0F, 0xFE, 0x00, 0x00, 0x00, 0x0F, 0xFE, 0x00, 0x00, 0x00, 0x0F, 0xFE, 0x00, 0x00, 0x00,
    0x1F, 0xFC, 0x00, 0x00, 0x00, 0x1F, 0xFC, 0x00, 0x00, 0x00, 0x1F, 0xFC, 0x00, 0x00, 0x00, 0x3F,
    0xFC, 0x00, 0x00, 0x00, 0x3F, 0xF8, 0x00, 0x00, 0x00, 0x3F, 0xF8, 0x00, 0x00, 0x00, 0x3F, 0xF8,
    0x00, 0x00, 0x00, 0x7F, 0xF8, 0x00, 0x00, 0x00, 0x7F, 0xF8, 0x00, 0x00, 0x00, 0x7F, 0xF0, 0x00,
    0x00, 0x00, 0x7F, 0xF0, 0x00, 0x00, 0x00, 0x7F, 0xF0, 0x00, 0x00, 0x00, 0x7F, 0xF0, 0x00, 0x00,
    0x00, 0x7F, 0xF0, 0x00, 0x00, 0x00, 0x7F, 0xF0, 0x00, 0x00, 0x00, 0xFF, 0xF0, 0x00, 0x00, 0x00,
    0xFF, 0xF0, 0x00, 0x00, 0x00, 0x03, 0xFF, 0x80, 0x00, 0x00, 0x3F, 0xFF, 0xF8, 0x00, 0x00, 0xFF,
    0xFF, 0xFE, 0x00, 0x03, 0xFF, 0xFF, 0xFF, 0x00, 0x07, 0xFF, 0xFF, 0xFF, 0xC0, 0x0F, 0xFF, 0xFF,
    0xFF, 0xE0, 0x1F, 0xFF, 0xFF, 0xFF, 0xE0, 0x1F, 0xFF, 0xFF, 0xFF, 0xF0, 0x3F, 0xFE, 0x01, 0xFF,
    0xF8, 0x3F, 0xFC, 0x00, 0x7F, 0xF8, 0x7F, 0xF8, 0x00, 0x7F, 0xF8, 0x7F, 0xF8, 0x00, 0x3F, 0xF8,
    0x7F, 0xF0, 0x00, 0x3F, 0xFC, 0x7F, 0xF0, 0x00, 0x3F, 0xFC, 0x7F, 0xF0, 0x00, 0x3F, 0xFC, 0x7F,
    0xF0, 0x00, 0x3F, 0xFC, 0x7F, 0xF0, 0x00, 0x3F, 0xFC, 0x7F, 0xF0, 0x00, 0x3F, 0xF8, 0x7F, 0xF0,
    0x00, 0x3F, 0xF8, 0x3F, 0xF8, 0x00, 0x3F, 0xF8, 0x3F, 0xF8, 0x00, 0x7F, 0xF0, 0x1F, 0xFC, 0x00,
    0xFF, 0xF0, 0x0F, 0xFF, 0x03, 0xFF, 0xE0, 0x07, 0xFF, 0xFF, 0xFF, 0xC0, 0x03, 0xFF, 0xFF, 0xFF,
    0x80, 0x01, 0xFF, 0xFF, 0xFE, 0x00, 0x00, 0x3F, 0xFF, 0xF0, 0x00, 0x00, 0x7F, 0xFF, 0xFC, 0x00,
    0x03, 0xFF, 0xFF, 0xFF, 0x00, 0x07, 0xFF, 0xFF, 0xFF, 0xC0, 0x0F, 0xFF, 0xFF, 0xFF, 0xE0, 0x1F,
    0xFE, 0x01, 0xFF, 0xF0, 0x3F, 0xFC, 0x00, 0x7F, 0xF8, 0x7F, 0xF8, 0x00, 0x3F, 0xF8, 0x7F, 0xF0,
    0x00, 0x1F, 0xFC, 0xFF, 0xF0, 0x00, 0x1F, 0xFC, 0xFF, 0xE0, 0x00, 0x1F, 0xFE, 0xFF, 0xE0, 0x00,
    0x0F, 0xFE, 0xFF, 0xE0, 0x00, 0x0F, 0xFE, 0xFF, 0xE0, 0x00, 0x0F, 0xFE, 0xFF, 0xE0, 0x00, 0x0F,
    0xFE, 0xFF, 0xE0, 0x00, 0x0F, 0xFE, 0xFF, 0xE0, 0x00, 0x1F, 0xFE, 0xFF, 0xE0, 0x00, 0x1F, 0xFE,
    0xFF, 0xF0, 0x00, 0x1F, 0xFE, 0xFF, 0xF0, 0x00, 0x1F, 0xFC, 0xFF, 0xF8, 0x00, 0x3F, 0xFC, 0x7F,
    0xFC, 0x00, 0x7F, 0xFC, 0x7F, 0xFE, 0x01, 0xFF, 0xF8, 0x3F, 0xFF, 0xFF, 0xFF, 0xF8, 0x1F, 0xFF,
    0xFF, 0xFF, 0xF0, 0x1F, 0xFF, 0xFF, 0xFF, 0xE0, 0x07, 0xFF, 0xFF, 0xFF, 0xC0, 0x03, 0xFF, 0xFF,
    0xFF, 0x80, 0x01, 0xFF, 0xFF, 0xFE, 0x00, 0x00, 0x3F, 0xFF, 0xF8, 0x00, 0x00, 0x07, 0xFF, 0x80,
    0x00, 0x00, 0x03, 0xFF, 0x00, 0x00, 0x00, 0x3F, 0xFF, 0xE0, 0x00, 0x00, 0xFF, 0xFF, 0xF8, 0x00,
    0x01, 0xFF, 0xFF, 0xFC, 0x00, 0x07, 0xFF, 0xFF, 0xFF, 0x00, 0x0F, 0xFF, 0xFF, 0xFF, 0x80, 0x1F,
    0xFF, 0xFF, 0xFF, 0x80, 0x1F, 0xFF, 0xFF, 0xFF, 0xC0, 0x3F, 0xFF, 0xFF, 0xFF, 0xE0, 0x3F, 0xFE,
    0x03, 0xFF, 0xE0, 0x7F, 0xFC, 0x00, 0xFF, 0xF0, 0x7F, 0xF8, 0x00, 0x7F, 0xF0, 0x7F, 0xF0, 0x00,
    0x7F, 0xF0, 0xFF, 0xF0, 0x00, 0x3F, 0xF8, 0xFF, 0xE0, 0x00, 0x3F, 0xF8, 0xFF, 0xE0, 0x00, 0x3F,
    0xF8, 0xFF, 0xE0, 0x00, 0x1F, 0xFC, 0xFF, 0xE0, 0x00, 0x1F, 0xFC, 0xFF, 0xE0, 0x00, 0x1F, 0xFC,
    0xFF, 0xE0, 0x00, 0x1F, 0xFC, 0xFF, 0xE0, 0x00, 0x1F, 0xFC, 0xFF, 0xE0, 0x00, 0x1F, 0xFC, 0xFF,
    0xE0, 0x00, 0x1F, 0xFC, 0xFF, 0xF0, 0x00, 0x3F, 0xFC, 0xFF, 0xF0, 0x00, 0x3F, 0xFC, 0x7F, 0xF8,
    0x00, 0x7F, 0xFC, 0x7F, 0xF8, 0x00, 0xFF, 0xFE, 0x7F, 0xFC, 0x01, 0xFF, 0xFE, 0x3F, 0xFF, 0x87,
    0xFF, 0xFE, 0x3F, 0xFF, 0xFF, 0xFF, 0xFC, 0x1F, 0xFF, 0xFF, 0xFF, 0xFC, 0x0F, 0xFF, 0xFF, 0xFF,
    0xFC, 0x07, 0xFF, 0xFF, 0xEF, 0xFC, 0x03, 0xFF, 0xFF, 0xCF, 0xFC, 0x01, 0xFF, 0xFF, 0x0F, 0xFC,
    0x00, 0x7F, 0xFE, 0x1F, 0xFC, 0x00, 0x1F, 0xF0, 0x1F, 0xFC, 0x00, 0x00, 0x00, 0x1F, 0xFC, 0x00,
    0x00, 0x00, 0x1F, 0xFC, 0x00, 0x00, 0x00, 0x1F, 0xF8, 0x00, 0x00, 0x00, 0x1F, 0xF8, 0x00, 0x00,
    0x00, 0x3F, 0xF8, 0x00, 0x00, 0x00, 0x3F, 0xF8, 0x01, 0xE0, 0x00, 0x7F, 0xF0, 0x7F, 0xF0, 0x00,
    0x7F, 0xF0, 0x7F, 0xF0, 0x00, 0xFF, 0xF0, 0x7F, 0xF8, 0x01, 0xFF, 0xE0, 0x3F, 0xFC, 0x03, 0xFF,
    0xE0, 0x3F, 0xFF, 0xFF, 0xFF, 0xC0, 0x1F, 0xFF, 0xFF, 0xFF, 0x80, 0x1F, 0xFF, 0xFF, 0xFF, 0x80,
    0x0F, 0xFF, 0xFF, 0xFF, 0x00, 0x07, 0xFF, 0xFF, 0xFE, 0x00, 0x03, 0xFF, 0xFF, 0xF8, 0x00, 0x01,
    0xFF, 0xFF, 0xF0, 0x00, 0x00, 0x7F, 0xFF, 0xC0, 0x00, 0x00, 0x07, 0xFE, 0x00, 0x00,
};
static const FontGlyph font_digits_glyphs[] = {
    {0x002B, 0, 40, 41, 3, 47, 47},
    {0x0030, 205, 38, 57, 3, 56, 44},
    {0x0031, 490, 37, 55, 5, 55, 44},
    {0x0032, 765, 38, 56, 3, 56, 44},
    {0x0033, 1045, 40, 57, 2, 56, 44},
    {0x0034, 1330, 43, 55, 1, 55, 44},
    {0x0035, 1660, 39, 56, 3, 55, 44},
    {0x0036, 1940, 39, 57, 3, 56, 44},
    {0x0037, 2225, 38, 55, 3, 55, 44},
    {0x0038, 2500, 39, 57, 3, 56, 44},
    {0x0039, 2785, 39, 57, 3, 56, 44},
};
const Font FONT_DIGITS = {font_digits_glyphs, 11, font_digits_bitmap, 73, 17};
